match_id,team1_name,team2_name,team1_strength,team2_strength,team1_form_runs,team2_form_runs,team1_form_runs_ipl,team2_form_runs_ipl,team1_strike_rate,team2_strike_rate,team1_economy,team2_economy,team1_total_runs,team2_total_runs,venue,match_date,team1_momentum,team2_momentum,team1_venue_momentum,team2_venue_momentum,second_innings_dew_prior,team1_bat_first_ratio,team2_bat_first_ratio,team1_chase_ratio,team2_chase_ratio,team1_bowl_first_stingy,team2_bowl_first_stingy,team1_bowl_second_stingy,team2_bowl_second_stingy,team1_pp_bat_ratio,team2_pp_bat_ratio,team1_death_bat_ratio,team2_death_bat_ratio,team1_death_bowl_stingy,team2_death_bowl_stingy,team1_bat_dom,team2_bat_dom,team1_bowl_dom,team2_bowl_dom,team1_field_dom,team2_field_dom,season,h2h_team1_win_prior,toss_team1_won,team1_bats_first_signal,team1_season_win_pct_prior,team2_season_win_pct_prior,team1_season_run_margin_prior,team2_season_run_margin_prior,team1_lineup_bowler_share,team2_lineup_bowler_share,team1_avg_form_pp_sr,team2_avg_form_pp_sr,team1_avg_form_mid_sr,team2_avg_form_mid_sr,team1_avg_form_death_sr,team2_avg_form_death_sr,match_humidity_prior,match_rain_risk,team1_injury_availability,team2_injury_availability,winner,winner_source
1216492,Chennai Super Kings,Mumbai Indians,0.0,0.0,0.0,0.0,0.0,0.0,0.0,0.0,0.0,0.0,111.0,114.0,"M Chinnaswamy Stadium, Bengaluru",2020-09-19,0.5,0.5,0.5,0.5,0.0,0.954963452016034,0.9195944352746992,1.0670731707317074,1.1928353658536586,0.8863113897596657,0.8315686274509805,0.954181818181818,1.2148148148148148,1.068556108770586,1.061662198391421,1.0982367758186398,1.1365239294710328,0.9363207547169812,1.2822997416020672,-0.0451861204573582,0.3259855832995194,-0.3037416169745134,-0.7272050706755269,-0.2857491243233013,-0.7194063319684201,2020/21,0.5,1.0,0.0,0.5,0.5,0.0,0.0,0.5,0.2727272727272727,0.0,0.0,0.0,0.0,0.0,0.0,0.0,0.0,1.0,1.0,team1,official
1216493,Delhi Capitals,Kings XI Punjab,0.0,0.0,0.0,0.0,0.0,0.0,0.0,0.0,0.0,0.0,83.0,107.0,"M Chinnaswamy Stadium, Bengaluru",2020-09-20,0.5,0.5,0.5,0.5,0.0,1.0,1.4147606696533837,1.0492886178861789,1.1070884146341464,1.0318734793187347,1.0061684460260971,1.0,1.0330708661417325,0.9766373037150518,1.167368824205285,1.0377833753148615,1.1002518891687656,1.1408045977011496,0.9452380952380952,-0.098979121001832,2.222188852492264,-0.2539223871273355,-0.2383538778000923,-0.2547736094915072,-0.23928585207561,2020/21,0.5,0.0,1.0,0.5,0.5,0.0,0.0,0.2727272727272727,0.36363636363636365,0.0,0.0,0.0,0.0,0.0,0.0,0.0,0.0,1.0,1.0,tie,official
1216534,Royal Challengers Bangalore,Sunrisers Hyderabad,0.0,0.0,0.0,0.0,0.0,0.0,0.0,0.0,0.0,0.0,102.0,106.0,"M Chinnaswamy Stadium, Bengaluru",2020-09-21,0.5,0.5,0.5,0.5,0.0,1.0964395189813725,1.0176171388149695,1.1242378048780488,1.0,1.1131233595800525,1.0,0.954181818181818,0.94680412371134,0.9536576024511682,0.9257536794878808,0.9269521410579344,1.2004318100035984,1.0614973262032086,1.3703155818540436,0.8423983885264796,-0.098979121001832,2.778823229819627,-0.2539223871273355,2.780826844024323,-0.2547736094915072,2020/21,0.5,0.0,1.0,0.5,0.5,0.0,0.0,0.5454545454545454,0.5454545454545454,0.0,0.0,0.0,0.0,0.0,0.0,0.0,0.0,1.0,1.0,team1,official
1216496,Chennai Super Kings,Rajasthan Royals,27.827272727272728,0.0,5.636363636363637,0.0,5.636363636363637,0.0,84.6969696969697,0.0,3.91905063460791,0.0,112.0,130.0,"M Chinnaswamy Stadium, Bengaluru",2020-09-22,1.0,0.5,1.0,0.5,0.0,0.954963452016034,0.9738269276114124,1.0670731707317074,0.8663617886178863,0.8863113897596657,1.0471604938271606,0.954181818181818,1.0040816326530613,1.068556108770586,1.0570662581386443,1.0982367758186398,0.801007556675063,0.9363207547169812,0.8822222222222222,-0.0451861204573582,-0.8090467281889042,-0.3037416169745134,0.0014011658394522,-0.2857491243233013,-0.0069694908371532,2020/21,0.5,1.0,0.0,1.0,0.5,-3.0,0.0,0.45454545454545453,0.4,35.714285714285715,0.0,15.584415584415583,0.0,65.75757575757575,0.0,0.0,0.0,1.0,1.0,team2,official
1216508,Kolkata Knight Riders,Mumbai Indians,0.0,39.663245845064026,0.0,10.363636363636363,0.0,10.363636363636363,0.0,118.11991039263766,0.0,5.881818181818182,108.0,119.0,"M Chinnaswamy Stadium, Bengaluru",2020-09-23,0.5,0.0,0.5,0.0,0.0,1.056354633341193,0.9195944352746992,0.932418699186992,1.1928353658536586,1.06025,0.8315686274509805,0.946153846153846,1.2148148148148148,0.9728073535044044,1.061662198391421,1.1032745591939546,1.1365239294710328,0.9363207547169812,1.2822997416020672,-0.1527721215463077,0.3259855832995194,-0.6213392072502736,-0.7272050706755269,-0.6264797874730375,-0.7194063319684201,2020/21,0.5,1.0,0.0,0.5,0.0,0.0,3.0,0.2727272727272727,0.36363636363636365,0.0,39.81018981018981,0.0,70.81741787624141,0.0,42.42424242424243,0.0,0.0,1.0,1.0,team2,official
1216510,Kings XI Punjab,Royal Challengers Bangalore,15.169696969696968,23.59166666666667,7.7,9.272727272727273,7.7,9.272727272727273,39.898989898989896,65.82070707070707,1.8166666666666669,5.715021876519202,126.0,86.0,"M Chinnaswamy Stadium, Bengaluru",2020-09-24,0.5,1.0,0.5,1.0,0.0,1.4147606696533837,1.0964395189813725,1.1070884146341464,1.1242378048780488,1.0061684460260971,1.1131233595800525,1.0330708661417325,0.954181818181818,1.167368824205285,0.9536576024511682,1.1002518891687656,0.9269521410579344,0.9452380952380952,1.0614973262032086,2.222188852492264,0.8423983885264796,-0.2383538778000923,2.778823229819627,-0.23928585207561,2.780826844024323,2020/21,0.5,0.0,1.0,0.0,1.0,24.0,-4.0,0.6,0.36363636363636365,35.930735930735935,27.02020202020202,13.333333333333332,49.368686868686865,23.571428571428573,32.57575757575758,0.0,0.0,1.0,1.0,team1,official
1216539,Chennai Super Kings,Delhi Capitals,31.837891456369714,31.794285714285714,8.272727272727273,7.4,8.272727272727273,7.4,94.82327455153542,95.71428571428571,3.7474041051827425,3.456275303643725,91.0,105.0,"M Chinnaswamy Stadium, Bengaluru",2020-09-25,0.5,0.5,0.5,0.5,0.0,0.954963452016034,1.0,1.0670731707317074,1.0492886178861789,0.8863113897596657,1.0318734793187347,0.954181818181818,1.0,1.068556108770586,0.9766373037150518,1.0982367758186398,1.0377833753148615,0.9363207547169812,1.1408045977011496,-0.0451861204573582,-0.098979121001832,-0.3037416169745134,-0.2539223871273355,-0.2857491243233013,-0.2547736094915072,2020/21,0.5,1.0,0.0,0.5,0.0,-10.5,-24.0,0.45454545454545453,0.5,40.25974025974026,32.333333333333336,61.163419913419915,42.79761904761905,77.01298701298701,60.0,0.0,0.0,1.0,1.0,team2,official
1216545,Kolkata Knight Riders,Sunrisers Hyderabad,36.34905548996458,30.673636363636366,9.727272727272727,8.5,9.727272727272727,8.5,107.9210940574577,90.71212121212122,4.8401613537977175,3.5817582417582416,82.0,94.0,"M Chinnaswamy Stadium, Bengaluru",2020-09-26,0.0,0.0,0.0,0.0,0.0,1.056354633341193,1.0176171388149695,0.932418699186992,1.0,1.06025,1.0,0.946153846153846,0.94680412371134,0.9728073535044044,0.9257536794878808,1.1032745591939546,1.2004318100035984,0.9363207547169812,1.3703155818540436,-0.1527721215463077,-0.098979121001832,-0.6213392072502736,-0.2539223871273355,-0.6264797874730375,-0.2547736094915072,2020/21,0.5,0.0,0.0,0.0,0.0,-11.0,4.0,0.6363636363636364,0.4,56.493506493506494,54.44444444444444,55.96320346320346,60.23076923076924,34.41558441558441,28.666666666666664,0.0,0.0,1.0,1.0,team1,official
1216527,Kings XI Punjab,Rajasthan Royals,18.653006253006254,37.53051948051947,10.5,11.272727272727273,8.444444444444445,11.272727272727273,50.47298380631714,109.7077922077922,5.026896415131709,4.592307692307693,121.0,141.0,"M Chinnaswamy Stadium, Bengaluru",2020-09-27,0.75,1.0,0.75,1.0,0.0,1.4147606696533837,0.9738269276114124,1.1070884146341464,0.8663617886178863,1.0061684460260971,1.0471604938271606,1.0330708661417325,1.0040816326530613,1.167368824205285,1.0570662581386443,1.1002518891687656,0.801007556675063,0.9452380952380952,0.8822222222222222,2.222188852492264,-0.8090467281889042,-0.2383538778000923,0.0014011658394522,-0.23928585207561,-0.0069694908371532,2020/21,0.5,0.0,1.0,0.5,1.0,32.0,18.0,0.5555555555555556,0.45454545454545453,42.55411255411255,35.10101010101011,45.03367003367003,60.26640026640027,57.30158730158731,61.060606060606055,0.0,0.0,1.0,1.0,team2,official
1216547,Mumbai Indians,Royal Challengers Bangalore,34.5556209674978,30.671486185383248,8.409090909090908,9.3,8.409090909090908,10.1,103.65510019468965,88.37162061794416,5.736124401913876,3.7132620320855616,132.0,136.0,"M Chinnaswamy Stadium, Bengaluru",2020-09-28,0.5,0.5,0.5,0.5,0.0,0.9195944352746992,1.0964395189813725,1.1928353658536586,1.1242378048780488,0.8315686274509805,1.1131233595800525,1.2148148148148148,0.954181818181818,1.061662198391421,0.9536576024511682,1.1365239294710328,0.9269521410579344,1.2822997416020672,1.0614973262032086,0.3259855832995194,0.8423983885264796,-0.7272050706755269,2.778823229819627,-0.7194063319684201,2.780826844024323,2020/21,0.5,1.0,0.0,0.5,0.5,7.0,-22.0,0.45454545454545453,0.5,34.06093906093906,52.1468253968254,68.14935064935065,83.5813492063492,78.03030303030303,55.833333333333336,0.0,0.0,1.0,1.0,tie,official
1216532,Delhi Capitals,Sunrisers Hyderabad,34.89725977347461,26.587175324675318,8.681818181818182,7.6,8.681818181818182,7.6,104.38480530552143,78.2905844155844,3.7697355276302646,5.250651848151849,98.0,108.0,"M Chinnaswamy Stadium, Bengaluru",2020-09-29,0.75,0.0,0.75,0.0,0.0,1.0,1.0176171388149695,1.0492886178861789,1.0,1.0318734793187347,1.0,1.0,0.94680412371134,0.9766373037150518,0.9257536794878808,1.0377833753148615,1.2004318100035984,1.1408045977011496,1.3703155818540436,-0.098979121001832,-0.098979121001832,-0.2539223871273355,-0.2539223871273355,-0.2547736094915072,-0.2547736094915072,2020/21,0.5,1.0,0.0,0.5,0.0,-5.0,8.0,0.36363636363636365,0.5,44.14207005116096,49.64646464646464,77.43260527351437,73.81410256410257,78.7878787878788,39.0,0.0,0.0,1.0,1.0,team2,official
1216504,Kolkata Knight Riders,Rajasthan Royals,32.85908762954218,44.63607715813598,8.590909090909092,12.227272727272727,8.590909090909092,12.227272727272727,97.8939284621103,132.3020753756048,6.379171585989767,6.8073699028244485,128.0,99.0,"M Chinnaswamy Stadium, Bengaluru",2020-09-30,0.5,1.0,0.5,1.0,0.0,1.056354633341193,0.9738269276114124,0.932418699186992,0.8663617886178863,1.06025,1.0471604938271606,0.946153846153846,1.0040816326530613,0.9728073535044044,1.0570662581386443,1.1032745591939546,0.801007556675063,0.9363207547169812,0.8822222222222222,-0.1527721215463077,-0.8090467281889042,-0.6213392072502736,0.0014011658394522,-0.6264797874730375,-0.0069694908371532,2020/21,0.5,0.0,1.0,0.5,1.0,-11.5,19.0,0.36363636363636365,0.2727272727272727,43.20887445887446,50.08887577069395,60.982628482628485,56.77090066795949,99.56709956709956,94.16666666666669,0.0,0.0,1.0,1.0,team1,official
1216503,Kings XI Punjab,Mumbai Indians,33.69666141938869,41.539387132331754,12.484848484848483,13.363636363636363,11.5,13.363636363636363,96.67068957978049,120.40401771383313,5.363680348172327,5.942607493054757,113.0,116.0,"M Chinnaswamy Stadium, Bengaluru",2020-10-01,0.5,0.5,0.5,0.5,0.0,1.4147606696533837,0.9195944352746992,1.1070884146341464,1.1928353658536586,1.0061684460260971,0.8315686274509805,1.0330708661417325,1.2148148148148148,1.167368824205285,1.061662198391421,1.1002518891687656,1.1365239294710328,0.9452380952380952,1.2822997416020672,2.222188852492264,0.3259855832995194,-0.2383538778000923,-0.7272050706755269,-0.23928585207561,-0.7194063319684201,2020/21,0.5,1.0,0.0,0.3333333333333333,0.3333333333333333,14.666666666666666,3.3333333333333335,0.2727272727272727,0.45454545454545453,39.985132712405445,68.37828837828839,87.064639905549,91.52597402597402,96.66666666666666,140.021645021645,0.0,0.0,1.0,1.0,team2,official
1216516,Chennai Super Kings,Sunrisers Hyderabad,35.90358525971174,36.74053673906154,12.121212121212123,11.151515151515152,12.121212121212123,11.151515151515152,103.27457712833207,107.34219317060916,3.699106445201295,4.5757711984984715,107.0,115.0,"M Chinnaswamy Stadium, Bengaluru",2020-10-02,0.3333333333333333,0.3333333333333333,0.3333333333333333,0.3333333333333333,0.0,0.954963452016034,1.0176171388149695,1.0670731707317074,1.0,0.8863113897596657,1.0,0.954181818181818,0.94680412371134,1.068556108770586,0.9257536794878808,1.0982367758186398,1.2004318100035984,0.9363207547169812,1.3703155818540436,-0.0451861204573582,-0.098979121001832,-0.3037416169745134,-0.2539223871273355,-0.2857491243233013,-0.2547736094915072,2020/21,0.5,0.0,0.0,0.3333333333333333,0.3333333333333333,-11.666666666666666,8.666666666666666,0.36363636363636365,0.45454545454545453,56.56926406926407,42.56198347107438,83.8663987527624,96.77156177156176,58.56421356421356,75.78643578643579,0.0,0.0,1.0,1.0,team2,official
1216514,Rajasthan Royals,Royal Challengers Bangalore,43.855653170359055,33.787700191964895,11.181818181818182,10.733333333333333,11.181818181818182,11.85,131.0946014769544,96.47566730654965,6.554751220259241,6.3650715134538665,108.0,105.0,"M Chinnaswamy Stadium, Bengaluru",2020-10-03,0.6666666666666666,0.5,0.6666666666666666,0.5,0.0,0.9738269276114124,1.0964395189813725,0.8663617886178863,1.1242378048780488,1.0471604938271606,1.1131233595800525,1.0040816326530613,0.954181818181818,1.0570662581386443,0.9536576024511682,0.801007556675063,0.9269521410579344,0.8822222222222222,1.0614973262032086,-0.8090467281889042,0.8423983885264796,0.0014011658394522,2.778823229819627,-0.0069694908371532,2.780826844024323,2020/21,0.5,1.0,1.0,0.6666666666666666,0.3333333333333333,3.0,-13.333333333333334,0.2727272727272727,0.6,48.01740347194893,61.439153439153436,101.67063328828034,83.09656084656085,104.3939393939394,64.43181818181817,0.0,0.0,1.0,1.0,team2,official
1216515,Delhi Capitals,Kolkata Knight Riders,39.844073360569524,39.012013827922914,8.909090909090908,9.666666666666668,8.909090909090908,9.666666666666668,120.5256990806863,116.9390359920663,3.5513222845266186,4.938383838383838,150.0,136.0,"M Chinnaswamy Stadium, Bengaluru",2020-10-03,0.5,0.6666666666666666,0.5,0.6666666666666666,0.0,1.0,1.056354633341193,1.0492886178861789,0.932418699186992,1.0318734793187347,1.06025,1.0,0.946153846153846,0.9766373037150518,0.9728073535044044,1.0377833753148615,1.1032745591939546,1.1408045977011496,0.9363207547169812,-0.098979121001832,-0.1527721215463077,-0.2539223871273355,-0.6213392072502736,-0.2547736094915072,-0.6264797874730375,2020/21,0.5,0.0,1.0,0.3333333333333333,0.6666666666666666,-6.666666666666667,2.0,0.5454545454545454,0.45454545454545453,50.65279417552144,45.541125541125545,82.47310770038042,65.71935219662492,90.05050505050507,108.008658008658,0.0,0.0,1.0,1.0,team1,official
1216513,Chennai Super Kings,Kings XI Punjab,28.988710111020694,28.117768595041323,7.96875,9.818181818181818,7.96875,9.333333333333334,85.59778370340231,81.03902662993572,7.449824979103713,4.739957457871896,74.0,122.0,"M Chinnaswamy Stadium, Bengaluru",2020-10-04,0.25,0.375,0.25,0.375,0.0,0.954963452016034,1.4147606696533837,1.0670731707317074,1.1070884146341464,0.8863113897596657,1.0061684460260971,0.954181818181818,1.0330708661417325,1.068556108770586,1.167368824205285,1.0982367758186398,1.1002518891687656,0.9363207547169812,0.9452380952380952,-0.0451861204573582,2.222188852492264,-0.3037416169745134,-0.2383538778000923,-0.2857491243233013,-0.23928585207561,2020/21,0.5,0.0,0.0,0.25,0.25,-10.75,10.25,0.75,0.45454545454545453,39.97936958874459,40.21612226157681,75.63244047619048,64.50380427653155,74.10218253968254,105.15151515151514,0.0,0.0,1.0,1.0,team1,official
1216538,Mumbai Indians,Sunrisers Hyderabad,40.54970351941199,40.02572427802696,11.636363636363637,12.0,11.636363636363637,12.0,119.40052688288846,117.23726274493838,5.6367104044800636,4.616597039324312,138.0,125.0,"M Chinnaswamy Stadium, Bengaluru",2020-10-04,0.625,0.5,0.625,0.5,0.0,0.9195944352746992,1.0176171388149695,1.1928353658536586,1.0,0.8315686274509805,1.0,1.2148148148148148,0.94680412371134,1.061662198391421,0.9257536794878808,1.1365239294710328,1.2004318100035984,1.2822997416020672,1.3703155818540436,0.3259855832995194,-0.098979121001832,-0.7272050706755269,-0.2539223871273355,-0.7194063319684201,-0.2547736094915072,2020/21,0.5,1.0,1.0,0.5,0.5,3.25,8.5,0.45454545454545453,0.36363636363636365,64.94172494172494,38.3368315186497,90.09199134199133,87.78166278166279,137.6803751803752,96.26623376623378,0.0,0.0,1.0,1.0,team1,official
1216519,Delhi Capitals,Royal Challengers Bangalore,45.077535539907664,31.468155643247187,10.21969696969697,9.704545454545455,10.21969696969697,10.363636363636363,136.2230982643387,90.75748850779367,4.756651864217654,4.190706997993094,148.0,97.0,"M Chinnaswamy Stadium, Bengaluru",2020-10-05,0.625,0.625,0.625,0.625,0.0,1.0,1.0964395189813725,1.0492886178861789,1.1242378048780488,1.0318734793187347,1.1131233595800525,1.0,0.954181818181818,0.9766373037150518,0.9536576024511682,1.0377833753148615,0.9269521410579344,1.1408045977011496,1.0614973262032086,-0.098979121001832,0.8423983885264796,-0.2539223871273355,2.778823229819627,-0.2547736094915072,2.780826844024323,2020/21,0.5,0.0,1.0,0.5,0.5,-1.5,-10.75,0.45454545454545453,0.2727272727272727,54.949822904368354,57.98340548340548,94.7516561721107,74.94378306878308,126.06060606060606,73.89807162534436,0.0,0.0,1.0,1.0,team1,official
1216511,Mumbai Indians,Rajasthan Royals,46.52733312400899,52.00975935828877,11.63030303030303,13.280303030303031,11.63030303030303,13.280303030303031,139.31131243356532,155.45424836601308,5.600222374933458,5.159968373872117,134.0,100.0,"M Chinnaswamy Stadium, Bengaluru",2020-10-06,0.7,0.5,0.7,0.5,0.0,0.9195944352746992,0.9738269276114124,1.1928353658536586,0.8663617886178863,0.8315686274509805,1.0471604938271606,1.2148148148148148,1.0040816326530613,1.061662198391421,1.0570662581386443,1.1365239294710328,0.801007556675063,1.2822997416020672,0.8822222222222222,0.3259855832995194,-0.8090467281889042,-0.7272050706755269,0.0014011658394522,-0.7194063319684201,-0.0069694908371532,2020/21,0.5,1.0,1.0,0.6,0.5,5.2,3.0,0.45454545454545453,0.2727272727272727,64.73043623043624,65.47192706283614,96.29606504606504,99.4617018688226,152.02934102934103,110.16233766233766,0.0,0.0,1.0,1.0,team1,official
1216501,Chennai Super Kings,Kolkata Knight Riders,34.1279890001843,43.3892002485876,10.67878787878788,11.840909090909092,10.67878787878788,11.840909090909092,99.25794313192746,128.63824325286777,4.7278398332599005,5.6473973664481685,110.0,119.0,"M Chinnaswamy Stadium, Bengaluru",2020-10-07,0.4,0.5,0.4,0.5,0.0,0.954963452016034,1.056354633341193,1.0670731707317074,0.932418699186992,0.8863113897596657,1.06025,0.954181818181818,0.946153846153846,1.068556108770586,0.9728073535044044,1.0982367758186398,1.1032745591939546,0.9363207547169812,0.9363207547169812,-0.0451861204573582,-0.1527721215463077,-0.3037416169745134,-0.6213392072502736,-0.2857491243233013,-0.6264797874730375,2020/21,0.5,0.0,0.0,0.4,0.5,-18.2,-2.0,0.36363636363636365,0.45454545454545453,50.7577725304998,44.7668240850059,109.26400304241214,80.11480943299125,77.57575757575756,110.96681096681097,0.0,0.0,1.0,1.0,team2,official
1216542,Kings XI Punjab,Sunrisers Hyderabad,28.425889867708047,37.21502463852455,10.0,11.233333333333333,9.659090909090908,11.233333333333333,81.69236016508744,108.85715283548588,3.5326586069901578,7.435447078174351,86.0,126.0,"M Chinnaswamy Stadium, Bengaluru",2020-10-08,0.3,0.4,0.3,0.4,0.0,1.4147606696533837,1.0176171388149695,1.1070884146341464,1.0,1.0061684460260971,1.0,1.0330708661417325,0.94680412371134,1.167368824205285,0.9257536794878808,1.1002518891687656,1.2004318100035984,0.9452380952380952,1.3703155818540436,2.222188852492264,-0.098979121001832,-0.2383538778000923,-0.2539223871273355,-0.23928585207561,-0.2547736094915072,2020/21,0.5,0.0,0.0,0.2,0.4,17.8,4.2,0.45454545454545453,0.36363636363636365,40.61734225370589,40.456021251475796,64.07131378722289,90.92644392644392,79.9062049062049,89.83405483405483,0.0,0.0,1.0,1.0,team2,official
1216500,Delhi Capitals,Rajasthan Royals,46.174855955279966,34.163738222561754,10.845454545454546,10.363636363636363,10.845454545454546,10.363636363636363,139.06164106305445,99.86094559035736,4.823071972746895,3.7256162019798382,124.0,108.0,"M Chinnaswamy Stadium, Bengaluru",2020-10-09,0.7,0.4,0.7,0.4,0.0,1.0,0.9738269276114124,1.0492886178861789,0.8663617886178863,1.0318734793187347,1.0471604938271606,1.0,1.0040816326530613,0.9766373037150518,1.0570662581386443,1.0377833753148615,0.801007556675063,1.1408045977011496,0.8822222222222222,-0.098979121001832,-0.8090467281889042,-0.2539223871273355,0.0014011658394522,-0.2547736094915072,-0.0069694908371532,2020/21,0.5,0.0,1.0,0.6,0.4,9.0,-4.4,0.2727272727272727,0.36363636363636365,58.402166015802386,57.70654597927325,86.84269097905462,104.1323440491397,127.71861471861472,62.30248917748918,0.0,0.0,1.0,1.0,team1,official
1216523,Kings XI Punjab,Kolkata Knight Riders,34.61677500365247,41.89835842791376,10.709090909090909,12.4,10.036363636363637,12.4,101.66197728490219,122.95058869910649,6.584969377028201,4.646539145955836,103.0,115.0,"M Chinnaswamy Stadium, Bengaluru",2020-10-10,0.2,0.6,0.2,0.6,0.0,1.4147606696533837,1.056354633341193,1.1070884146341464,0.932418699186992,1.0061684460260971,1.06025,1.0330708661417325,0.946153846153846,1.167368824205285,0.9728073535044044,1.1002518891687656,1.1032745591939546,0.9452380952380952,0.9363207547169812,2.222188852492264,-0.1527721215463077,-0.2383538778000923,-0.6213392072502736,-0.23928585207561,-0.6264797874730375,2020/21,0.5,0.0,0.0,0.16666666666666666,0.6,8.166666666666666,0.2,0.45454545454545453,0.36363636363636365,54.69387178478087,59.124606454151916,83.93405020410368,100.51962053098417,64.53823953823952,117.91726791726792,0.0,0.0,1.0,1.0,team2,official
1216525,Chennai Super Kings,Royal Challengers Bangalore,30.28453525037679,35.6249643397949,9.781818181818181,10.273333333333333,9.781818181818181,10.708333333333334,87.49996598610446,104.18043668820523,5.414908713811753,4.712767438100255,94.0,114.0,"M Chinnaswamy Stadium, Bengaluru",2020-10-10,0.2,0.5,0.2,0.5,0.0,0.954963452016034,1.0964395189813725,1.0670731707317074,1.1242378048780488,0.8863113897596657,1.1131233595800525,0.954181818181818,0.954181818181818,1.068556108770586,0.9536576024511682,1.0982367758186398,0.9269521410579344,0.9363207547169812,1.0614973262032086,-0.0451861204573582,0.8423983885264796,-0.3037416169745134,2.778823229819627,-0.2857491243233013,2.780826844024323,2020/21,0.5,0.0,0.0,0.3333333333333333,0.4,-16.666666666666668,-18.8,0.36363636363636365,0.4,46.45374322647049,62.22440476190476,89.8922952047952,88.04745370370371,76.61255411255412,76.56565656565655,0.0,0.0,1.0,1.0,team2,official
1216507,Rajasthan Royals,Sunrisers Hyderabad,34.774928905881616,29.521977937750574,8.031818181818181,10.113636363636363,8.031818181818181,10.113636363636363,105.07097514081752,84.67780524704736,6.35066365452729,7.311301844323236,105.0,115.0,"M Chinnaswamy Stadium, Bengaluru",2020-10-11,0.2,0.6,0.2,0.6,0.0,0.9738269276114124,1.0176171388149695,0.8663617886178863,1.0,1.0471604938271606,1.0,1.0040816326530613,0.94680412371134,1.0570662581386443,0.9257536794878808,0.801007556675063,1.2004318100035984,0.8822222222222222,1.3703155818540436,-0.8090467281889042,-0.098979121001832,0.0014011658394522,-0.2539223871273355,-0.0069694908371532,-0.2547736094915072,2020/21,0.5,0.0,0.0,0.3333333333333333,0.5,-6.333333333333333,10.166666666666666,0.36363636363636365,0.5454545454545454,45.69933097205824,40.009773055227605,101.38066590272473,80.20835809071103,85.16233766233766,64.51659451659452,0.0,0.0,1.0,1.0,team1,official
1216529,Delhi Capitals,Mumbai Indians,36.27865539113822,36.93664766250387,8.831818181818182,11.77727272727273,8.831818181818182,11.77727272727273,108.66066948561227,107.09185584470988,4.699352279986955,5.267191223078777,99.0,119.0,"M Chinnaswamy Stadium, Bengaluru",2020-10-11,0.8,0.9,0.8,0.9,0.0,1.0,0.9195944352746992,1.0492886178861789,1.1928353658536586,1.0318734793187347,0.8315686274509805,1.0,1.2148148148148148,0.9766373037150518,1.061662198391421,1.0377833753148615,1.1365239294710328,1.1408045977011496,1.2822997416020672,-0.098979121001832,0.3259855832995194,-0.2539223871273355,-0.7272050706755269,-0.2547736094915072,-0.7194063319684201,2020/21,0.5,1.0,1.0,0.6666666666666666,0.6666666666666666,10.166666666666666,10.0,0.45454545454545453,0.45454545454545453,53.67023128386765,67.3193624557261,73.03631553631554,86.22141747141747,82.34848484848486,158.79689754689755,0.0,0.0,1.0,1.0,team2,official
1216540,Kolkata Knight Riders,Royal Challengers Bangalore,37.260543742599076,35.4943388608677,10.951515151515151,9.985,10.951515151515151,10.425,109.30888318240096,103.77946286955901,5.297880719993019,5.502399592796264,83.0,118.0,"M Chinnaswamy Stadium, Bengaluru",2020-10-12,0.8,0.5,0.8,0.5,0.0,1.056354633341193,1.0964395189813725,0.932418699186992,1.1242378048780488,1.06025,1.1131233595800525,0.946153846153846,0.954181818181818,0.9728073535044044,0.9536576024511682,1.1032745591939546,0.9269521410579344,0.9363207547169812,1.0614973262032086,-0.1527721215463077,0.8423983885264796,-0.6213392072502736,2.778823229819627,-0.6264797874730375,2.780826844024323,2020/21,0.5,0.0,0.0,0.6666666666666666,0.5,2.1666666666666665,-12.333333333333334,0.2727272727272727,0.6,49.437557392102846,60.134126984126986,85.0207620662166,70.52061711436713,124.98797498797498,86.7929292929293,0.0,0.0,1.0,1.0,team2,official
1216528,Chennai Super Kings,Sunrisers Hyderabad,37.342723656173895,26.956964163645893,9.313636363636364,9.495454545454546,9.313636363636364,9.495454545454546,111.74392733876147,76.99139569700145,6.439507472895807,6.042643256921331,115.0,111.0,"M Chinnaswamy Stadium, Bengaluru",2020-10-13,0.2,0.6,0.2,0.6,0.0,0.954963452016034,1.0176171388149695,1.0670731707317074,1.0,0.8863113897596657,1.0,0.954181818181818,0.94680412371134,1.068556108770586,0.9257536794878808,1.0982367758186398,1.2004318100035984,0.9363207547169812,1.3703155818540436,-0.0451861204573582,-0.098979121001832,-0.3037416169745134,-0.2539223871273355,-0.2857491243233013,-0.2547736094915072,2020/21,0.0,1.0,1.0,0.2857142857142857,0.42857142857142855,-17.142857142857142,10.142857142857142,0.45454545454545453,0.36363636363636365,40.984439802621615,35.134723861996584,94.17581302140125,64.4743513567043,118.16017316017314,58.40788840788841,0.0,0.0,1.0,1.0,team1,official
1216543,Delhi Capitals,Rajasthan Royals,42.734469752092835,36.97693743656662,9.927272727272728,7.678787878787879,9.927272727272728,7.678787878787879,128.84823250697613,112.84837731380793,4.044708593311182,6.956689976689978,101.0,110.0,"M Chinnaswamy Stadium, Bengaluru",2020-10-14,0.6,0.2,0.6,0.2,0.0,1.0,0.9738269276114124,1.0492886178861789,0.8663617886178863,1.0318734793187347,1.0471604938271606,1.0,1.0040816326530613,0.9766373037150518,1.0570662581386443,1.0377833753148615,0.801007556675063,1.1408045977011496,0.8822222222222222,-0.098979121001832,-0.8090467281889042,-0.2539223871273355,0.0014011658394522,-0.2547736094915072,-0.0069694908371532,2020/21,1.0,1.0,1.0,0.5714285714285714,0.42857142857142855,5.857142857142857,-6.857142857142857,0.45454545454545453,0.36363636363636365,70.36380286380286,56.48340548340548,50.98124098124099,97.53982128982129,110.53030303030305,86.48809523809524,0.0,0.0,1.0,1.0,team1,official
1216531,Kings XI Punjab,Royal Challengers Bangalore,29.330132306973386,37.621914088932286,9.5,10.590909090909092,9.5,10.481818181818182,84.81044102324462,111.01244090250157,6.789091579988638,5.793728380166601,95.0,107.0,"M Chinnaswamy Stadium, Bengaluru",2020-10-15,0.0,0.7,0.0,0.7,0.0,1.4147606696533837,1.0964395189813725,1.1070884146341464,1.1242378048780488,1.0061684460260971,1.1131233595800525,1.0330708661417325,0.954181818181818,1.167368824205285,0.9536576024511682,1.1002518891687656,0.9269521410579344,0.9452380952380952,1.0614973262032086,2.222188852492264,0.8423983885264796,-0.2383538778000923,2.778823229819627,-0.23928585207561,2.780826844024323,2020/21,1.0,0.0,0.0,0.14285714285714285,0.5714285714285714,5.285714285714286,-5.571428571428571,0.6,0.36363636363636365,47.07754467754468,58.74729437229437,83.20269572475455,76.45595145595145,62.30952380952381,86.7263544536272,0.0,0.0,1.0,1.0,team1,official
1216526,Kolkata Knight Riders,Mumbai Indians,35.25365800207697,32.15550719770801,10.304545454545455,9.355555555555556,10.304545454545455,9.355555555555556,103.52734485540809,94.46650547384152,5.647101574895692,4.215074420825531,102.0,107.0,"M Chinnaswamy Stadium, Bengaluru",2020-10-16,0.6,0.9,0.6,0.9,0.0,1.056354633341193,0.9195944352746992,0.932418699186992,1.1928353658536586,1.06025,0.8315686274509805,0.946153846153846,1.2148148148148148,0.9728073535044044,1.061662198391421,1.1032745591939546,1.1365239294710328,0.9363207547169812,1.2822997416020672,-0.1527721215463077,0.3259855832995194,-0.6213392072502736,-0.7272050706755269,-0.6264797874730375,-0.7194063319684201,2020/21,0.0,1.0,1.0,0.5714285714285714,0.7142857142857143,-3.142857142857143,11.428571428571429,0.36363636363636365,0.5555555555555556,49.072543617998164,50.28252765752765,77.87977174340811,84.5699761386036,108.38143338143337,95.26161081716637,0.0,0.0,1.0,1.0,team2,official
1216509,Chennai Super Kings,Delhi Capitals,41.278531594913815,33.56633122395431,10.68,10.109090909090908,10.68,10.109090909090908,123.07510531637938,97.84534650409013,6.068172115809887,5.0891086044393115,130.0,124.0,"M Chinnaswamy Stadium, Bengaluru",2020-10-17,0.4,0.8,0.4,0.8,0.0,0.954963452016034,1.0,1.0670731707317074,1.0492886178861789,0.8863113897596657,1.0318734793187347,0.954181818181818,1.0,1.068556108770586,0.9766373037150518,1.0982367758186398,1.0377833753148615,0.9363207547169812,1.1408045977011496,-0.0451861204573582,-0.098979121001832,-0.3037416169745134,-0.2539223871273355,-0.2857491243233013,-0.2547736094915072,2020/21,0.0,1.0,1.0,0.375,0.625,-14.5,4.0,0.5,0.45454545454545453,58.27379287379288,62.97202797202797,105.33100804424335,52.442279942279946,152.52083333333331,85.78282828282828,0.0,0.0,1.0,1.0,team2,official
1216522,Rajasthan Royals,Royal Challengers Bangalore,38.70448849834376,38.66865484817304,9.4,9.127272727272727,9.4,9.418181818181818,116.23162832781252,116.00157676663743,6.126215093729799,3.9058277157686105,121.0,93.0,"M Chinnaswamy Stadium, Bengaluru",2020-10-17,0.2,0.6,0.2,0.6,0.0,0.9738269276114124,1.0964395189813725,0.8663617886178863,1.1242378048780488,1.0471604938271606,1.1131233595800525,1.0040816326530613,0.954181818181818,1.0570662581386443,0.9536576024511682,0.801007556675063,0.9269521410579344,0.8822222222222222,1.0614973262032086,-0.8090467281889042,0.8423983885264796,0.0014011658394522,2.778823229819627,-0.0069694908371532,2.780826844024323,2020/21,0.0,1.0,1.0,0.375,0.5,-4.875,-3.375,0.4,0.5454545454545454,63.47148962148962,59.94426406926407,114.7769069166128,62.98132423132424,71.9047619047619,84.6969696969697,0.0,0.0,1.0,1.0,team2,official
1216512,Kolkata Knight Riders,Sunrisers Hyderabad,33.61145881089382,36.212303670779605,9.593939393939394,10.478787878787879,9.593939393939394,10.478787878787879,99.15536775348447,106.60414354906334,5.8154891721469255,6.7658764942722165,113.0,118.0,"M Chinnaswamy Stadium, Bengaluru",2020-10-18,0.4,0.4,0.4,0.4,0.0,1.056354633341193,1.0176171388149695,0.932418699186992,1.0,1.06025,1.0,0.946153846153846,0.94680412371134,0.9728073535044044,0.9257536794878808,1.1032745591939546,1.2004318100035984,0.9363207547169812,1.3703155818540436,-0.1527721215463077,-0.098979121001832,-0.6213392072502736,-0.2539223871273355,-0.6264797874730375,-0.2547736094915072,2020/21,1.0,0.0,1.0,0.5,0.375,-3.375,8.375,0.45454545454545453,0.36363636363636365,47.37557392102847,53.59054834054834,78.34526584526584,72.0285841609371,108.92255892255893,94.99158249158249,0.0,0.0,1.0,1.0,tie,official
1216517,Kings XI Punjab,Mumbai Indians,31.885649829729957,39.23696696167561,9.740909090909092,13.018181818181818,8.636363636363637,13.018181818181818,94.5067115536453,113.1414050237672,5.949813617754794,5.575227146434577,160.0,134.0,"M Chinnaswamy Stadium, Bengaluru",2020-10-18,0.2,1.0,0.2,1.0,0.0,1.4147606696533837,0.9195944352746992,1.1070884146341464,1.1928353658536586,1.0061684460260971,0.8315686274509805,1.0330708661417325,1.2148148148148148,1.167368824205285,1.061662198391421,1.1002518891687656,1.1365239294710328,0.9452380952380952,1.2822997416020672,2.222188852492264,0.3259855832995194,-0.2383538778000923,-0.7272050706755269,-0.23928585207561,-0.7194063319684201,2020/21,0.0,0.0,0.0,0.25,0.75,3.125,10.625,0.5454545454545454,0.2727272727272727,43.79409479409479,65.02174340810706,86.97293472026092,93.06436482907071,71.66666666666666,148.68326118326118,0.0,0.0,1.0,1.0,tie,official
1216533,Chennai Super Kings,Rajasthan Royals,37.968365528445624,39.95117128485549,10.563636363636364,10.526666666666667,10.563636363636364,10.526666666666667,112.33091539784904,118.92168206062942,5.330149458384752,6.668183541948248,79.0,80.0,"M Chinnaswamy Stadium, Bengaluru",2020-10-19,0.4,0.2,0.4,0.2,0.0,0.954963452016034,0.9738269276114124,1.0670731707317074,0.8663617886178863,0.8863113897596657,1.0471604938271606,0.954181818181818,1.0040816326530613,1.068556108770586,1.0570662581386443,1.0982367758186398,0.801007556675063,0.9363207547169812,0.8822222222222222,-0.0451861204573582,-0.8090467281889042,-0.3037416169745134,0.0014011658394522,-0.2857491243233013,-0.0069694908371532,2020/21,0.0,1.0,1.0,0.3333333333333333,0.3333333333333333,-12.222222222222221,-1.2222222222222223,0.36363636363636365,0.5,49.722338267792814,61.994713619713615,90.31691051076076,105.90186741363212,138.8320707070707,85.1875,0.0,0.0,1.0,1.0,team2,official
1216546,Delhi Capitals,Kings XI Punjab,37.59439825496252,40.13385798521083,11.509090909090908,12.44848484848485,11.509090909090908,12.918181818181818,109.60556994078416,116.3128599507028,4.497400780099908,6.906169323101142,118.0,119.0,"M Chinnaswamy Stadium, Bengaluru",2020-10-20,0.8,0.3,0.8,0.3,0.0,1.0,1.4147606696533837,1.0492886178861789,1.1070884146341464,1.0318734793187347,1.0061684460260971,1.0,1.0330708661417325,0.9766373037150518,1.167368824205285,1.0377833753148615,1.1002518891687656,1.1408045977011496,0.9452380952380952,-0.098979121001832,2.222188852492264,-0.2539223871273355,-0.2383538778000923,-0.2547736094915072,-0.23928585207561,2020/21,0.5,1.0,1.0,0.6666666666666666,0.2222222222222222,2.888888888888889,5.666666666666667,0.45454545454545453,0.36363636363636365,63.3934398934399,73.12742812742812,69.22943849080212,104.83721059590043,93.65800865800865,78.14393939393939,0.0,0.0,1.0,1.0,team2,official
1216494,Kolkata Knight Riders,Royal Challengers Bangalore,32.49931515009056,47.37644125988954,9.07121212121212,9.336666666666666,9.07121212121212,9.370000000000001,95.85428282353418,145.0048041996318,5.019071837253655,5.723838157714319,65.0,57.0,"M Chinnaswamy Stadium, Bengaluru",2020-10-21,0.5,0.6,0.5,0.6,0.0,1.056354633341193,1.0964395189813725,0.932418699186992,1.1242378048780488,1.06025,1.1131233595800525,0.946153846153846,0.954181818181818,0.9728073535044044,0.9536576024511682,1.1032745591939546,0.9269521410579344,0.9363207547169812,1.0614973262032086,-0.1527721215463077,0.8423983885264796,-0.6213392072502736,2.778823229819627,-0.6264797874730375,2.780826844024323,2020/21,0.0,1.0,1.0,0.4444444444444444,0.5555555555555556,-3.5555555555555554,-6.111111111111111,0.2727272727272727,0.6,51.680440771349865,42.18035714285715,61.26396330941786,71.93223443223442,106.87830687830687,112.88888888888889,0.0,0.0,1.0,1.0,team2,official
1216518,Rajasthan Royals,Sunrisers Hyderabad,38.52108194142727,32.498730021360025,9.777272727272727,9.31111111111111,9.777272727272727,9.31111111111111,115.19906101687879,95.73095192305195,7.199399691217874,5.929933451481439,106.0,75.0,"M Chinnaswamy Stadium, Bengaluru",2020-10-22,0.4,0.3,0.4,0.3,0.0,0.9738269276114124,1.0176171388149695,0.8663617886178863,1.0,1.0471604938271606,1.0,1.0040816326530613,0.94680412371134,1.0570662581386443,0.9257536794878808,0.801007556675063,1.2004318100035984,0.8822222222222222,1.3703155818540436,-0.8090467281889042,-0.098979121001832,0.0014011658394522,-0.2539223871273355,-0.0069694908371532,-0.2547736094915072,2020/21,1.0,0.0,1.0,0.4,0.3333333333333333,-1.0,8.0,0.2727272727272727,0.5555555555555556,54.7190688099779,49.19444444444444,94.69159925042277,57.83678286129267,123.08712121212123,91.41975308641976,0.0,0.0,1.0,1.0,team2,official
1216521,Chennai Super Kings,Mumbai Indians,32.88875155147882,37.88101487951703,8.836363636363636,10.825,8.836363636363636,10.825,97.74735365644456,111.52421626505678,4.30252208575738,7.796784204572518,77.0,51.0,"M Chinnaswamy Stadium, Bengaluru",2020-10-23,0.2,0.9,0.2,0.9,0.0,0.954963452016034,0.9195944352746992,1.0670731707317074,1.1928353658536586,0.8863113897596657,0.8315686274509805,0.954181818181818,1.2148148148148148,1.068556108770586,1.061662198391421,1.0982367758186398,1.1365239294710328,0.9363207547169812,1.2822997416020672,-0.0451861204573582,0.3259855832995194,-0.3037416169745134,-0.7272050706755269,-0.2857491243233013,-0.7194063319684201,2020/21,1.0,0.0,1.0,0.3,0.6666666666666666,-11.1,6.555555555555555,0.18181818181818182,0.75,39.45051160960252,66.2173971861472,82.59674075182097,61.813997634310134,67.95039682539682,129.58333333333334,0.0,0.0,1.0,1.0,team2,official
1216497,Delhi Capitals,Kolkata Knight Riders,37.278759425267964,35.03569509789394,11.175757575757576,8.677272727272728,11.175757575757576,8.677272727272728,108.973642528671,104.85686244752527,5.745262793153308,6.187605216694366,88.0,124.0,"M Chinnaswamy Stadium, Bengaluru",2020-10-24,0.6,0.3,0.6,0.3,0.0,1.0,1.056354633341193,1.0492886178861789,0.932418699186992,1.0318734793187347,1.06025,1.0,0.946153846153846,0.9766373037150518,0.9728073535044044,1.0377833753148615,1.1032745591939546,1.1408045977011496,0.9363207547169812,-0.098979121001832,-0.1527721215463077,-0.2539223871273355,-0.6213392072502736,-0.2547736094915072,-0.6264797874730375,2020/21,1.0,1.0,0.0,0.6,0.4,2.5,-2.4,0.36363636363636365,0.45454545454545453,55.007659007659,42.46326905417814,68.22392884892885,91.90862672680855,90.87061087061088,126.4069264069264,0.0,0.0,1.0,1.0,team2,official
1216498,Kings XI Punjab,Sunrisers Hyderabad,36.148797359561975,31.453115179177434,10.303030303030305,8.418181818181818,11.083333333333334,8.418181818181818,105.47275887530759,93.14674756695509,6.731298583675448,6.716492836368997,82.0,73.0,"M Chinnaswamy Stadium, Bengaluru",2020-10-24,0.5,0.5,0.5,0.5,0.0,1.4147606696533837,1.0176171388149695,1.1070884146341464,1.0,1.0061684460260971,1.0,1.0330708661417325,0.94680412371134,1.167368824205285,0.9257536794878808,1.1002518891687656,1.2004318100035984,0.9452380952380952,1.3703155818540436,2.222188852492264,-0.098979121001832,-0.2383538778000923,-0.2539223871273355,-0.23928585207561,-0.2547736094915072,2020/21,0.0,0.0,1.0,0.3,0.4,5.2,4.1,0.36363636363636365,0.36363636363636365,62.107226107226104,56.537878787878796,99.10097923466907,70.59210805534336,94.19372294372293,86.05627705627707,0.0,0.0,1.0,1.0,team1,official
1216541,Mumbai Indians,Rajasthan Royals,34.54607050519092,39.28927257010848,11.909090909090908,8.844444444444443,11.909090909090908,8.844444444444443,99.03841683548488,118.99387152999124,5.046265700712647,7.290234765234765,107.0,110.0,"M Chinnaswamy Stadium, Bengaluru",2020-10-25,0.9,0.4,0.9,0.4,0.0,0.9195944352746992,0.9738269276114124,1.1928353658536586,0.8663617886178863,0.8315686274509805,1.0471604938271606,1.2148148148148148,1.0040816326530613,1.061662198391421,1.0570662581386443,1.1365239294710328,0.801007556675063,1.2822997416020672,0.8822222222222222,0.3259855832995194,-0.8090467281889042,-0.7272050706755269,0.0014011658394522,-0.7194063319684201,-0.0069694908371532,2020/21,1.0,1.0,1.0,0.7,0.36363636363636365,3.3,1.9090909090909092,0.45454545454545453,0.5555555555555556,76.43732782369146,52.39550572883906,86.9281256597433,70.50943881826235,109.97835497835499,94.74537037037038,0.0,0.0,1.0,1.0,team2,official
1216544,Chennai Super Kings,Royal Challengers Bangalore,29.944978354978357,43.15514730828211,9.026666666666667,9.686363636363636,9.026666666666667,9.524242424242424,87.76103896103896,130.79998597710198,3.8295804783451843,4.8156617001536794,119.0,89.0,"M Chinnaswamy Stadium, Bengaluru",2020-10-25,0.2,0.8,0.2,0.8,0.0,0.954963452016034,1.0964395189813725,1.0670731707317074,1.1242378048780488,0.8863113897596657,1.1131233595800525,0.954181818181818,0.954181818181818,1.068556108770586,0.9536576024511682,1.0982367758186398,0.9269521410579344,0.9363207547169812,1.0614973262032086,-0.0451861204573582,0.8423983885264796,-0.3037416169745134,2.778823229819627,-0.2857491243233013,2.780826844024323,2020/21,0.0,0.0,0.0,0.2727272727272727,0.6,-7.7272727272727275,-6.3,0.6,0.5454545454545454,53.28084415584415,62.175324675324674,78.12427727501257,80.34604284604285,84.2063492063492,96.46464646464646,0.0,0.0,1.0,1.0,team1,official
1216520,Kings XI Punjab,Kolkata Knight Riders,36.034520046045905,35.19298202665146,9.5,8.636363636363637,9.951666666666666,8.636363636363637,106.44117793126414,105.42509160398971,5.753720199305339,5.411388831326911,95.0,113.0,"M Chinnaswamy Stadium, Bengaluru",2020-10-26,0.7,0.3,0.7,0.3,0.0,1.4147606696533837,1.056354633341193,1.1070884146341464,0.932418699186992,1.0061684460260971,1.06025,1.0330708661417325,0.946153846153846,1.167368824205285,0.9728073535044044,1.1002518891687656,1.1032745591939546,0.9452380952380952,0.9363207547169812,2.222188852492264,-0.1527721215463077,-0.2383538778000923,-0.6213392072502736,-0.23928585207561,-0.6264797874730375,2020/21,0.0,1.0,0.0,0.36363636363636365,0.45454545454545453,5.545454545454546,1.0909090909090908,0.6,0.36363636363636365,86.16349206349207,46.41528925619835,80.02886002886002,86.42045142914127,89.6926406926407,138.7987012987013,0.0,0.0,1.0,1.0,team1,official
1216524,Delhi Capitals,Sunrisers Hyderabad,40.52524196233873,35.839818860487334,10.981818181818182,9.58,10.981818181818182,9.58,120.15989745022003,106.3627295349578,5.856755058198204,7.5599183046056115,99.0,154.0,"M Chinnaswamy Stadium, Bengaluru",2020-10-27,0.4,0.3,0.4,0.3,0.0,1.0,1.0176171388149695,1.0492886178861789,1.0,1.0318734793187347,1.0,1.0,0.94680412371134,0.9766373037150518,0.9257536794878808,1.0377833753148615,1.2004318100035984,1.1408045977011496,1.3703155818540436,-0.098979121001832,-0.098979121001832,-0.2539223871273355,-0.2539223871273355,-0.2547736094915072,-0.2547736094915072,2020/21,0.0,1.0,0.0,0.5454545454545454,0.36363636363636365,-1.0,2.909090909090909,0.45454545454545453,0.6,45.134199134199136,55.354166666666664,93.05906593406593,59.560515873015866,117.27392977392978,120.7962962962963,0.0,0.0,1.0,1.0,team2,official
1216499,Mumbai Indians,Royal Challengers Bangalore,35.132613012000796,39.82036607332062,11.587878787878788,8.018181818181818,11.587878787878788,8.513636363636364,101.49456862586126,121.02849297167478,5.373486198574856,5.141324361912598,116.0,119.0,"M Chinnaswamy Stadium, Bengaluru",2020-10-28,0.7,0.6,0.7,0.6,0.0,0.9195944352746992,1.0964395189813725,1.1928353658536586,1.1242378048780488,0.8315686274509805,1.1131233595800525,1.2148148148148148,0.954181818181818,1.061662198391421,0.9536576024511682,1.1365239294710328,0.9269521410579344,1.2822997416020672,1.0614973262032086,0.3259855832995194,0.8423983885264796,-0.7272050706755269,2.778823229819627,-0.7194063319684201,2.780826844024323,2020/21,0.5,1.0,0.0,0.6363636363636364,0.5454545454545454,2.727272727272727,-8.454545454545455,0.45454545454545453,0.45454545454545453,86.06313131313132,27.892496392496387,91.43869542766602,73.80329266692902,128.46320346320346,123.68686868686868,0.0,0.0,1.0,1.0,team1,official
1216536,Chennai Super Kings,Kolkata Knight Riders,30.090614718614717,33.66469931473972,9.695,9.209090909090909,9.695,9.209090909090909,87.12038239538239,99.67778559458694,5.760087745587746,4.330592254166699,119.0,111.0,"M Chinnaswamy Stadium, Bengaluru",2020-10-29,0.4,0.3,0.4,0.3,0.0,0.954963452016034,1.056354633341193,1.0670731707317074,0.932418699186992,0.8863113897596657,1.06025,0.954181818181818,0.946153846153846,1.068556108770586,0.9728073535044044,1.0982367758186398,1.1032745591939546,0.9363207547169812,0.9363207547169812,-0.0451861204573582,-0.1527721215463077,-0.3037416169745134,-0.6213392072502736,-0.2857491243233013,-0.6264797874730375,2020/21,0.0,1.0,0.0,0.3333333333333333,0.4166666666666667,-4.583333333333333,2.5,0.4,0.45454545454545453,66.93377733377733,41.85642135642136,78.7451923076923,82.25636403109665,122.00628306878306,124.08910533910533,0.0,0.0,1.0,1.0,team1,official
1216537,Kings XI Punjab,Rajasthan Royals,34.00960418369509,39.20165936669354,9.606060606060606,10.620000000000001,10.110606060606061,10.620000000000001,99.53908465272102,116.35219788897848,6.15048202055942,6.3961007326007335,128.0,128.0,"M Chinnaswamy Stadium, Bengaluru",2020-10-30,0.9,0.4,0.9,0.4,0.0,1.4147606696533837,0.9738269276114124,1.1070884146341464,0.8663617886178863,1.0061684460260971,1.0471604938271606,1.0330708661417325,1.0040816326530613,1.167368824205285,1.0570662581386443,1.1002518891687656,0.801007556675063,0.9452380952380952,0.8822222222222222,2.222188852492264,-0.8090467281889042,-0.2383538778000923,0.0014011658394522,-0.23928585207561,-0.0069694908371532,2020/21,0.0,0.0,1.0,0.4166666666666667,0.4166666666666667,3.5833333333333335,2.0,0.45454545454545453,0.5,76.45454545454545,61.80674880674881,80.0360729338002,83.04079879815173,89.6069460842188,136.55555555555557,0.0,0.0,1.0,1.0,team2,official
1216502,Royal Challengers Bangalore,Sunrisers Hyderabad,39.32438122483577,38.94869494273842,8.692424242424241,12.006666666666666,8.513636363636364,12.006666666666666,119.52975559793741,113.46676092023918,5.230797206358703,6.948191795820279,81.0,98.0,"M Chinnaswamy Stadium, Bengaluru",2020-10-31,0.4,0.5,0.4,0.5,0.0,1.0964395189813725,1.0176171388149695,1.1242378048780488,1.0,1.1131233595800525,1.0,0.954181818181818,0.94680412371134,0.9536576024511682,0.9257536794878808,0.9269521410579344,1.2004318100035984,1.0614973262032086,1.3703155818540436,0.8423983885264796,-0.098979121001832,2.778823229819627,-0.2539223871273355,2.780826844024323,-0.2547736094915072,2020/21,1.0,0.0,1.0,0.5,0.4166666666666667,-7.5,7.25,0.36363636363636365,0.5,37.35858585858586,82.43872549019608,80.69723206086843,67.9438492063492,104.80158730158729,114.70238095238096,0.0,0.0,1.0,1.0,team2,official
1216535,Delhi Capitals,Mumbai Indians,35.87169391214845,29.75471460800737,10.086363636363636,9.45185185185185,10.086363636363636,9.45185185185185,105.89655546473728,86.38732029829617,4.8462129527757165,5.529258417307953,83.0,83.0,"M Chinnaswamy Stadium, Bengaluru",2020-10-31,0.4,0.7,0.4,0.7,0.0,1.0,0.9195944352746992,1.0492886178861789,1.1928353658536586,1.0318734793187347,0.8315686274509805,1.0,1.2148148148148148,0.9766373037150518,1.061662198391421,1.0377833753148615,1.1365239294710328,1.1408045977011496,1.2822997416020672,-0.098979121001832,0.3259855832995194,-0.2539223871273355,-0.7272050706755269,-0.2547736094915072,-0.7194063319684201,2020/21,0.0,0.0,1.0,0.5,0.6666666666666666,-5.5,2.25,0.18181818181818182,0.6666666666666666,70.1883116883117,64.23456790123458,80.44017094017094,69.80604766272981,93.27561327561328,92.5925925925926,0.0,0.0,1.0,1.0,team2,official
1216506,Chennai Super Kings,Kings XI Punjab,33.305094997595,38.08541037393978,10.255555555555555,11.731818181818182,10.255555555555555,11.653030303030304,97.06142776976111,111.19581235757705,6.853635870302537,5.550074273226539,103.0,96.0,"M Chinnaswamy Stadium, Bengaluru",2020-11-01,0.4,0.7,0.4,0.7,0.0,0.954963452016034,1.4147606696533837,1.0670731707317074,1.1070884146341464,0.8863113897596657,1.0061684460260971,0.954181818181818,1.0330708661417325,1.068556108770586,1.167368824205285,1.0982367758186398,1.1002518891687656,0.9363207547169812,0.9452380952380952,-0.0451861204573582,2.222188852492264,-0.3037416169745134,-0.2383538778000923,-0.2857491243233013,-0.23928585207561,2020/21,1.0,1.0,0.0,0.38461538461538464,0.38461538461538464,-3.6153846153846154,3.3076923076923075,0.6666666666666666,0.45454545454545453,57.8092833092833,78.69696969696969,87.26621372454707,96.29668942168942,128.46928277483832,112.11957234684509,0.0,0.0,1.0,1.0,team1,official
1216530,Kolkata Knight Riders,Rajasthan Royals,34.70341055290067,38.154722276428,9.418181818181818,10.845454545454546,9.418181818181818,10.845454545454546,102.88409578239617,112.59452880021453,7.007863619165335,7.643503163503164,127.0,105.0,"M Chinnaswamy Stadium, Bengaluru",2020-11-01,0.3,0.6,0.3,0.6,0.0,1.056354633341193,0.9738269276114124,0.932418699186992,0.8663617886178863,1.06025,1.0471604938271606,0.946153846153846,1.0040816326530613,0.9728073535044044,1.0570662581386443,1.1032745591939546,0.801007556675063,0.9363207547169812,0.8822222222222222,-0.1527721215463077,-0.8090467281889042,-0.6213392072502736,0.0014011658394522,-0.6264797874730375,-0.0069694908371532,2020/21,1.0,0.0,1.0,0.38461538461538464,0.46153846153846156,1.6923076923076923,1.8461538461538463,0.36363636363636365,0.2727272727272727,40.117243867243864,63.29384756657485,82.67707151731216,87.00803444921092,104.81601731601731,133.04924242424244,0.0,0.0,1.0,1.0,team1,official
1216505,Delhi Capitals,Royal Challengers Bangalore,33.411808111674425,34.789112629794445,8.472727272727273,7.677272727272728,8.472727272727273,8.757575757575758,99.85754219042991,104.12330472557746,5.460267628984206,6.54785765037102,93.0,121.0,"M Chinnaswamy Stadium, Bengaluru",2020-11-02,0.2,0.4,0.2,0.4,0.0,1.0,1.0964395189813725,1.0492886178861789,1.1242378048780488,1.0318734793187347,1.1131233595800525,1.0,0.954181818181818,0.9766373037150518,0.9536576024511682,1.0377833753148615,0.9269521410579344,1.1408045977011496,1.0614973262032086,-0.098979121001832,0.8423983885264796,-0.2539223871273355,2.778823229819627,-0.2547736094915072,2.780826844024323,2020/21,1.0,1.0,0.0,0.46153846153846156,0.46153846153846156,-5.076923076923077,-8.23076923076923,0.45454545454545453,0.5454545454545454,57.557720057720054,40.464646464646464,75.04138790502428,82.15941886396432,74.5959595959596,81.86868686868685,0.0,0.0,1.0,1.0,team1,official
1216495,Mumbai Indians,Sunrisers Hyderabad,40.18995534174679,34.88731001699619,11.0,10.004761904761905,11.0,10.004761904761905,119.14985113915596,102.47992227887619,4.5820231239348885,8.279933046829331,97.0,64.0,"M Chinnaswamy Stadium, Bengaluru",2020-11-03,0.7,0.7,0.7,0.7,0.0,0.9195944352746992,1.0176171388149695,1.1928353658536586,1.0,0.8315686274509805,1.0,1.2148148148148148,0.94680412371134,1.061662198391421,0.9257536794878808,1.1365239294710328,1.2004318100035984,1.2822997416020672,1.3703155818540436,0.3259855832995194,-0.098979121001832,-0.7272050706755269,-0.2539223871273355,-0.7194063319684201,-0.2547736094915072,2020/21,1.0,0.0,1.0,0.6923076923076923,0.46153846153846156,2.076923076923077,8.0,0.36363636363636365,0.7142857142857143,90.35353535353535,57.65056022408963,98.57422913343966,89.3673469387755,98.33333333333334,84.52380952380953,0.0,0.0,1.0,1.0,team2,official
1237177,Delhi Capitals,Mumbai Indians,32.378779473645785,36.61389786980696,7.763636363636365,10.090909090909092,7.763636363636365,10.090909090909092,97.35956794245566,108.39178077814441,5.4663068761147855,5.407074962751855,83.0,143.0,"M Chinnaswamy Stadium, Bengaluru",2020-11-05,0.2,0.6,0.2,0.6,0.0,1.0,0.9195944352746992,1.0492886178861789,1.1928353658536586,1.0318734793187347,0.8315686274509805,1.0,1.2148148148148148,0.9766373037150518,1.061662198391421,1.0377833753148615,1.1365239294710328,1.1408045977011496,1.2822997416020672,-0.098979121001832,0.3259855832995194,-0.2539223871273355,-0.7272050706755269,-0.2547736094915072,-0.7194063319684201,2020/21,0.0,1.0,0.0,0.5,0.6428571428571429,-6.714285714285714,4.285714285714286,0.36363636363636365,0.45454545454545453,57.006952643316275,76.2260101010101,77.26101171555717,92.4702693677152,100.85858585858585,114.41197691197691,0.0,0.0,1.0,1.0,team2,official
1237178,Royal Challengers Bangalore,Sunrisers Hyderabad,31.884525563562995,30.37166200466201,9.245454545454546,7.5600000000000005,8.736363636363636,7.5600000000000005,94.43326703005847,90.83887334887336,7.159962230283086,5.589618855860342,94.0,87.0,"M Chinnaswamy Stadium, Bengaluru",2020-11-06,0.2,0.8,0.2,0.8,0.0,1.0964395189813725,1.0176171388149695,1.1242378048780488,1.0,1.1131233595800525,1.0,0.954181818181818,0.94680412371134,0.9536576024511682,0.9257536794878808,0.9269521410579344,1.2004318100035984,1.0614973262032086,1.3703155818540436,0.8423983885264796,-0.098979121001832,2.778823229819627,-0.2539223871273355,2.780826844024323,-0.2547736094915072,2020/21,0.5,0.0,1.0,0.42857142857142855,0.5,-5.642857142857143,5.071428571428571,0.36363636363636365,0.4,44.43434343434343,60.72598039215686,86.04142574597121,76.97698412698412,65.45995670995671,102.47619047619048,0.0,0.0,1.0,1.0,team2,official
1237180,Delhi Capitals,Sunrisers Hyderabad,34.5676971168218,27.946229628956896,8.36,9.018181818181818,8.36,9.018181818181818,103.83899038940599,80.78440179349269,5.923998216695585,6.426179153429365,120.0,129.0,"M Chinnaswamy Stadium, Bengaluru",2020-11-08,0.2,0.8,0.2,0.8,0.0,1.0,1.0176171388149695,1.0492886178861789,1.0,1.0318734793187347,1.0,1.0,0.94680412371134,0.9766373037150518,0.9257536794878808,1.0377833753148615,1.2004318100035984,1.1408045977011496,1.3703155818540436,-0.098979121001832,-0.098979121001832,-0.2539223871273355,-0.2539223871273355,-0.2547736094915072,-0.2547736094915072,2020/21,0.0,1.0,1.0,0.4666666666666667,0.5333333333333333,-10.266666666666667,4.266666666666667,0.5,0.36363636363636365,57.435425685425685,56.88472964943553,96.82064463314464,73.57142857142857,92.95238095238095,99.8989898989899,0.0,0.0,1.0,1.0,team1,official
1237181,Delhi Capitals,Mumbai Indians,35.091846393550654,36.75050662787504,8.881818181818181,10.727272727272727,8.881818181818181,10.727272727272727,104.87585161486581,107.98047663837137,5.4171002681528995,4.816797293615476,99.0,108.0,"M Chinnaswamy Stadium, Bengaluru",2020-11-10,0.4,0.6,0.4,0.6,0.0,1.0,0.9195944352746992,1.0492886178861789,1.1928353658536586,1.0318734793187347,0.8315686274509805,1.0,1.2148148148148148,0.9766373037150518,1.061662198391421,1.0377833753148615,1.1365239294710328,1.1408045977011496,1.2822997416020672,-0.098979121001832,0.3259855832995194,-0.2539223871273355,-0.7272050706755269,-0.2547736094915072,-0.7194063319684201,2020/21,0.0,1.0,1.0,0.5,0.6666666666666666,-10.1875,8.0,0.45454545454545453,0.45454545454545453,60.2453539726267,60.53884432560903,99.65969005741732,88.68246708571786,107.12285189557916,109.62842712842712,0.0,0.0,1.0,1.0,team2,official
1254058,Mumbai Indians,Royal Challengers Bangalore,28.0184570984571,25.382565629557607,9.345454545454546,5.281818181818182,9.345454545454546,5.281818181818182,80.66152366152367,77.41158240155566,4.541481922711869,5.6626413515183565,139.0,112.0,"M Chinnaswamy Stadium, Bengaluru",2021-04-09,0.8,0.0,0.8,0.0,0.0,0.9195944352746992,1.0964395189813725,1.1928353658536586,1.1242378048780488,0.8315686274509805,1.1131233595800525,1.2148148148148148,0.954181818181818,1.061662198391421,0.9536576024511682,1.1365239294710328,0.9269521410579344,1.2822997416020672,1.0614973262032086,0.3259855832995194,0.8423983885264796,-0.7272050706755269,2.778823229819627,-0.7194063319684201,2.780826844024323,2021,0.75,0.0,1.0,0.5,0.5,0.0,0.0,0.45454545454545453,0.45454545454545453,45.890752765752765,25.075757575757574,76.69509334834413,59.74486146495717,89.3843193843194,75.508658008658,0.0,0.0,1.0,1.0,team2,official
1254059,Chennai Super Kings,Delhi Capitals,30.656692952183384,26.98552094443399,9.557575757575759,6.866666666666666,9.557575757575759,6.866666666666666,89.2334209517224,80.55914388885404,5.3035126383451745,5.518516483516483,118.0,114.0,"M Chinnaswamy Stadium, Bengaluru",2021-04-10,0.6,0.4,0.6,0.4,0.0,0.954963452016034,1.0,1.0670731707317074,1.0492886178861789,0.8863113897596657,1.0318734793187347,0.954181818181818,1.0,1.068556108770586,0.9766373037150518,1.0982367758186398,1.0377833753148615,0.9363207547169812,1.1408045977011496,-0.0451861204573582,-0.098979121001832,-0.3037416169745134,-0.2539223871273355,-0.2857491243233013,-0.2547736094915072,2021,0.0,0.0,1.0,0.5,0.5,0.0,0.0,0.2727272727272727,0.6666666666666666,63.40961563688836,40.507108118219236,87.96722847859212,78.22225523205915,83.62734487734488,84.25925925925927,0.0,0.0,1.0,1.0,team2,official
1254060,Kolkata Knight Riders,Sunrisers Hyderabad,26.69931278108144,41.29571602042296,8.563636363636364,11.795454545454545,8.563636363636364,11.795454545454545,77.37952745208965,121.68420491656138,5.204896378131672,6.942410013290959,138.0,131.0,"M Chinnaswamy Stadium, Bengaluru",2021-04-11,0.4,0.8,0.4,0.8,0.0,1.056354633341193,1.0176171388149695,0.932418699186992,1.0,1.06025,1.0,0.946153846153846,0.94680412371134,0.9728073535044044,0.9257536794878808,1.1032745591939546,1.2004318100035984,0.9363207547169812,1.3703155818540436,-0.1527721215463077,-0.098979121001832,-0.6213392072502736,-0.2539223871273355,-0.6264797874730375,-0.2547736094915072,2021,0.75,0.0,1.0,0.5,0.5,0.0,0.0,0.5454545454545454,0.36363636363636365,40.50711662075299,79.5530798177857,71.47366040079943,71.46753246753246,110.33549783549783,138.13131313131314,0.0,0.0,1.0,1.0,team1,official
1254061,Punjab Kings,Rajasthan Royals,25.811462503628285,30.21070220558974,9.090909090909092,8.981818181818182,8.618181818181817,8.927272727272728,74.36548107270033,88.74476492772338,4.293359715151159,6.518481518481519,176.0,149.0,"M Chinnaswamy Stadium, Bengaluru",2021-04-12,0.6,0.6,0.6,0.6,0.0,1.4147606696533837,0.9738269276114124,1.1070884146341464,0.8663617886178863,1.0061684460260971,1.0471604938271606,1.0330708661417325,1.0040816326530613,1.167368824205285,1.0570662581386443,1.1002518891687656,0.801007556675063,0.9452380952380952,0.8822222222222222,2.222188852492264,-0.8090467281889042,-0.2383538778000923,0.0014011658394522,-0.23928585207561,-0.0069694908371532,2021,0.0,0.0,1.0,0.5,0.5,0.0,0.0,0.45454545454545453,0.5454545454545454,62.60966810966811,40.81529581529582,62.11489898989899,82.25044563279857,56.05084940312213,126.58369408369408,0.0,0.0,1.0,1.0,team1,official
1254062,Kolkata Knight Riders,Mumbai Indians,31.69711163427503,33.41016024223455,10.472727272727273,10.49090909090909,10.472727272727273,10.49090909090909,91.42067514455313,96.8884129286606,7.537028942536963,5.039398578717464,98.0,105.0,"M Chinnaswamy Stadium, Bengaluru",2021-04-13,0.6,0.6,0.6,0.6,0.0,1.056354633341193,0.9195944352746992,0.932418699186992,1.1928353658536586,1.06025,0.8315686274509805,0.946153846153846,1.2148148148148148,0.9728073535044044,1.061662198391421,1.1032745591939546,1.1365239294710328,0.9363207547169812,1.2822997416020672,-0.1527721215463077,0.3259855832995194,-0.6213392072502736,-0.7272050706755269,-0.6264797874730375,-0.7194063319684201,2021,0.0,1.0,0.0,1.0,0.0,7.0,27.0,0.36363636363636365,0.36363636363636365,55.32373518737155,49.17881546558017,75.06935666828714,74.19718190306425,93.82515632515633,64.20544733044733,0.0,0.0,1.0,1.0,team2,official
1254063,Royal Challengers Bangalore,Sunrisers Hyderabad,33.78389178159302,42.08604672374408,8.587878787878788,11.745454545454544,8.587878787878788,11.745454545454544,100.98670997904743,124.33530726096515,8.069163260981442,7.097153321863427,96.0,104.0,"M Chinnaswamy Stadium, Bengaluru",2021-04-14,0.2,0.6,0.2,0.6,0.0,1.0964395189813725,1.0176171388149695,1.1242378048780488,1.0,1.1131233595800525,1.0,0.954181818181818,0.94680412371134,0.9536576024511682,0.9257536794878808,0.9269521410579344,1.2004318100035984,1.0614973262032086,1.3703155818540436,0.8423983885264796,-0.098979121001832,2.778823229819627,-0.2539223871273355,2.780826844024323,-0.2547736094915072,2021,0.3333333333333333,0.0,1.0,1.0,0.0,-27.0,-7.0,0.2727272727272727,0.36363636363636365,41.13636363636363,93.91883116883118,92.24841094577937,93.41864532773624,73.43795093795093,134.07287157287158,0.0,0.0,1.0,1.0,team1,official
1254064,Delhi Capitals,Rajasthan Royals,30.217743909581852,32.66567891808166,8.418181818181818,9.127272727272727,8.418181818181818,9.254545454545454,89.0197524258789,96.30983881784796,5.509106288448393,6.670532975796134,104.0,92.0,"M Chinnaswamy Stadium, Bengaluru",2021-04-15,0.6,0.4,0.6,0.4,0.0,1.0,0.9738269276114124,1.0492886178861789,0.8663617886178863,1.0318734793187347,1.0471604938271606,1.0,1.0040816326530613,0.9766373037150518,1.0570662581386443,1.0377833753148615,0.801007556675063,1.1408045977011496,0.8822222222222222,-0.098979121001832,-0.8090467281889042,-0.2539223871273355,0.0014011658394522,-0.2547736094915072,-0.0069694908371532,2021,1.0,0.0,1.0,1.0,0.0,-4.0,-27.0,0.36363636363636365,0.36363636363636365,49.89254011981286,49.59595959595959,75.52241875771288,75.36669888341011,102.18253968253967,94.14846517119244,0.0,0.0,1.0,1.0,team2,official
1254065,Chennai Super Kings,Punjab Kings,38.467210565750044,29.78792604009182,13.275,10.454545454545455,13.275,10.418181818181818,110.2790352191668,85.09308680030605,6.620538338854128,5.747259236682259,73.0,83.0,"M Chinnaswamy Stadium, Bengaluru",2021-04-16,0.6,0.6,0.6,0.6,0.0,0.954963452016034,1.4147606696533837,1.0670731707317074,1.1070884146341464,0.8863113897596657,1.0061684460260971,0.954181818181818,1.0330708661417325,1.068556108770586,1.167368824205285,1.0982367758186398,1.1002518891687656,0.9363207547169812,0.9452380952380952,-0.0451861204573582,2.222188852492264,-0.3037416169745134,-0.2383538778000923,-0.2857491243233013,-0.23928585207561,2021,1.0,1.0,0.0,0.0,1.0,4.0,27.0,0.5,0.18181818181818182,70.80396825396825,43.17604617604618,119.74891774891776,60.374703999703996,88.75396825396825,90.15208907254362,0.0,0.0,1.0,1.0,team1,official
1254066,Mumbai Indians,Sunrisers Hyderabad,33.3650452849524,37.900862357339626,10.381818181818183,9.627272727272727,10.381818181818183,9.627272727272727,97.08348428317468,113.26348058507148,5.761845605375017,5.6688907438372675,110.0,95.0,"M Chinnaswamy Stadium, Bengaluru",2021-04-17,0.6,0.4,0.6,0.4,0.0,0.9195944352746992,1.0176171388149695,1.1928353658536586,1.0,0.8315686274509805,1.0,1.2148148148148148,0.94680412371134,1.061662198391421,0.9257536794878808,1.1365239294710328,1.2004318100035984,1.2822997416020672,1.3703155818540436,0.3259855832995194,-0.098979121001832,-0.7272050706755269,-0.2539223871273355,-0.7194063319684201,-0.2547736094915072,2021,0.5,1.0,1.0,0.5,0.0,17.0,0.5,0.45454545454545453,0.45454545454545453,41.79984721161191,58.71008789190608,80.67458388314003,88.9695657877476,63.82395382395382,109.41558441558442,0.0,0.0,1.0,1.0,team1,official
1254067,Kolkata Knight Riders,Royal Challengers Bangalore,34.34271672232526,37.46257081482479,10.509090909090908,10.25,10.509090909090908,10.25,100.18178301381145,111.00856938274929,6.91600702327975,6.563445554445555,105.0,125.0,"M Chinnaswamy Stadium, Bengaluru",2021-04-18,0.4,0.4,0.4,0.4,0.0,1.056354633341193,1.0964395189813725,0.932418699186992,1.1242378048780488,1.06025,1.1131233595800525,0.946153846153846,0.954181818181818,0.9728073535044044,0.9536576024511682,1.1032745591939546,0.9269521410579344,0.9363207547169812,1.0614973262032086,-0.1527721215463077,0.8423983885264796,-0.6213392072502736,2.778823229819627,-0.6264797874730375,2.780826844024323,2021,0.0,0.0,0.0,0.5,1.0,0.0,-17.5,0.36363636363636365,0.5,57.327823691460054,56.866666666666674,87.07830983633123,84.77351659062185,90.27777777777777,69.7123015873016,0.0,0.0,1.0,1.0,team2,official
1254068,Delhi Capitals,Punjab Kings,38.4871217539597,30.315149342635973,9.236363636363636,11.218181818181819,9.236363636363636,11.218181818181819,115.5691937253202,85.874740233029,4.350447447289553,4.377206442586403,144.0,142.0,"M Chinnaswamy Stadium, Bengaluru",2021-04-18,0.4,0.4,0.4,0.4,0.0,1.0,1.4147606696533837,1.0492886178861789,1.1070884146341464,1.0318734793187347,1.0061684460260971,1.0,1.0330708661417325,0.9766373037150518,1.167368824205285,1.0377833753148615,1.1002518891687656,1.1408045977011496,0.9452380952380952,-0.098979121001832,2.222188852492264,-0.2539223871273355,-0.2383538778000923,-0.2547736094915072,-0.23928585207561,2021,0.25,1.0,0.0,0.5,0.5,4.0,18.5,0.45454545454545453,0.45454545454545453,55.930801521710606,49.21500721500722,82.86501377410468,76.68158230658231,121.04617604617606,90.32828282828282,0.0,0.0,1.0,1.0,team1,official
1254069,Chennai Super Kings,Rajasthan Royals,37.539285511139575,38.26512242143821,11.536363636363635,11.118181818181817,11.536363636363635,11.118181818181817,109.53095170379858,112.49889291994555,5.559947134205507,6.583049097445382,137.0,91.0,"M Chinnaswamy Stadium, Bengaluru",2021-04-19,0.8,0.6,0.8,0.6,0.0,0.954963452016034,0.9738269276114124,1.0670731707317074,0.8663617886178863,0.8863113897596657,1.0471604938271606,0.954181818181818,1.0040816326530613,1.068556108770586,1.0570662581386443,1.0982367758186398,0.801007556675063,0.9363207547169812,0.8822222222222222,-0.0451861204573582,-0.8090467281889042,-0.3037416169745134,0.0014011658394522,-0.2857491243233013,-0.0069694908371532,2021,0.0,0.0,1.0,0.5,0.5,-3.0,-19.5,0.2727272727272727,0.2727272727272727,54.97871572871573,57.87878787878788,114.18250184159275,79.59763795325293,87.31421356421356,106.14341466614195,0.0,0.0,1.0,1.0,team1,official
1254070,Delhi Capitals,Mumbai Indians,41.92954756770264,34.66671707166372,11.027272727272727,10.545454545454545,11.027272727272727,10.545454545454545,124.78940098325124,101.1587538752427,5.576826927880263,6.180441448035031,98.0,110.0,"M Chinnaswamy Stadium, Bengaluru",2021-04-20,0.6,0.8,0.6,0.8,0.0,1.0,0.9195944352746992,1.0492886178861789,1.1928353658536586,1.0318734793187347,0.8315686274509805,1.0,1.2148148148148148,0.9766373037150518,1.061662198391421,1.0377833753148615,1.1365239294710328,1.1408045977011496,1.2822997416020672,-0.098979121001832,0.3259855832995194,-0.2539223871273355,-0.7272050706755269,-0.2547736094915072,-0.7194063319684201,2021,0.0,0.0,0.0,0.6666666666666666,0.6666666666666666,3.3333333333333335,16.333333333333332,0.45454545454545453,0.2727272727272727,78.27630786721696,44.06752397928869,90.20543093270366,80.7854662667497,119.19355896628623,63.29322991822992,0.0,0.0,1.0,1.0,team1,official
1254071,Punjab Kings,Sunrisers Hyderabad,33.272183161523714,35.35281825260086,12.253333333333334,9.155555555555557,12.253333333333334,9.155555555555557,94.50949942730128,105.23532010126213,4.776123876123876,6.96616967999321,89.0,80.0,"M Chinnaswamy Stadium, Bengaluru",2021-04-21,0.2,0.2,0.2,0.2,0.0,1.4147606696533837,1.0176171388149695,1.1070884146341464,1.0,1.0061684460260971,1.0,1.0330708661417325,0.94680412371134,1.167368824205285,0.9257536794878808,1.1002518891687656,1.2004318100035984,0.9452380952380952,1.3703155818540436,2.222188852492264,-0.098979121001832,-0.2383538778000923,-0.2539223871273355,-0.23928585207561,-0.2547736094915072,2021,0.5,1.0,1.0,0.3333333333333333,0.0,11.666666666666666,-4.666666666666667,0.2,0.6666666666666666,55.71343101343101,46.76911976911977,94.8914072039072,71.38427156555811,104.05787037037037,78.30687830687832,0.0,0.0,1.0,1.0,team2,official
1254072,Chennai Super Kings,Kolkata Knight Riders,34.17491946162999,39.218201612629024,9.755555555555555,10.854545454545455,9.755555555555555,10.854545454545455,100.58676857580367,115.94552052694522,6.6318393428610145,6.758358388492079,161.0,126.0,"M Chinnaswamy Stadium, Bengaluru",2021-04-21,0.8,0.4,0.8,0.4,0.0,0.954963452016034,1.056354633341193,1.0670731707317074,0.932418699186992,0.8863113897596657,1.06025,0.954181818181818,0.946153846153846,1.068556108770586,0.9728073535044044,1.0982367758186398,1.1032745591939546,0.9363207547169812,0.9363207547169812,-0.0451861204573582,-0.1527721215463077,-0.3037416169745134,-0.6213392072502736,-0.2857491243233013,-0.6264797874730375,2021,0.5,0.0,1.0,0.6666666666666666,0.3333333333333333,13.333333333333334,-6.666666666666667,0.5555555555555556,0.36363636363636365,52.51778468445135,45.91007477371114,108.67402659069324,93.56892453951278,94.03439153439155,88.22150072150072,0.0,0.0,1.0,1.0,team1,official
1254073,Rajasthan Royals,Royal Challengers Bangalore,32.668924074330775,27.988421052631576,9.94848484848485,5.266666666666667,9.94848484848485,5.266666666666667,95.4075246922137,86.03084795321637,7.116288315618459,6.47749562937063,123.0,90.0,"M Chinnaswamy Stadium, Bengaluru",2021-04-22,0.4,0.6,0.4,0.6,0.0,0.9738269276114124,1.0964395189813725,0.8663617886178863,1.1242378048780488,1.0471604938271606,1.1131233595800525,1.0040816326530613,0.954181818181818,1.0570662581386443,0.9536576024511682,0.801007556675063,0.9269521410579344,0.8822222222222222,1.0614973262032086,-0.8090467281889042,0.8423983885264796,0.0014011658394522,2.778823229819627,-0.0069694908371532,2.780826844024323,2021,0.0,0.0,1.0,0.3333333333333333,1.0,-28.333333333333332,-5.0,0.2727272727272727,0.75,59.20454545454545,38.74305555555556,78.3995834330059,67.0066391941392,126.97417901963358,51.284722222222214,0.0,0.0,1.0,1.0,team2,official
1254074,Mumbai Indians,Punjab Kings,39.22318726813392,33.45164028953503,10.303030303030303,11.577777777777778,10.303030303030303,11.577777777777778,116.72779594428476,95.84620837252416,6.285156243043943,7.88565897065897,90.0,100.0,"M Chinnaswamy Stadium, Bengaluru",2021-04-23,0.6,0.2,0.6,0.2,0.0,0.9195944352746992,1.4147606696533837,1.1928353658536586,1.1070884146341464,0.8315686274509805,1.0061684460260971,1.2148148148148148,1.0330708661417325,1.061662198391421,1.167368824205285,1.1365239294710328,1.1002518891687656,1.2822997416020672,0.9452380952380952,0.3259855832995194,2.222188852492264,-0.7272050706755269,-0.2383538778000923,-0.7194063319684201,-0.23928585207561,2021,0.25,0.0,1.0,0.5,0.25,15.25,11.0,0.45454545454545453,0.6666666666666666,44.22087567809493,56.73911273911275,76.37897456079274,80.79971725805059,80.1948051948052,103.61111111111111,0.0,0.0,1.0,1.0,team2,official
1254075,Kolkata Knight Riders,Rajasthan Royals,35.60960260918932,31.627856809856805,10.719999999999999,10.273333333333333,10.719999999999999,10.273333333333333,104.06534203063109,91.43841158841158,6.600680652680653,6.58957293119677,109.0,84.0,"M Chinnaswamy Stadium, Bengaluru",2021-04-24,0.4,0.2,0.4,0.2,0.0,1.056354633341193,0.9738269276114124,0.932418699186992,0.8663617886178863,1.06025,1.0471604938271606,0.946153846153846,1.0040816326530613,0.9728073535044044,1.0570662581386443,1.1032745591939546,0.801007556675063,0.9363207547169812,0.8822222222222222,-0.1527721215463077,-0.8090467281889042,-0.6213392072502736,0.0014011658394522,-0.6264797874730375,-0.0069694908371532,2021,1.0,0.0,1.0,0.25,0.25,-13.75,-13.0,0.4,0.4,95.29473304473305,51.52222222222222,97.20819327731093,95.79553889737713,50.63644688644689,78.73112073112074,0.0,0.0,1.0,1.0,team2,official
1254076,Chennai Super Kings,Royal Challengers Bangalore,45.43097768260448,37.65911817994601,10.751515151515152,10.100000000000001,10.751515151515152,10.100000000000001,136.8891175278735,111.78190908466854,5.351071595009112,7.740519902276165,140.0,83.0,"M Chinnaswamy Stadium, Bengaluru",2021-04-25,0.8,0.8,0.8,0.8,0.0,0.954963452016034,1.0964395189813725,1.0670731707317074,1.1242378048780488,0.8863113897596657,1.1131233595800525,0.954181818181818,0.954181818181818,1.068556108770586,0.9536576024511682,1.0982367758186398,0.9269521410579344,0.9363207547169812,1.0614973262032086,-0.0451861204573582,0.8423983885264796,-0.3037416169745134,2.778823229819627,-0.2857491243233013,2.780826844024323,2021,0.5,1.0,1.0,0.75,1.0,18.75,-12.0,0.45454545454545453,0.2727272727272727,37.49573658664568,47.00252525252526,95.21714144441417,91.12689728415876,144.01515151515153,83.18662818662818,0.0,0.0,1.0,1.0,team1,official
1254077,Delhi Capitals,Sunrisers Hyderabad,41.50413828002063,32.276517202088,9.854545454545454,9.054545454545455,9.854545454545454,9.054545454545455,124.91682456976577,95.18839067362666,5.4150728861156665,4.311024327956498,106.0,134.0,"M Chinnaswamy Stadium, Bengaluru",2021-04-25,0.6,0.2,0.6,0.2,0.0,1.0,1.0176171388149695,1.0492886178861789,1.0,1.0318734793187347,1.0,1.0,0.94680412371134,0.9766373037150518,0.9257536794878808,1.0377833753148615,1.2004318100035984,1.1408045977011496,1.3703155818540436,-0.098979121001832,-0.098979121001832,-0.2539223871273355,-0.2539223871273355,-0.2547736094915072,-0.2547736094915072,2021,0.3333333333333333,1.0,1.0,0.75,0.25,-0.5,-5.75,0.5454545454545454,0.36363636363636365,69.73054723054723,38.26564344746163,87.11096353141808,75.6382485138466,130.18988587170406,90.60606060606061,0.0,0.0,1.0,1.0,tie,official
1254078,Kolkata Knight Riders,Punjab Kings,39.30043312452846,37.51283503179436,11.018181818181818,11.554545454545455,11.018181818181818,11.554545454545455,116.00144374842822,109.41854101507211,5.881885841431296,5.125434216313755,90.0,100.0,"M Chinnaswamy Stadium, Bengaluru",2021-04-26,0.2,0.4,0.2,0.4,0.0,1.056354633341193,1.4147606696533837,0.932418699186992,1.1070884146341464,1.06025,1.0061684460260971,0.946153846153846,1.0330708661417325,0.9728073535044044,1.167368824205285,1.1032745591939546,1.1002518891687656,0.9363207547169812,0.9452380952380952,-0.1527721215463077,2.222188852492264,-0.6213392072502736,-0.2383538778000923,-0.6264797874730375,-0.23928585207561,2021,0.5,1.0,0.0,0.2,0.4,-6.0,10.8,0.45454545454545453,0.36363636363636365,101.85930735930737,48.24935670390216,111.64315037309689,99.94424136469591,65.15290265290265,116.86147186147187,0.0,0.0,1.0,1.0,team1,official
1254079,Delhi Capitals,Royal Challengers Bangalore,38.19738503326738,35.003764754792535,10.58181818181818,9.963636363636363,10.58181818181818,9.963636363636363,112.94279859573977,103.12164009173271,5.5905765322022,7.059457742745106,99.0,117.0,"M Chinnaswamy Stadium, Bengaluru",2021-04-27,0.7,0.8,0.7,0.8,0.0,1.0,1.0964395189813725,1.0492886178861789,1.1242378048780488,1.0318734793187347,1.1131233595800525,1.0,0.954181818181818,0.9766373037150518,0.9536576024511682,1.0377833753148615,0.9269521410579344,1.1408045977011496,1.0614973262032086,-0.098979121001832,0.8423983885264796,-0.2539223871273355,2.778823229819627,-0.2547736094915072,2.780826844024323,2021,1.0,1.0,0.0,0.6,0.8,-6.0,-21.0,0.45454545454545453,0.5454545454545454,56.488122988122996,62.80808080808081,90.59322937163846,75.22804268510362,110.39944903581268,70.98063973063972,0.0,0.0,1.0,1.0,team2,official
1254080,Chennai Super Kings,Sunrisers Hyderabad,43.07110038110039,38.46723271815007,12.205555555555556,12.819999999999999,12.205555555555556,12.819999999999999,126.9184827518161,110.83077572716691,6.551078595180763,4.180377807950563,88.0,117.0,"M Chinnaswamy Stadium, Bengaluru",2021-04-28,0.8,0.3,0.8,0.3,0.0,0.954963452016034,1.0176171388149695,1.0670731707317074,1.0,0.8863113897596657,1.0,0.954181818181818,0.94680412371134,1.068556108770586,0.9257536794878808,1.0982367758186398,1.2004318100035984,0.9363207547169812,1.3703155818540436,-0.0451861204573582,-0.098979121001832,-0.3037416169745134,-0.2539223871273355,-0.2857491243233013,-0.2547736094915072,2021,0.5,0.0,0.0,0.8,0.2,26.4,1.0,0.4444444444444444,0.5,58.1998556998557,66.0158189033189,118.1993376993377,66.59288625604415,119.75902184235517,103.71428571428571,0.0,0.0,1.0,1.0,team1,official
1254081,Mumbai Indians,Rajasthan Royals,36.85703781350774,33.09751051978324,8.84,10.05,8.84,10.05,110.82012604502579,96.63412597503506,8.01986726019079,7.185677377318245,121.0,121.0,"M Chinnaswamy Stadium, Bengaluru",2021-04-29,0.4,0.4,0.4,0.4,0.0,0.9195944352746992,0.9738269276114124,1.1928353658536586,0.8663617886178863,0.8315686274509805,1.0471604938271606,1.2148148148148148,1.0040816326530613,1.061662198391421,1.0570662581386443,1.1365239294710328,0.801007556675063,1.2822997416020672,0.8822222222222222,0.3259855832995194,-0.8090467281889042,-0.7272050706755269,0.0014011658394522,-0.7194063319684201,-0.0069694908371532,2021,0.5,1.0,0.0,0.4,0.4,10.2,-15.4,0.5,0.45454545454545453,42.123593073593064,47.50757575757576,75.06992313242313,95.70176748385303,68.12337662337663,78.80515107787835,0.0,0.0,1.0,1.0,team1,official
1254082,Delhi Capitals,Kolkata Knight Riders,39.78539948287007,37.330349838249525,10.813333333333333,9.290909090909091,10.813333333333333,9.290909090909091,117.89688716512246,111.6829843093166,5.828785769132828,5.458430393136276,89.0,114.0,"M Chinnaswamy Stadium, Bengaluru",2021-04-29,0.5,0.2,0.5,0.2,0.0,1.0,1.056354633341193,1.0492886178861789,0.932418699186992,1.0318734793187347,1.06025,1.0,0.946153846153846,0.9766373037150518,0.9728073535044044,1.0377833753148615,1.1032745591939546,1.1408045977011496,0.9363207547169812,-0.098979121001832,-0.1527721215463077,-0.2539223871273355,-0.6213392072502736,-0.2547736094915072,-0.6264797874730375,2021,0.5,1.0,0.0,0.5,0.3333333333333333,-8.0,-6.666666666666667,0.5,0.36363636363636365,41.32503052503053,93.2994227994228,92.14209956709956,113.58266534103855,98.60865800865801,66.39749139749141,0.0,0.0,1.0,1.0,team1,official
1254083,Punjab Kings,Royal Challengers Bangalore,28.651223700541887,39.769778096557914,7.418181818181818,10.766666666666667,7.418181818181818,10.766666666666667,85.37074566847295,117.92855325115265,5.7423525850263815,6.958608852330707,118.0,110.0,"M Chinnaswamy Stadium, Bengaluru",2021-04-30,0.2,0.8,0.2,0.8,0.0,1.4147606696533837,1.0964395189813725,1.1070884146341464,1.1242378048780488,1.0061684460260971,1.1131233595800525,1.0330708661417325,0.954181818181818,1.167368824205285,0.9536576024511682,1.1002518891687656,0.9269521410579344,0.9452380952380952,1.0614973262032086,2.222188852492264,0.8423983885264796,-0.2383538778000923,2.778823229819627,-0.23928585207561,2.780826844024323,2021,1.0,0.0,1.0,0.3333333333333333,0.8333333333333334,10.666666666666666,-14.5,0.36363636363636365,0.2727272727272727,47.117155571701026,63.83712121212122,61.65543421225239,90.87457462323772,118.22390572390572,92.74410774410774,0.0,0.0,1.0,1.0,team1,official
1254084,Chennai Super Kings,Mumbai Indians,45.73803583258846,39.17716149122505,12.919999999999998,9.690909090909091,12.919999999999998,9.768181818181818,134.91345277529487,117.40265951620474,5.958892421819667,7.50459783531976,135.0,133.0,"M Chinnaswamy Stadium, Bengaluru",2021-05-01,1.0,0.6,1.0,0.6,0.0,0.954963452016034,0.9195944352746992,1.0670731707317074,1.1928353658536586,0.8863113897596657,0.8315686274509805,0.954181818181818,1.2148148148148148,1.068556108770586,1.061662198391421,1.0982367758186398,1.1365239294710328,0.9363207547169812,1.2822997416020672,-0.0451861204573582,0.3259855832995194,-0.3037416169745134,-0.7272050706755269,-0.2857491243233013,-0.7194063319684201,2021,0.5,0.0,1.0,0.8333333333333334,0.5,17.166666666666668,8.5,0.4,0.45454545454545453,57.82431457431458,35.782369146005514,113.20444832944834,78.30485735689085,141.866452991453,107.1639282434737,0.0,0.0,1.0,1.0,team2,official
1254085,Rajasthan Royals,Sunrisers Hyderabad,31.090055444555443,38.517035531211725,8.48,11.372727272727273,8.48,11.372727272727273,92.08685148185148,112.94466389191788,6.9305915297293,4.992902555976719,142.0,119.0,"M Chinnaswamy Stadium, Bengaluru",2021-05-02,0.4,0.3,0.4,0.3,0.0,0.9738269276114124,1.0176171388149695,0.8663617886178863,1.0,1.0471604938271606,1.0,1.0040816326530613,0.94680412371134,1.0570662581386443,0.9257536794878808,0.801007556675063,1.2004318100035984,0.8822222222222222,1.3703155818540436,-0.8090467281889042,-0.098979121001832,0.0014011658394522,-0.2539223871273355,-0.0069694908371532,-0.2547736094915072,2021,0.5,0.0,1.0,0.3333333333333333,0.16666666666666666,-12.833333333333334,5.666666666666667,0.5,0.45454545454545453,45.81452991452991,46.31313131313131,90.35857524828114,77.89704978700195,77.13888888888889,125.20382395382397,0.0,0.0,1.0,1.0,team1,official
1254086,Delhi Capitals,Punjab Kings,35.27982090149272,30.375542400183555,10.472727272727273,7.572727272727272,10.472727272727273,7.572727272727272,103.33728179285454,90.90029284909669,5.161072462297061,5.667380827728421,120.0,122.0,"M Chinnaswamy Stadium, Bengaluru",2021-05-02,0.7,0.4,0.7,0.4,0.0,1.0,1.4147606696533837,1.0492886178861789,1.1070884146341464,1.0318734793187347,1.0061684460260971,1.0,1.0330708661417325,0.9766373037150518,1.167368824205285,1.0377833753148615,1.1002518891687656,1.1408045977011496,0.9452380952380952,-0.098979121001832,2.222188852492264,-0.2539223871273355,-0.2383538778000923,-0.2547736094915072,-0.23928585207561,2021,0.5,1.0,0.0,0.5714285714285714,0.42857142857142855,-10.428571428571429,10.285714285714286,0.5454545454545454,0.5454545454545454,52.300926346380884,39.031191031191035,83.89116544230181,59.473484848484844,84.05122655122655,94.8611111111111,0.0,0.0,1.0,1.0,team1,official
1254104,Chennai Super Kings,Mumbai Indians,46.548933691789024,33.24828312546169,12.872727272727273,9.0,12.872727272727273,9.0,137.82371836656947,98.68215587275108,5.064405710154373,5.811118587295058,102.0,101.0,"M Chinnaswamy Stadium, Bengaluru",2021-09-19,0.8,0.6,0.8,0.6,0.0,0.954963452016034,0.9195944352746992,1.0670731707317074,1.1928353658536586,0.8863113897596657,0.8315686274509805,0.954181818181818,1.2148148148148148,1.068556108770586,1.061662198391421,1.0982367758186398,1.1365239294710328,0.9363207547169812,1.2822997416020672,-0.0451861204573582,0.3259855832995194,-0.3037416169745134,-0.7272050706755269,-0.2857491243233013,-0.7194063319684201,2021,0.3333333333333333,1.0,1.0,0.7142857142857143,0.5714285714285714,15.0,7.0,0.45454545454545453,0.36363636363636365,47.24288337924702,40.5564738292011,93.08039813721632,65.7548362240172,150.63519813519815,109.80371900826445,0.0,0.0,1.0,1.0,team1,official
1254087,Kolkata Knight Riders,Royal Challengers Bangalore,27.444689596118167,31.813616413383844,6.114285714285714,8.945454545454545,6.114285714285714,8.945454545454545,82.98706055848913,93.9181153173401,7.47083335432075,5.025642333555365,52.0,72.0,"M Chinnaswamy Stadium, Bengaluru",2021-09-20,0.2,0.6,0.2,0.6,0.0,1.056354633341193,1.0964395189813725,0.932418699186992,1.1242378048780488,1.06025,1.1131233595800525,0.946153846153846,0.954181818181818,0.9728073535044044,0.9536576024511682,1.1032745591939546,0.9269521410579344,0.9363207547169812,1.0614973262032086,-0.1527721215463077,0.8423983885264796,-0.6213392072502736,2.778823229819627,-0.6264797874730375,2.780826844024323,2021,0.0,0.0,0.0,0.2857142857142857,0.7142857142857143,-2.142857142857143,-13.571428571428571,0.7142857142857143,0.09090909090909091,80.90476190476191,45.59090909090909,48.371271585557295,70.54124128990439,66.87925170068027,95.26515151515152,0.0,0.0,1.0,1.0,team1,official
1254111,Punjab Kings,Rajasthan Royals,29.137354347450042,22.724989211620226,8.366666666666667,6.551515151515151,8.366666666666667,6.551515151515151,85.7901710571567,66.76006504883509,4.686665900943975,6.534728073783802,106.0,121.0,"M Chinnaswamy Stadium, Bengaluru",2021-09-21,0.4,0.4,0.4,0.4,0.0,1.4147606696533837,0.9738269276114124,1.1070884146341464,0.8663617886178863,1.0061684460260971,1.0471604938271606,1.0330708661417325,1.0040816326530613,1.167368824205285,1.0570662581386443,1.1002518891687656,0.801007556675063,0.9452380952380952,0.8822222222222222,2.222188852492264,-0.8090467281889042,-0.2383538778000923,0.0014011658394522,-0.23928585207561,-0.0069694908371532,2021,0.3333333333333333,1.0,0.0,0.375,0.42857142857142855,9.25,-7.714285714285714,0.5454545454545454,0.2727272727272727,28.64933046751229,31.05050505050505,55.491417532650296,58.68086548814103,99.965564738292,79.54545454545455,0.0,0.0,1.0,1.0,team2,official
1254105,Delhi Capitals,Sunrisers Hyderabad,34.74699562949119,40.69791149360191,9.620000000000001,13.490909090909092,9.620000000000001,13.490909090909092,102.69665209830396,117.36273528170332,5.92254647230994,4.370082541063403,89.0,105.0,"M Chinnaswamy Stadium, Bengaluru",2021-09-22,0.7,0.3,0.7,0.3,0.0,1.0,1.0176171388149695,1.0492886178861789,1.0,1.0318734793187347,1.0,1.0,0.94680412371134,0.9766373037150518,0.9257536794878808,1.0377833753148615,1.2004318100035984,1.1408045977011496,1.3703155818540436,-0.098979121001832,-0.098979121001832,-0.2539223871273355,-0.2539223871273355,-0.2547736094915072,-0.2547736094915072,2021,0.375,0.0,0.0,0.625,0.14285714285714285,-9.375,1.5714285714285714,0.6,0.2727272727272727,56.88694083694084,70.67768595041322,71.74401154401154,94.2957554584349,74.98917748917748,84.52380952380952,0.0,0.0,1.0,1.0,team1,official
1254096,Kolkata Knight Riders,Mumbai Indians,37.996067873303176,38.87085626402609,10.56,11.218181818181817,10.56,11.218181818181817,112.31355957767724,114.52103603160214,4.5284445848269375,6.032502764615064,133.0,108.0,"M Chinnaswamy Stadium, Bengaluru",2021-09-23,0.4,0.4,0.4,0.4,0.0,1.056354633341193,0.9195944352746992,0.932418699186992,1.1928353658536586,1.06025,0.8315686274509805,0.946153846153846,1.2148148148148148,0.9728073535044044,1.061662198391421,1.1032745591939546,1.1365239294710328,0.9363207547169812,1.2822997416020672,-0.1527721215463077,0.3259855832995194,-0.6213392072502736,-0.7272050706755269,-0.6264797874730375,-0.7194063319684201,2021,0.0,1.0,0.0,0.375,0.5,-4.375,6.0,0.5,0.36363636363636365,121.87575757575758,63.04499540863176,99.45896647212437,79.95486559780818,54.55357142857143,117.97061524334252,0.0,0.0,1.0,1.0,team1,official
1254113,Chennai Super Kings,Royal Challengers Bangalore,44.96247560442185,28.732840576258663,12.963636363636363,8.739999999999998,12.963636363636363,8.739999999999998,132.38097928746677,83.98280192086222,5.031812243015452,5.867700064641242,110.0,97.0,"M Chinnaswamy Stadium, Bengaluru",2021-09-24,0.8,0.4,0.8,0.4,0.0,0.954963452016034,1.0964395189813725,1.0670731707317074,1.1242378048780488,0.8863113897596657,1.1131233595800525,0.954181818181818,0.954181818181818,1.068556108770586,0.9536576024511682,1.0982367758186398,0.9269521410579344,0.9363207547169812,1.0614973262032086,-0.0451861204573582,0.8423983885264796,-0.3037416169745134,2.778823229819627,-0.2857491243233013,2.780826844024323,2021,0.6666666666666666,1.0,0.0,0.75,0.625,13.25,-9.375,0.45454545454545453,0.5,62.02708907254362,50.9,92.68332677423587,92.61040593393534,177.97202797202797,67.19444444444443,0.0,0.0,1.0,1.0,team1,official
1254097,Delhi Capitals,Rajasthan Royals,33.74266051918054,33.14355670473317,10.345454545454546,9.568181818181818,10.345454545454546,9.568181818181818,98.3361411245412,97.57549204608027,4.85642293366639,6.284196056781197,96.0,84.0,"M Chinnaswamy Stadium, Bengaluru",2021-09-25,0.7,0.6,0.7,0.6,0.0,1.0,0.9738269276114124,1.0492886178861789,0.8663617886178863,1.0318734793187347,1.0471604938271606,1.0,1.0040816326530613,0.9766373037150518,1.0570662581386443,1.0377833753148615,0.801007556675063,1.1408045977011496,0.8822222222222222,-0.098979121001832,-0.8090467281889042,-0.2539223871273355,0.0014011658394522,-0.2547736094915072,-0.0069694908371532,2021,0.6666666666666666,0.0,1.0,0.6666666666666666,0.5,-10.11111111111111,-4.875,0.45454545454545453,0.36363636363636365,52.63314967860422,34.61111111111111,68.84622511327058,86.28075033841287,90.97107438016529,70.4040404040404,0.0,0.0,1.0,1.0,team1,official
1254107,Punjab Kings,Sunrisers Hyderabad,36.61259782805237,35.054589402997784,10.795454545454545,10.654545454545454,10.795454545454545,10.654545454545454,107.34805336623518,102.40620710090171,4.394853680187905,4.447167911832984,90.0,90.0,"M Chinnaswamy Stadium, Bengaluru",2021-09-25,0.4,0.3,0.4,0.3,0.0,1.4147606696533837,1.0176171388149695,1.1070884146341464,1.0,1.0061684460260971,1.0,1.0330708661417325,0.94680412371134,1.167368824205285,0.9257536794878808,1.1002518891687656,1.2004318100035984,0.9452380952380952,1.3703155818540436,2.222188852492264,-0.098979121001832,-0.2383538778000923,-0.2539223871273355,-0.23928585207561,-0.2547736094915072,2021,0.3333333333333333,0.0,1.0,0.3333333333333333,0.125,6.555555555555555,3.375,0.36363636363636365,0.45454545454545453,41.27912491548855,64.66907713498622,73.60198751822028,93.45670995670997,146.63223140495867,75.24826183917092,0.0,0.0,1.0,1.0,team1,official
1254098,Chennai Super Kings,Kolkata Knight Riders,42.47787997278076,40.21307449666083,11.727272727272727,11.918181818181818,11.727272727272727,11.918181818181818,125.75656960623891,117.93449074644522,5.252492649952543,4.58486924839866,121.0,115.0,"M Chinnaswamy Stadium, Bengaluru",2021-09-26,0.8,0.6,0.8,0.6,0.0,0.954963452016034,1.056354633341193,1.0670731707317074,0.932418699186992,0.8863113897596657,1.06025,0.954181818181818,0.946153846153846,1.068556108770586,0.9728073535044044,1.0982367758186398,1.1032745591939546,0.9363207547169812,0.9363207547169812,-0.0451861204573582,-0.1527721215463077,-0.3037416169745134,-0.6213392072502736,-0.2857491243233013,-0.6264797874730375,2021,0.6666666666666666,0.0,0.0,0.7777777777777778,0.4444444444444444,13.222222222222221,-1.1111111111111112,0.36363636363636365,0.36363636363636365,61.4485766758494,73.15461810916356,93.53158205430933,99.09050080700798,152.2139665889666,78.57142857142857,0.0,0.0,1.0,1.0,team1,official
1254108,Mumbai Indians,Royal Challengers Bangalore,34.171877933978244,34.98405071906112,10.757575757575758,8.690909090909091,10.757575757575758,8.690909090909091,99.45373452740223,104.84380542717344,8.517245784518511,6.369770780865631,73.0,118.0,"M Chinnaswamy Stadium, Bengaluru",2021-09-26,0.4,0.2,0.4,0.2,0.0,0.9195944352746992,1.0964395189813725,1.1928353658536586,1.1242378048780488,0.8315686274509805,1.1131233595800525,1.2148148148148148,0.954181818181818,1.061662198391421,0.9536576024511682,1.1365239294710328,0.9269521410579344,1.2822997416020672,1.0614973262032086,0.3259855832995194,0.8423983885264796,-0.7272050706755269,2.778823229819627,-0.7194063319684201,2.780826844024323,2021,0.5,1.0,0.0,0.4444444444444444,0.5555555555555556,2.5555555555555554,-9.777777777777779,0.36363636363636365,0.45454545454545453,41.474747474747474,68.48268398268398,84.08082151323778,100.2166822581261,85.16356749311295,119.16666666666666,0.0,0.0,1.0,1.0,team2,official
1254100,Rajasthan Royals,Sunrisers Hyderabad,40.9996750308515,28.609077625161213,10.327272727272726,7.08,10.327272727272726,7.08,122.64134101192923,85.58859208387071,6.760685784803432,5.796116152681168,111.0,91.0,"M Chinnaswamy Stadium, Bengaluru",2021-09-27,0.6,0.1,0.6,0.1,0.0,0.9738269276114124,1.0176171388149695,0.8663617886178863,1.0,1.0471604938271606,1.0,1.0040816326530613,0.94680412371134,1.0570662581386443,0.9257536794878808,0.801007556675063,1.2004318100035984,0.8822222222222222,1.3703155818540436,-0.8090467281889042,-0.098979121001832,0.0014011658394522,-0.2539223871273355,-0.0069694908371532,-0.2547736094915072,2021,0.6666666666666666,1.0,1.0,0.4444444444444444,0.1111111111111111,-5.666666666666667,3.0,0.45454545454545453,0.5,55.8989898989899,61.91111111111111,91.80407569726455,74.02574277574277,80.84218811491539,75.61453823953823,0.0,0.0,1.0,1.0,team2,official
1254092,Delhi Capitals,Kolkata Knight Riders,35.29935814372506,35.003953968066625,9.545454545454545,11.066666666666666,9.545454545454545,11.066666666666666,104.68270896393201,101.77883645921197,4.804549053535825,4.828393175451999,79.0,98.0,"M Chinnaswamy Stadium, Bengaluru",2021-09-28,0.8,0.6,0.8,0.6,0.0,1.0,1.056354633341193,1.0492886178861789,0.932418699186992,1.0318734793187347,1.06025,1.0,0.946153846153846,0.9766373037150518,0.9728073535044044,1.0377833753148615,1.1032745591939546,1.1408045977011496,0.9363207547169812,-0.098979121001832,-0.1527721215463077,-0.2539223871273355,-0.6213392072502736,-0.2547736094915072,-0.6264797874730375,2021,0.6666666666666666,0.0,1.0,0.7,0.4,-7.9,-1.6,0.5454545454545454,0.36363636363636365,47.19264069264069,66.85475130929677,75.80751823933642,80.34591206241925,118.5507674144038,70.64393939393939,0.0,0.0,1.0,1.0,team2,official
1254099,Mumbai Indians,Punjab Kings,32.962236399042595,38.474194290557925,10.272727272727273,10.254545454545454,10.272727272727273,10.254545454545454,96.03169708771775,114.28367793822339,8.305814791269336,5.144913927427297,102.0,87.0,"M Chinnaswamy Stadium, Bengaluru",2021-09-28,0.4,0.4,0.4,0.4,0.0,0.9195944352746992,1.4147606696533837,1.1928353658536586,1.1070884146341464,0.8315686274509805,1.0061684460260971,1.2148148148148148,1.0330708661417325,1.061662198391421,1.167368824205285,1.1365239294710328,1.1002518891687656,1.2822997416020672,0.9452380952380952,0.3259855832995194,2.222188852492264,-0.7272050706755269,-0.2383538778000923,-0.7194063319684201,-0.23928585207561,2021,0.16666666666666666,1.0,0.0,0.4,0.4,-2.2,5.9,0.45454545454545453,0.36363636363636365,54.06978879706153,40.37058900695264,65.5651731309626,79.00078827886314,89.62121212121211,150.51767676767676,0.0,0.0,1.0,1.0,team1,official
1254103,Rajasthan Royals,Royal Challengers Bangalore,33.67257546375193,33.03529038848261,8.803030303030303,9.172727272727274,8.803030303030303,9.172727272727274,100.23181720240545,97.65096796160869,7.046296701234781,4.9415004069014765,109.0,93.0,"M Chinnaswamy Stadium, Bengaluru",2021-09-29,0.4,0.4,0.4,0.4,0.0,0.9738269276114124,1.0964395189813725,0.8663617886178863,1.1242378048780488,1.0471604938271606,1.1131233595800525,1.0040816326530613,0.954181818181818,1.0570662581386443,0.9536576024511682,0.801007556675063,0.9269521410579344,0.8822222222222222,1.0614973262032086,-0.8090467281889042,0.8423983885264796,0.0014011658394522,2.778823229819627,-0.0069694908371532,2.780826844024323,2021,0.0,0.0,1.0,0.4,0.6,-3.1,-4.3,0.36363636363636365,0.5454545454545454,54.42607897153352,64.25832500832502,71.46464646464646,94.95818822690481,54.586776859504134,96.45262145262146,0.0,0.0,1.0,1.0,team2,official
1254091,Chennai Super Kings,Sunrisers Hyderabad,44.99729005608334,34.5030347014839,10.89090909090909,9.036363636363637,10.89090909090909,9.036363636363637,135.25157291421718,102.67072173221905,5.094159316619209,6.135702550568862,107.0,94.0,"M Chinnaswamy Stadium, Bengaluru",2021-09-30,0.8,0.2,0.8,0.2,0.0,0.954963452016034,1.0176171388149695,1.0670731707317074,1.0,0.8863113897596657,1.0,0.954181818181818,0.94680412371134,1.068556108770586,0.9257536794878808,1.0982367758186398,1.2004318100035984,0.9363207547169812,1.3703155818540436,-0.0451861204573582,-0.098979121001832,-0.3037416169745134,-0.2539223871273355,-0.2857491243233013,-0.2547736094915072,2021,0.6666666666666666,1.0,0.0,0.8,0.2,12.5,0.7,0.45454545454545453,0.36363636363636365,61.06290174471992,67.46320346320346,88.9943673750492,90.43951418951418,136.24368686868686,90.4593008002099,0.0,0.0,1.0,1.0,team1,official
1254102,Kolkata Knight Riders,Punjab Kings,35.821140115252774,34.59532979305707,10.618181818181817,10.666666666666668,10.618181818181817,10.666666666666668,104.96895189932742,100.79251345160436,4.6849163759591566,6.030687565553876,116.0,127.0,"M Chinnaswamy Stadium, Bengaluru",2021-10-01,0.6,0.4,0.6,0.4,0.0,1.056354633341193,1.4147606696533837,0.932418699186992,1.1070884146341464,1.06025,1.0061684460260971,0.946153846153846,1.0330708661417325,0.9728073535044044,1.167368824205285,1.1032745591939546,1.1002518891687656,0.9363207547169812,0.9452380952380952,-0.1527721215463077,2.222188852492264,-0.6213392072502736,-0.2383538778000923,-0.6264797874730375,-0.23928585207561,2021,0.6666666666666666,0.0,1.0,0.45454545454545453,0.36363636363636365,0.2727272727272727,4.0,0.36363636363636365,0.45454545454545453,60.60308630763177,30.127115308933483,88.7424558429343,81.99923177670856,70.07575757575756,129.3973829201102,0.0,0.0,1.0,1.0,team2,official
1254089,Chennai Super Kings,Rajasthan Royals,38.14936851487006,26.60049458044087,10.7,9.446666666666667,10.7,9.446666666666667,112.57789504956688,75.89275971258068,4.513045836516424,3.637776635129576,119.0,122.0,"M Chinnaswamy Stadium, Bengaluru",2021-10-02,0.8,0.4,0.8,0.4,0.0,0.954963452016034,0.9738269276114124,1.0670731707317074,0.8663617886178863,0.8863113897596657,1.0471604938271606,0.954181818181818,1.0040816326530613,1.068556108770586,1.0570662581386443,1.0982367758186398,0.801007556675063,0.9363207547169812,0.8822222222222222,-0.0451861204573582,-0.8090467281889042,-0.3037416169745134,0.0014011658394522,-0.2857491243233013,-0.0069694908371532,2021,0.3333333333333333,0.0,1.0,0.8181818181818182,0.36363636363636365,12.545454545454545,-1.3636363636363635,0.4,0.5,60.995809745809744,54.24368686868687,86.7863906926407,67.9022578728461,122.05555555555557,42.39393939393939,0.0,0.0,1.0,1.0,team2,official
1254112,Delhi Capitals,Mumbai Indians,38.844353794007795,34.170510171646534,11.127272727272727,9.127272727272727,11.127272727272727,9.127272727272727,114.44481567699567,101.51382178427633,4.065896600819202,8.124588139133595,96.0,95.0,"M Chinnaswamy Stadium, Bengaluru",2021-10-02,0.8,0.4,0.8,0.4,0.0,1.0,0.9195944352746992,1.0492886178861789,1.1928353658536586,1.0318734793187347,0.8315686274509805,1.0,1.2148148148148148,0.9766373037150518,1.061662198391421,1.0377833753148615,1.1365239294710328,1.1408045977011496,1.2822997416020672,-0.098979121001832,0.3259855832995194,-0.2539223871273355,-0.7272050706755269,-0.2547736094915072,-0.7194063319684201,2021,0.2,1.0,0.0,0.6363636363636364,0.45454545454545453,-8.909090909090908,-0.6363636363636364,0.2727272727272727,0.36363636363636365,60.9159779614325,48.36370700007064,96.71375089556908,75.67335442335441,121.25038261401897,73.67424242424242,0.0,0.0,1.0,1.0,team1,official
1254090,Punjab Kings,Royal Challengers Bangalore,37.472196259923535,32.365928781744564,11.746969696969698,7.74,11.746969696969698,7.74,108.86893702802794,97.12642927248189,4.496000145209265,6.574336035223806,122.0,112.0,"M Chinnaswamy Stadium, Bengaluru",2021-10-03,0.4,0.4,0.4,0.4,0.0,1.4147606696533837,1.0964395189813725,1.1070884146341464,1.1242378048780488,1.0061684460260971,1.1131233595800525,1.0330708661417325,0.954181818181818,1.167368824205285,0.9536576024511682,1.1002518891687656,0.9269521410579344,0.9452380952380952,1.0614973262032086,2.222188852492264,0.8423983885264796,-0.2383538778000923,2.778823229819627,-0.23928585207561,2.780826844024323,2021,1.0,0.0,0.0,0.4166666666666667,0.6363636363636364,4.583333333333333,-5.363636363636363,0.36363636363636365,0.6,28.81398399580217,45.559157509157515,83.80132772987403,81.3374430580313,130.97566574839303,115.7936507936508,0.0,0.0,1.0,1.0,team2,official
1254109,Kolkata Knight Riders,Sunrisers Hyderabad,40.21775683186949,30.446710419705077,10.83939393939394,8.490909090909092,10.83939393939394,8.490909090909092,119.31272479310032,89.91327715659267,5.999633350903403,5.150497755364065,89.0,67.0,"M Chinnaswamy Stadium, Bengaluru",2021-10-03,0.6,0.2,0.6,0.2,0.0,1.056354633341193,1.0176171388149695,0.932418699186992,1.0,1.06025,1.0,0.946153846153846,0.94680412371134,0.9728073535044044,0.9257536794878808,1.1032745591939546,1.2004318100035984,0.9363207547169812,1.3703155818540436,-0.1527721215463077,-0.098979121001832,-0.6213392072502736,-0.2539223871273355,-0.6264797874730375,-0.2547736094915072,2021,0.8333333333333334,0.0,0.0,0.4166666666666667,0.18181818181818182,-0.6666666666666666,-0.5454545454545454,0.45454545454545453,0.36363636363636365,51.739533194078646,45.74873737373738,112.86009823509822,89.24052336552337,74.36868686868686,98.02800734618917,0.0,0.0,1.0,1.0,team1,official
1254110,Chennai Super Kings,Delhi Capitals,44.59338144421172,34.176266055058804,10.745454545454546,9.290909090909091,10.745454545454546,9.290909090909091,134.09915026858454,101.29664442595359,5.084935999829049,3.8751285453452637,82.0,91.0,"M Chinnaswamy Stadium, Bengaluru",2021-10-04,0.8,0.8,0.8,0.8,0.0,0.954963452016034,1.0,1.0670731707317074,1.0492886178861789,0.8863113897596657,1.0318734793187347,0.954181818181818,1.0,1.068556108770586,0.9766373037150518,1.0982367758186398,1.0377833753148615,0.9363207547169812,1.1408045977011496,-0.0451861204573582,-0.098979121001832,-0.3037416169745134,-0.2539223871273355,-0.2857491243233013,-0.2547736094915072,2021,0.0,0.0,1.0,0.75,0.6666666666666666,11.25,-8.083333333333334,0.45454545454545453,0.36363636363636365,48.89445907627726,53.57506887052342,83.53613242817788,76.05458304321941,113.02308802308802,105.42393633302726,0.0,0.0,1.0,1.0,team2,official
1254093,Mumbai Indians,Rajasthan Royals,31.672973193473194,41.043098574679604,6.459999999999999,11.695454545454545,6.459999999999999,11.695454545454545,96.70324397824399,121.01638918832595,8.705345654345654,4.736373341453555,76.0,67.0,"M Chinnaswamy Stadium, Bengaluru",2021-10-05,0.2,0.4,0.2,0.4,0.0,0.9195944352746992,0.9738269276114124,1.1928353658536586,0.8663617886178863,0.8315686274509805,1.0471604938271606,1.2148148148148148,1.0040816326530613,1.061662198391421,1.0570662581386443,1.1365239294710328,0.801007556675063,1.2822997416020672,0.8822222222222222,0.3259855832995194,-0.8090467281889042,-0.7272050706755269,0.0014011658394522,-0.7194063319684201,-0.0069694908371532,2021,0.6666666666666666,1.0,0.0,0.4166666666666667,0.4166666666666667,-0.6666666666666666,-1.0,0.6,0.2727272727272727,29.717027417027417,59.552341597796136,71.91984126984127,76.01464262666063,73.05555555555557,101.37413091958547,0.0,0.0,1.0,1.0,team1,official
1254095,Royal Challengers Bangalore,Sunrisers Hyderabad,36.870769010131404,34.646078778618886,9.933333333333334,8.55151515151515,9.933333333333334,8.55151515151515,109.22175528629658,103.88490906004276,5.5148198239044,5.999332254198564,105.0,105.0,"M Chinnaswamy Stadium, Bengaluru",2021-10-06,0.6,0.2,0.6,0.2,0.0,1.0964395189813725,1.0176171388149695,1.1242378048780488,1.0,1.1131233595800525,1.0,0.954181818181818,0.94680412371134,0.9536576024511682,0.9257536794878808,0.9269521410579344,1.2004318100035984,1.0614973262032086,1.3703155818540436,0.8423983885264796,-0.098979121001832,2.778823229819627,-0.2539223871273355,2.780826844024323,-0.2547736094915072,2021,0.5,1.0,0.0,0.6666666666666666,0.16666666666666666,-5.75,-2.3333333333333335,0.45454545454545453,0.36363636363636365,54.361860361860366,37.670634920634924,87.0806325284935,86.5801282051282,108.24314574314575,106.36134067952251,0.0,0.0,1.0,1.0,team2,official
1254094,Chennai Super Kings,Punjab Kings,46.686527843267214,33.60329792640506,10.418181818181818,10.572727272727272,10.418181818181818,10.572727272727272,141.5126685684665,97.44129611831991,4.963145971675384,5.56913947765341,90.0,105.0,"M Chinnaswamy Stadium, Bengaluru",2021-10-07,0.6,0.4,0.6,0.4,0.0,0.954963452016034,1.4147606696533837,1.0670731707317074,1.1070884146341464,0.8863113897596657,1.0061684460260971,0.954181818181818,1.0330708661417325,1.068556108770586,1.167368824205285,1.0982367758186398,1.1002518891687656,0.9363207547169812,0.9452380952380952,-0.0451861204573582,2.222188852492264,-0.3037416169745134,-0.2383538778000923,-0.2857491243233013,-0.23928585207561,2021,1.0,0.0,1.0,0.6923076923076923,0.38461538461538464,9.692307692307692,5.0,0.36363636363636365,0.45454545454545453,56.4927799473254,30.001311819493637,66.30873671782763,70.62689817843913,112.31645458918187,116.72392212164938,0.0,0.0,1.0,1.0,team2,official
1254106,Kolkata Knight Riders,Rajasthan Royals,37.374296860468334,38.75444903581266,10.568181818181818,8.968181818181819,10.568181818181818,8.968181818181819,110.23098953489445,117.00573921028466,5.754526385676118,5.888127086816926,120.0,66.0,"M Chinnaswamy Stadium, Bengaluru",2021-10-07,0.6,0.2,0.6,0.2,0.0,1.056354633341193,0.9738269276114124,0.932418699186992,0.8663617886178863,1.06025,1.0471604938271606,0.946153846153846,1.0040816326530613,0.9728073535044044,1.0570662581386443,1.1032745591939546,0.801007556675063,0.9363207547169812,0.8822222222222222,-0.1527721215463077,-0.8090467281889042,-0.6213392072502736,0.0014011658394522,-0.6264797874730375,-0.0069694908371532,2021,0.6666666666666666,0.0,1.0,0.46153846153846156,0.38461538461538464,1.0769230769230769,-1.6153846153846154,0.45454545454545453,0.2727272727272727,43.83766233766233,38.71900826446281,113.41567018839746,65.90674547330894,70.23358585858585,112.22189426734882,0.0,0.0,1.0,1.0,team1,official
1254088,Mumbai Indians,Sunrisers Hyderabad,29.351117216117213,37.60395316804408,6.2727272727272725,9.827272727272726,6.2727272727272725,9.827272727272726,89.18251193251193,112.06772268135904,8.334016910006214,5.894504363728962,169.0,134.0,"M Chinnaswamy Stadium, Bengaluru",2021-10-08,0.4,0.4,0.4,0.4,0.0,0.9195944352746992,1.0176171388149695,1.1928353658536586,1.0,0.8315686274509805,1.0,1.2148148148148148,0.94680412371134,1.061662198391421,0.9257536794878808,1.1365239294710328,1.2004318100035984,1.2822997416020672,1.3703155818540436,0.3259855832995194,-0.098979121001832,-0.7272050706755269,-0.2539223871273355,-0.7194063319684201,-0.2547736094915072,2021,0.6666666666666666,1.0,1.0,0.46153846153846156,0.23076923076923078,0.07692307692307693,-2.1538461538461537,0.45454545454545453,0.45454545454545453,37.19946215400761,59.936868686868685,62.53404171585989,86.24407536907538,64.63383838383838,110.78914141414143,0.0,0.0,1.0,1.0,team1,official
1254101,Delhi Capitals,Royal Challengers Bangalore,42.93878790596775,33.63861937663851,8.963636363636363,10.811666666666666,8.963636363636363,10.811666666666666,130.94141423201373,97.26650903323949,3.715639876119752,5.505408949151983,126.0,112.0,"M Chinnaswamy Stadium, Bengaluru",2021-10-08,0.8,0.6,0.8,0.6,0.0,1.0,1.0964395189813725,1.0492886178861789,1.1242378048780488,1.0318734793187347,1.1131233595800525,1.0,0.954181818181818,0.9766373037150518,0.9536576024511682,1.0377833753148615,0.9269521410579344,1.1408045977011496,1.0614973262032086,-0.098979121001832,0.8423983885264796,-0.2539223871273355,2.778823229819627,-0.2547736094915072,2.780826844024323,2021,0.6666666666666666,0.0,1.0,0.6923076923076923,0.6153846153846154,-6.769230769230769,-5.3076923076923075,0.5454545454545454,0.5,45.57575757575757,49.03514957264957,76.82887819251457,60.96285679190091,119.25925925925925,89.66190476190476,0.0,0.0,1.0,1.0,team2,official
1254114,Chennai Super Kings,Delhi Capitals,42.63136274692564,41.17681314869888,10.145454545454545,9.0,10.145454545454545,9.0,128.3590879442976,125.01968019263263,5.216056697313382,4.956577477780686,103.0,107.0,"M Chinnaswamy Stadium, Bengaluru",2021-10-10,0.4,0.6,0.4,0.6,0.0,0.954963452016034,1.0,1.0670731707317074,1.0492886178861789,0.8863113897596657,1.0318734793187347,0.954181818181818,1.0,1.068556108770586,0.9766373037150518,1.0982367758186398,1.0377833753148615,0.9363207547169812,1.1408045977011496,-0.0451861204573582,-0.098979121001832,-0.3037416169745134,-0.2539223871273355,-0.2857491243233013,-0.2547736094915072,2021,0.0,1.0,0.0,0.6428571428571429,0.6428571428571429,7.928571428571429,-5.285714285714286,0.45454545454545453,0.45454545454545453,42.38514515787244,45.795028204119106,73.61805362640925,93.74973293689872,132.56477108749834,114.41077441077441,0.0,0.0,1.0,1.0,team1,official
1254115,Kolkata Knight Riders,Royal Challengers Bangalore,32.83488546541177,33.00564176290796,9.89090909090909,10.19090909090909,9.89090909090909,10.19090909090909,95.91628488470593,96.02183617939018,5.386082049263868,5.904693332748497,81.0,88.0,"M Chinnaswamy Stadium, Bengaluru",2021-10-11,0.6,0.8,0.6,0.8,0.0,1.056354633341193,1.0964395189813725,0.932418699186992,1.1242378048780488,1.06025,1.1131233595800525,0.946153846153846,0.954181818181818,0.9728073535044044,0.9536576024511682,1.1032745591939546,0.9269521410579344,0.9363207547169812,1.0614973262032086,-0.1527721215463077,0.8423983885264796,-0.6213392072502736,2.778823229819627,-0.6264797874730375,2.780826844024323,2021,0.25,0.0,0.0,0.5,0.6428571428571429,4.857142857142857,-5.928571428571429,0.36363636363636365,0.36363636363636365,42.77522477522477,44.22982572982573,110.07023532023533,63.53563192600625,57.35479797979797,117.43506493506493,0.0,0.0,1.0,1.0,team1,official
1254116,Delhi Capitals,Kolkata Knight Riders,40.60408950870251,33.74927799473254,8.6,9.490909090909092,8.6,9.490909090909092,123.64393472597807,99.53395695213877,5.217331002331002,5.50007731128052,88.0,86.0,"M Chinnaswamy Stadium, Bengaluru",2021-10-13,0.4,0.8,0.4,0.8,0.0,1.0,1.056354633341193,1.0492886178861789,0.932418699186992,1.0318734793187347,1.06025,1.0,0.946153846153846,0.9766373037150518,0.9728073535044044,1.0377833753148615,1.1032745591939546,1.1408045977011496,0.9363207547169812,-0.098979121001832,-0.1527721215463077,-0.2539223871273355,-0.6213392072502736,-0.2547736094915072,-0.6264797874730375,2021,0.5,0.0,1.0,0.6,0.5333333333333333,-4.666666666666667,4.066666666666666,0.45454545454545453,0.45454545454545453,43.724091565000656,43.731934731934736,88.46851212760303,97.99358722085995,114.10774410774411,58.838383838383834,0.0,0.0,1.0,1.0,team2,official
1254117,Chennai Super Kings,Kolkata Knight Riders,36.08232566214507,30.04942762770826,9.622222222222222,9.218181818181819,9.622222222222222,9.218181818181819,107.24478924418726,87.58294057720936,6.649235241882301,5.518300754503963,135.0,107.0,"M Chinnaswamy Stadium, Bengaluru",2021-10-15,0.4,0.8,0.4,0.8,0.0,0.954963452016034,1.056354633341193,1.0670731707317074,0.932418699186992,0.8863113897596657,1.06025,0.954181818181818,0.946153846153846,1.068556108770586,0.9728073535044044,1.0982367758186398,1.1032745591939546,0.9363207547169812,0.9363207547169812,-0.0451861204573582,-0.1527721215463077,-0.3037416169745134,-0.6213392072502736,-0.2857491243233013,-0.6264797874730375,2021,0.75,0.0,1.0,0.6666666666666666,0.5625,7.133333333333334,3.6875,0.5555555555555556,0.36363636363636365,50.729992229992234,45.158538431265704,67.93903672580143,98.03207650934924,115.87595532039975,61.79292929292929,0.0,0.0,1.0,1.0,team1,official
1304047,Chennai Super Kings,Kolkata Knight Riders,37.770795517613706,26.012677830191198,9.095454545454546,6.981818181818183,9.095454545454546,6.981818181818183,113.70265172537901,77.16347155518278,5.896126222262586,4.705270638452457,85.0,97.0,"M Chinnaswamy Stadium, Bengaluru",2022-03-26,0.4,0.8,0.4,0.8,0.0,0.954963452016034,1.056354633341193,1.0670731707317074,0.932418699186992,0.8863113897596657,1.06025,0.954181818181818,0.946153846153846,1.068556108770586,0.9728073535044044,1.0982367758186398,1.1032745591939546,0.9363207547169812,0.9363207547169812,-0.0451861204573582,-0.1527721215463077,-0.3037416169745134,-0.6213392072502736,-0.2857491243233013,-0.6264797874730375,2022,0.8,0.0,1.0,0.5,0.5,0.0,0.0,0.36363636363636365,0.45454545454545453,35.488980716253444,29.562770562770563,70.62809572139716,64.58762533762534,105.24033626306354,69.27849927849928,0.0,0.0,1.0,1.0,team2,official
1304048,Delhi Capitals,Mumbai Indians,23.8846613903031,28.71546536796537,6.145454545454545,5.945454545454546,6.145454545454545,5.945454545454546,71.20341675555579,87.60912698412699,5.383409211109746,4.441452050623173,130.0,139.0,"M Chinnaswamy Stadium, Bengaluru",2022-03-27,0.4,0.6,0.4,0.6,0.0,1.0,0.9195944352746992,1.0492886178861789,1.1928353658536586,1.0318734793187347,0.8315686274509805,1.0,1.2148148148148148,0.9766373037150518,1.061662198391421,1.0377833753148615,1.1365239294710328,1.1408045977011496,1.2822997416020672,-0.098979121001832,0.3259855832995194,-0.2539223871273355,-0.7272050706755269,-0.2547736094915072,-0.7194063319684201,2022,0.4,1.0,0.0,0.5,0.5,0.0,0.0,0.2727272727272727,0.45454545454545453,36.99201429883248,48.58421881149154,63.49035224035224,45.142266824085006,81.4935064935065,52.46212121212122,0.0,0.0,1.0,1.0,team1,official
1304049,Punjab Kings,Royal Challengers Bangalore,21.202404793413702,23.189372135604334,5.945454545454546,5.85,5.945454545454546,5.85,62.63831900834871,69.31790711868112,3.6844079524940767,3.862422342621259,142.0,113.0,"M Chinnaswamy Stadium, Bengaluru",2022-03-27,0.6,0.6,0.6,0.6,0.0,1.4147606696533837,1.0964395189813725,1.1070884146341464,1.1242378048780488,1.0061684460260971,1.1131233595800525,1.0330708661417325,0.954181818181818,1.167368824205285,0.9536576024511682,1.1002518891687656,0.9269521410579344,0.9452380952380952,1.0614973262032086,2.222188852492264,0.8423983885264796,-0.2383538778000923,2.778823229819627,-0.23928585207561,2.780826844024323,2022,0.75,1.0,0.0,0.5,0.5,0.0,0.0,0.45454545454545453,0.6,34.71999212908304,26.105555555555554,47.814933135788756,50.72549019607843,31.624579124579125,68.61111111111111,0.0,0.0,1.0,1.0,team1,official
1304050,Gujarat Titans,Lucknow Super Giants,27.905797844413406,28.366704154947588,6.612121212121212,10.890909090909089,6.612121212121212,10.890909090909089,83.89407362279216,79.92537748618894,5.872012341490952,3.746153205083686,117.0,106.0,"M Chinnaswamy Stadium, Bengaluru",2022-03-28,0.5,0.5,0.5,0.5,0.0,0.9372789436453666,0.8441405328931855,0.9051067073170732,0.8727134146341464,0.9471803461753212,1.0432964329643295,0.8717607973421926,1.2862745098039214,0.9766373037150518,0.9060567926902664,0.7506297229219143,0.8722562072688017,0.7324723247232473,1.0025252525252526,-0.8117363782161273,-1.373873233905892,-0.1122489522494228,-0.2694908964545788,-0.1231276714563818,-0.2702613669074044,2022,0.5,1.0,0.0,0.5,0.5,0.0,0.0,0.36363636363636365,0.36363636363636365,26.753776526503803,58.831239467603105,60.572078594805866,59.09642141681202,70.94877344877345,45.22546897546898,0.0,0.0,1.0,1.0,team1,official
1304051,Rajasthan Royals,Sunrisers Hyderabad,30.25755465291976,29.652237762237757,10.036363636363637,6.945454545454546,10.036363636363637,6.945454545454546,87.18578823700527,89.4044289044289,5.915405904256172,5.667999272516582,157.0,101.0,"M Chinnaswamy Stadium, Bengaluru",2022-03-29,0.2,0.4,0.2,0.4,0.0,0.9738269276114124,1.0176171388149695,0.8663617886178863,1.0,1.0471604938271606,1.0,1.0040816326530613,0.94680412371134,1.0570662581386443,0.9257536794878808,0.801007556675063,1.2004318100035984,0.8822222222222222,1.3703155818540436,-0.8090467281889042,-0.098979121001832,0.0014011658394522,-0.2539223871273355,-0.0069694908371532,-0.2547736094915072,2022,0.5,0.0,1.0,0.5,0.5,0.0,0.0,0.45454545454545453,0.2727272727272727,47.11467825104189,65.53391053391054,88.38351042896497,66.6472719199992,124.82323232323233,128.10606060606062,0.0,0.0,1.0,1.0,team1,official
1304052,Kolkata Knight Riders,Royal Challengers Bangalore,33.189115937538396,24.816569900041177,8.709090909090909,6.921212121212122,8.709090909090909,6.921212121212122,98.76371979179466,73.20876835367261,4.754726182908001,6.022545601972846,107.0,87.0,"M Chinnaswamy Stadium, Bengaluru",2022-03-30,0.8,0.4,0.8,0.4,0.0,1.056354633341193,1.0964395189813725,0.932418699186992,1.1242378048780488,1.06025,1.1131233595800525,0.946153846153846,0.954181818181818,0.9728073535044044,0.9536576024511682,1.1032745591939546,0.9269521410579344,0.9363207547169812,1.0614973262032086,-0.1527721215463077,0.8423983885264796,-0.6213392072502736,2.778823229819627,-0.6264797874730375,2.780826844024323,2022,0.4,0.0,1.0,1.0,0.0,12.0,-29.0,0.09090909090909091,0.2727272727272727,29.295093795093795,29.582972582972584,81.43531468531468,61.68226381461675,113.34415584415584,73.86363636363636,0.0,0.0,1.0,1.0,team2,official
1304053,Chennai Super Kings,Lucknow Super Giants,35.84634216051328,42.03266735841079,9.254545454545454,14.47272727272727,9.254545454545454,14.47272727272727,107.09386780777155,120.63010331591477,5.039206248297157,6.474403778040141,157.0,135.0,"M Chinnaswamy Stadium, Bengaluru",2022-03-31,0.4,0.0,0.4,0.0,0.0,0.954963452016034,0.8441405328931855,1.0670731707317074,0.8727134146341464,0.8863113897596657,1.0432964329643295,0.954181818181818,1.2862745098039214,1.068556108770586,0.9060567926902664,1.0982367758186398,0.8722562072688017,0.9363207547169812,1.0025252525252526,-0.0451861204573582,-1.373873233905892,-0.3037416169745134,-0.2694908964545788,-0.2857491243233013,-0.2702613669074044,2022,0.5,0.0,1.0,0.0,0.0,-12.0,-11.0,0.36363636363636365,0.45454545454545453,40.54178145087236,64.58015721652086,68.20529629859773,99.28032567680324,120.7311753902663,73.60750360750362,0.0,0.0,1.0,1.0,team2,official
1304054,Kolkata Knight Riders,Punjab Kings,39.72855740516169,46.729985412438175,8.322727272727274,11.181818181818182,8.451515151515151,11.181818181818182,120.80226205760965,140.73025440509693,5.804109867405322,6.384586107672232,90.0,99.0,"M Chinnaswamy Stadium, Bengaluru",2022-04-01,0.6,0.6,0.6,0.6,0.0,1.056354633341193,1.4147606696533837,0.932418699186992,1.1070884146341464,1.06025,1.0061684460260971,0.946153846153846,1.0330708661417325,0.9728073535044044,1.167368824205285,1.1032745591939546,1.1002518891687656,0.9363207547169812,0.9452380952380952,-0.1527721215463077,2.222188852492264,-0.6213392072502736,-0.2383538778000923,-0.6264797874730375,-0.23928585207561,2022,0.5,1.0,0.0,0.5,1.0,16.0,29.0,0.45454545454545453,0.18181818181818182,58.022366522366525,36.765446674537586,91.48226773226773,70.91294277123154,135.15151515151516,90.24200336700336,0.0,0.0,1.0,1.0,team1,official
1304055,Mumbai Indians,Rajasthan Royals,37.752023172905524,27.425693181058296,8.436363636363636,9.709090909090909,8.436363636363636,9.709090909090909,114.24613784907902,78.21897727019432,5.351880218946079,6.2718476977567885,136.0,134.0,"M Chinnaswamy Stadium, Bengaluru",2022-04-02,0.6,0.4,0.6,0.4,0.0,0.9195944352746992,0.9738269276114124,1.1928353658536586,0.8663617886178863,0.8315686274509805,1.0471604938271606,1.2148148148148148,1.0040816326530613,1.061662198391421,1.0570662581386443,1.1365239294710328,0.801007556675063,1.2822997416020672,0.8822222222222222,0.3259855832995194,-0.8090467281889042,-0.7272050706755269,0.0014011658394522,-0.7194063319684201,-0.0069694908371532,2022,0.75,1.0,0.0,0.0,1.0,9.0,56.0,0.36363636363636365,0.45454545454545453,53.32251082251082,45.45375079465989,79.88546806728624,77.74412788168769,93.44008264462809,73.5901875901876,0.0,0.0,1.0,1.0,team2,official
1304056,Delhi Capitals,Gujarat Titans,29.869469915111626,39.897289861168574,7.681818181818182,10.040909090909091,7.681818181818182,10.040909090909091,89.10429365643269,119.23036014328919,5.585834041181635,7.072886823515166,106.0,126.0,"M Chinnaswamy Stadium, Bengaluru",2022-04-02,0.4,1.0,0.4,1.0,0.0,1.0,0.9372789436453666,1.0492886178861789,0.9051067073170732,1.0318734793187347,0.9471803461753212,1.0,0.8717607973421926,0.9766373037150518,0.9766373037150518,1.0377833753148615,0.7506297229219143,1.1408045977011496,0.7324723247232473,-0.098979121001832,-0.8117363782161273,-0.2539223871273355,-0.1122489522494228,-0.2547736094915072,-0.1231276714563818,2022,0.5,1.0,0.0,1.0,1.0,-9.0,11.0,0.36363636363636365,0.36363636363636365,45.97578053259871,52.70365997638725,70.55444555444556,72.31734301052482,111.29870129870129,111.63239538239537,0.0,0.0,1.0,1.0,team2,official
1304057,Chennai Super Kings,Punjab Kings,37.205465865091526,38.60039580371685,10.654545454545454,9.9,10.654545454545454,9.9,109.5939771260627,115.29525873966222,7.354780469085282,5.871406786992912,101.0,129.0,"M Chinnaswamy Stadium, Bengaluru",2022-04-03,0.4,0.6,0.4,0.6,0.0,0.954963452016034,1.4147606696533837,1.0670731707317074,1.1070884146341464,0.8863113897596657,1.0061684460260971,0.954181818181818,1.0330708661417325,1.068556108770586,1.167368824205285,1.0982367758186398,1.1002518891687656,0.9363207547169812,0.9452380952380952,-0.0451861204573582,2.222188852492264,-0.3037416169745134,-0.2383538778000923,-0.2857491243233013,-0.23928585207561,2022,0.75,1.0,0.0,0.0,0.5,5.0,19.0,0.5454545454545454,0.2727272727272727,47.363898727535094,65.02662993572085,75.94916354246499,69.61074328721388,125.01989592898684,70.66738816738815,0.0,0.0,1.0,1.0,team2,official
1304058,Lucknow Super Giants,Sunrisers Hyderabad,44.04010471902997,33.63551599915236,14.236363636363636,8.363636363636363,14.236363636363636,8.363636363636363,127.53671269979687,100.73959878505333,6.155473875500613,6.378920169801116,116.0,112.0,"M Chinnaswamy Stadium, Bengaluru",2022-04-04,0.5,0.2,0.5,0.2,0.0,0.8441405328931855,1.0176171388149695,0.8727134146341464,1.0,1.0432964329643295,1.0,1.2862745098039214,0.94680412371134,0.9060567926902664,0.9257536794878808,0.8722562072688017,1.2004318100035984,1.0025252525252526,1.3703155818540436,-1.373873233905892,-0.098979121001832,-0.2694908964545788,-0.2539223871273355,-0.2702613669074044,-0.2547736094915072,2022,0.5,0.0,1.0,0.5,0.0,-16.5,-56.0,0.45454545454545453,0.45454545454545453,63.89689603325967,64.45887445887446,120.23877379434226,81.28868606141334,109.27038239538238,137.7886002886003,0.0,0.0,1.0,1.0,team1,official
1304059,Rajasthan Royals,Royal Challengers Bangalore,35.41794381784545,33.81144865764721,11.08,9.334848484848486,11.08,9.334848484848486,102.98647939281814,99.93109148508665,5.169992889463478,5.670795823113934,110.0,119.0,"M Chinnaswamy Stadium, Bengaluru",2022-04-05,0.6,0.4,0.6,0.4,0.0,0.9738269276114124,1.0964395189813725,0.8663617886178863,1.1242378048780488,1.0471604938271606,1.1131233595800525,1.0040816326530613,0.954181818181818,1.0570662581386443,0.9536576024511682,0.801007556675063,0.9269521410579344,0.8822222222222222,1.0614973262032086,-0.8090467281889042,0.8423983885264796,0.0014011658394522,2.778823229819627,-0.0069694908371532,2.780826844024323,2022,0.0,0.0,1.0,1.0,0.5,27.0,-24.5,0.5,0.45454545454545453,45.85810023310023,43.98484848484849,64.73715538847117,85.9109139523578,90.74285714285715,85.60606060606061,0.0,0.0,1.0,1.0,team2,official
1304060,Kolkata Knight Riders,Mumbai Indians,40.066757159952346,35.35741475102438,9.393939393939393,11.536363636363637,9.47121212121212,11.536363636363637,120.74121073519468,102.10653401856611,5.050117609663064,5.868782282076681,122.0,122.0,"M Chinnaswamy Stadium, Bengaluru",2022-04-06,0.6,0.4,0.6,0.4,0.0,1.056354633341193,0.9195944352746992,0.932418699186992,1.1928353658536586,1.06025,0.8315686274509805,0.946153846153846,1.2148148148148148,0.9728073535044044,1.061662198391421,1.1032745591939546,1.1365239294710328,0.9363207547169812,1.2822997416020672,-0.1527721215463077,0.3259855832995194,-0.6213392072502736,-0.7272050706755269,-0.6264797874730375,-0.7194063319684201,2022,0.25,1.0,0.0,0.6666666666666666,0.0,7.666666666666667,5.5,0.36363636363636365,0.45454545454545453,76.6082251082251,53.1024531024531,106.50793650793649,76.62212720825163,128.1570512820513,102.33471074380166,0.0,0.0,1.0,1.0,team1,official
1304061,Delhi Capitals,Lucknow Super Giants,33.70278000371584,45.59467920786016,9.236363636363636,13.554545454545455,9.236363636363636,13.554545454545455,99.73653940632552,133.60044584438236,5.811197964246092,7.202748003630356,96.0,101.0,"M Chinnaswamy Stadium, Bengaluru",2022-04-07,0.2,0.6666666666666666,0.2,0.6666666666666666,0.0,1.0,0.8441405328931855,1.0492886178861789,0.8727134146341464,1.0318734793187347,1.0432964329643295,1.0,1.2862745098039214,0.9766373037150518,0.9060567926902664,1.0377833753148615,0.8722562072688017,1.1408045977011496,1.0025252525252526,-0.098979121001832,-1.373873233905892,-0.2539223871273355,-0.2694908964545788,-0.2547736094915072,-0.2702613669074044,2022,0.5,0.0,1.0,0.5,0.6666666666666666,-14.5,-9.666666666666666,0.5454545454545454,0.45454545454545453,40.13728191000918,47.79877193513557,91.79353054353054,132.58612599521692,109.96031746031746,124.11616161616162,0.0,0.0,1.0,1.0,team2,official
1304062,Gujarat Titans,Punjab Kings,32.13389604026789,42.09472689152387,8.8,11.872727272727273,8.8,11.872727272727273,94.99965346755964,124.18242297174623,5.024276377217554,6.084855750310296,104.0,142.0,"M Chinnaswamy Stadium, Bengaluru",2022-04-08,1.0,0.6,1.0,0.6,0.0,0.9372789436453666,1.4147606696533837,0.9051067073170732,1.1070884146341464,0.9471803461753212,1.0061684460260971,0.8717607973421926,1.0330708661417325,0.9766373037150518,1.167368824205285,0.7506297229219143,1.1002518891687656,0.7324723247232473,0.9452380952380952,-0.8117363782161273,2.222188852492264,-0.1122489522494228,-0.2383538778000923,-0.1231276714563818,-0.23928585207561,2022,0.5,1.0,0.0,1.0,0.6666666666666666,15.5,22.0,0.6,0.36363636363636365,42.59069264069264,62.120490620490614,76.4489528989529,80.11675450712885,84.06547619047619,91.72799422799423,0.0,0.0,1.0,1.0,team1,official
1304063,Chennai Super Kings,Sunrisers Hyderabad,36.237738592364266,31.34567582417582,10.245454545454546,7.220000000000001,10.245454545454546,7.220000000000001,106.90458318666875,94.5389194139194,6.32251801861709,6.724008604398698,109.0,115.0,"M Chinnaswamy Stadium, Bengaluru",2022-04-09,0.4,0.2,0.4,0.2,0.0,0.954963452016034,1.0176171388149695,1.0670731707317074,1.0,0.8863113897596657,1.0,0.954181818181818,0.94680412371134,1.068556108770586,0.9257536794878808,1.0982367758186398,1.2004318100035984,0.9363207547169812,1.3703155818540436,-0.0451861204573582,-0.098979121001832,-0.3037416169745134,-0.2539223871273355,-0.2857491243233013,-0.2547736094915072,2022,0.75,0.0,1.0,0.0,0.0,-6.0,-30.0,0.36363636363636365,0.6,50.59392627574446,65.46031746031747,75.13774104683195,63.616883116883116,132.34006734006735,91.8452380952381,0.0,0.0,1.0,1.0,team2,official
1304064,Mumbai Indians,Royal Challengers Bangalore,45.2649970676976,36.19471784796243,14.775757575757575,10.47121212121212,14.775757575757575,10.47121212121212,131.04594982161828,106.44501908916772,5.481052380399411,6.681056183238846,121.0,106.0,"M Chinnaswamy Stadium, Bengaluru",2022-04-09,0.4,0.6,0.4,0.6,0.0,0.9195944352746992,1.0964395189813725,1.1928353658536586,1.1242378048780488,0.8315686274509805,1.1131233595800525,1.2148148148148148,0.954181818181818,1.061662198391421,0.9536576024511682,1.1365239294710328,0.9269521410579344,1.2822997416020672,1.0614973262032086,0.3259855832995194,0.8423983885264796,-0.7272050706755269,2.778823229819627,-0.7194063319684201,2.780826844024323,2022,0.375,0.0,1.0,0.0,0.6666666666666666,3.6666666666666665,-13.333333333333334,0.36363636363636365,0.5454545454545454,66.22582972582973,40.02002164502165,103.5209468008511,88.38387370205552,141.5771349862259,111.06060606060606,0.0,0.0,1.0,1.0,team2,official
1304065,Delhi Capitals,Kolkata Knight Riders,33.22904119736473,42.79558586912196,9.5,10.327272727272726,9.5,10.327272727272726,97.83680399121576,128.70043774555805,6.264337397896221,5.775417309962765,158.0,141.0,"M Chinnaswamy Stadium, Bengaluru",2022-04-10,0.2,0.6,0.2,0.6,0.0,1.0,1.056354633341193,1.0492886178861789,0.932418699186992,1.0318734793187347,1.06025,1.0,0.946153846153846,0.9766373037150518,0.9728073535044044,1.0377833753148615,1.1032745591939546,1.1408045977011496,0.9363207547169812,-0.098979121001832,-0.1527721215463077,-0.2539223871273355,-0.6213392072502736,-0.2547736094915072,-0.6264797874730375,2022,0.4,0.0,1.0,0.3333333333333333,0.75,-11.333333333333334,5.75,0.3,0.36363636363636365,41.81230795348442,78.35064935064935,87.30530118030117,112.69264543935597,101.4563492063492,124.38616938616939,0.0,0.0,1.0,1.0,team1,official
1304066,Lucknow Super Giants,Rajasthan Royals,42.0205575680429,29.74888797477033,11.231818181818182,9.872727272727273,11.231818181818182,9.872727272727273,124.92913128741574,85.74477809771928,7.99594415388533,4.979374742904155,121.0,106.0,"M Chinnaswamy Stadium, Bengaluru",2022-04-10,0.75,0.4,0.75,0.4,0.0,0.8441405328931855,0.9738269276114124,0.8727134146341464,0.8663617886178863,1.0432964329643295,1.0471604938271606,1.2862745098039214,1.0040816326530613,0.9060567926902664,1.0570662581386443,0.8722562072688017,0.801007556675063,1.0025252525252526,0.8822222222222222,-1.373873233905892,-0.8090467281889042,-0.2694908964545788,0.0014011658394522,-0.2702613669074044,-0.0069694908371532,2022,0.5,1.0,0.0,0.75,0.6666666666666666,-6.0,15.0,0.36363636363636365,0.36363636363636365,39.11662075298438,27.610899201808294,106.9337374480915,67.02974378093995,120.75667388167386,67.81998556998558,0.0,0.0,1.0,1.0,team2,official
1304067,Gujarat Titans,Sunrisers Hyderabad,38.13900121433155,34.95965417915417,10.796969696969697,8.819999999999999,10.796969696969697,8.819999999999999,112.26131717908497,104.37218059718059,5.938223059268655,6.665126781886843,111.0,119.0,"M Chinnaswamy Stadium, Bengaluru",2022-04-11,1.0,0.4,1.0,0.4,0.0,0.9372789436453666,1.0176171388149695,0.9051067073170732,1.0,0.9471803461753212,1.0,0.8717607973421926,0.94680412371134,0.9766373037150518,0.9257536794878808,0.7506297229219143,1.2004318100035984,0.7324723247232473,1.3703155818540436,-0.8117363782161273,-0.098979121001832,-0.1122489522494228,-0.2539223871273355,-0.1231276714563818,-0.2547736094915072,2022,0.5,0.0,1.0,1.0,0.3333333333333333,-2.3333333333333335,-18.0,0.36363636363636365,0.5,47.88154269972452,59.906349206349205,84.50667241008149,82.21037581699348,100.13528138528137,116.40079365079364,0.0,0.0,1.0,1.0,team2,official
1304068,Chennai Super Kings,Royal Challengers Bangalore,35.58035510470495,35.319771430743295,9.437037037037037,10.727272727272727,9.437037037037037,10.727272727272727,105.78143059593009,103.14772295096249,9.1210842013164,6.047913465299126,129.0,135.0,"M Chinnaswamy Stadium, Bengaluru",2022-04-12,0.2,0.6,0.2,0.6,0.0,0.954963452016034,1.0964395189813725,1.0670731707317074,1.1242378048780488,0.8863113897596657,1.1131233595800525,0.954181818181818,0.954181818181818,1.068556108770586,0.9536576024511682,1.0982367758186398,0.9269521410579344,0.9363207547169812,1.0614973262032086,-0.0451861204573582,0.8423983885264796,-0.3037416169745134,2.778823229819627,-0.2857491243233013,2.780826844024323,2022,0.75,0.0,1.0,0.0,0.75,-6.0,-13.75,0.6666666666666666,0.2727272727272727,58.643839185505854,33.05122655122655,60.70987654320988,87.67332415059687,108.38477366255144,129.16666666666666,0.0,0.0,1.0,1.0,team1,official
1304069,Mumbai Indians,Punjab Kings,41.36632385439872,45.04395591485164,13.69090909090909,11.9,13.69090909090909,11.9,119.27865527223815,133.97530759496001,7.88304194492064,5.856788173947265,130.0,130.0,"M Chinnaswamy Stadium, Bengaluru",2022-04-13,0.2,0.6,0.2,0.6,0.0,0.9195944352746992,1.4147606696533837,1.1928353658536586,1.1070884146341464,0.8315686274509805,1.0061684460260971,1.2148148148148148,1.0330708661417325,1.061662198391421,1.167368824205285,1.1365239294710328,1.1002518891687656,1.2822997416020672,0.9452380952380952,0.3259855832995194,2.222188852492264,-0.7272050706755269,-0.2383538778000923,-0.7194063319684201,-0.23928585207561,2022,0.375,1.0,0.0,0.0,0.5,6.5,26.0,0.45454545454545453,0.45454545454545453,69.55844155844156,61.90662115662115,81.18792246937477,84.23829201101928,137.0286741877651,111.65912370457823,0.0,0.0,1.0,1.0,team2,official
1304070,Gujarat Titans,Rajasthan Royals,37.62310592350491,34.819901355329165,10.504545454545454,11.145454545454546,10.504545454545454,11.145454545454546,111.14974701774362,100.91482269958206,5.9145037908428,5.852587118763589,114.0,116.0,"M Chinnaswamy Stadium, Bengaluru",2022-04-14,0.75,0.6,0.75,0.6,0.0,0.9372789436453666,0.9738269276114124,0.9051067073170732,0.8663617886178863,0.9471803461753212,1.0471604938271606,0.8717607973421926,1.0040816326530613,0.9766373037150518,1.0570662581386443,0.7506297229219143,0.801007556675063,0.7324723247232473,0.8822222222222222,-0.8117363782161273,-0.8090467281889042,-0.1122489522494228,0.0014011658394522,-0.1231276714563818,-0.0069694908371532,2022,0.5,0.0,1.0,0.75,0.75,-3.75,7.5,0.45454545454545453,0.18181818181818182,46.141449459631275,32.674169265078355,91.85320739866194,90.01318205983279,103.8203463203463,67.88095238095238,0.0,0.0,1.0,1.0,team1,official
1304071,Kolkata Knight Riders,Sunrisers Hyderabad,42.106158651954104,34.13424423538844,9.10909090909091,8.436363636363636,9.4,8.436363636363636,127.62052883984703,102.13232926947661,5.596197136197136,6.168973911677965,146.0,114.0,"M Chinnaswamy Stadium, Bengaluru",2022-04-15,0.6,0.4,0.6,0.4,0.0,1.056354633341193,1.0176171388149695,0.932418699186992,1.0,1.06025,1.0,0.946153846153846,0.94680412371134,0.9728073535044044,0.9257536794878808,1.1032745591939546,1.2004318100035984,0.9363207547169812,1.3703155818540436,-0.1527721215463077,-0.098979121001832,-0.6213392072502736,-0.2539223871273355,-0.6264797874730375,-0.2547736094915072,2022,0.875,0.0,1.0,0.6,0.5,1.2,-11.5,0.36363636363636365,0.5454545454545454,54.9810606060606,43.374458874458874,101.98854003323818,62.9719463542993,86.67929292929294,124.13179413179411,0.0,0.0,1.0,1.0,team2,official
1304072,Lucknow Super Giants,Mumbai Indians,49.963087350821226,38.22428422735909,10.86,13.45909090909091,10.86,13.45909090909091,151.8236245027374,109.18852318210607,7.336073721256383,7.995893938987803,132.0,124.0,"M Chinnaswamy Stadium, Bengaluru",2022-04-16,0.6,0.0,0.6,0.0,0.0,0.8441405328931855,0.9195944352746992,0.8727134146341464,1.1928353658536586,1.0432964329643295,0.8315686274509805,1.2862745098039214,1.2148148148148148,0.9060567926902664,1.061662198391421,0.8722562072688017,1.1365239294710328,1.0025252525252526,1.2822997416020672,-1.373873233905892,0.3259855832995194,-0.2694908964545788,-0.7272050706755269,-0.2702613669074044,-0.7194063319684201,2022,0.5,0.0,1.0,0.6,0.0,-1.8,5.2,0.5,0.36363636363636365,60.96984126984127,70.06060606060606,130.18870539579922,88.14843993348074,151.0966810966811,117.29322445231537,0.0,0.0,1.0,1.0,team1,official
1304073,Delhi Capitals,Royal Challengers Bangalore,34.85852635184186,56.557375400635586,9.672727272727274,12.509090909090908,9.672727272727274,12.509090909090908,102.95266359704864,171.5548876990883,7.927265794998697,5.694878232284649,143.0,124.0,"M Chinnaswamy Stadium, Bengaluru",2022-04-16,0.4,0.6,0.4,0.6,0.0,1.0,1.0964395189813725,1.0492886178861789,1.1242378048780488,1.0318734793187347,1.1131233595800525,1.0,0.954181818181818,0.9766373037150518,0.9536576024511682,1.0377833753148615,0.9269521410579344,1.1408045977011496,1.0614973262032086,-0.098979121001832,0.8423983885264796,-0.2539223871273355,2.778823229819627,-0.2547736094915072,2.780826844024323,2022,0.5,1.0,0.0,0.5,0.6,-4.25,-9.8,0.45454545454545453,0.36363636363636365,39.16579202140699,49.22871572871573,89.16884041884042,133.14786118763394,119.25685425685425,186.38383838383837,0.0,0.0,1.0,1.0,team2,official
1304074,Punjab Kings,Sunrisers Hyderabad,44.146157668831464,38.28539759665622,11.433333333333334,10.253333333333334,11.433333333333334,10.253333333333334,131.59426293650893,113.49354754440961,5.893157318023628,7.521748028545242,108.0,103.0,"M Chinnaswamy Stadium, Bengaluru",2022-04-17,0.6,0.6,0.6,0.6,0.0,1.4147606696533837,1.0176171388149695,1.1070884146341464,1.0,1.0061684460260971,1.0,1.0330708661417325,0.94680412371134,1.167368824205285,0.9257536794878808,1.1002518891687656,1.2004318100035984,0.9452380952380952,1.3703155818540436,2.222188852492264,-0.098979121001832,-0.2383538778000923,-0.2539223871273355,-0.23928585207561,-0.2547736094915072,2022,0.5,0.0,1.0,0.6,0.6,20.8,-15.6,0.36363636363636365,0.5,63.76234876234876,49.345238095238095,74.51208352946321,74.5546218487395,128.45205299750754,133.09325396825398,0.0,0.0,1.0,1.0,team2,official
1304075,Chennai Super Kings,Gujarat Titans,35.40888217870881,26.27408201280635,10.785,7.6499999999999995,10.785,7.6499999999999995,103.38960726236269,77.08936428511208,8.584843981611783,5.786984725800515,113.0,110.0,"M Chinnaswamy Stadium, Bengaluru",2022-04-17,0.2,0.8,0.2,0.8,0.0,0.954963452016034,0.9372789436453666,1.0670731707317074,0.9051067073170732,0.8863113897596657,0.9471803461753212,0.954181818181818,0.8717607973421926,1.068556108770586,0.9766373037150518,1.0982367758186398,0.7506297229219143,0.9363207547169812,0.7324723247232473,-0.0451861204573582,-0.8117363782161273,-0.3037416169745134,-0.1122489522494228,-0.2857491243233013,-0.1231276714563818,2022,0.5,0.0,1.0,0.2,0.8,-6.0,-3.4,0.5,0.36363636363636365,64.75555555555556,28.079889807162534,57.57142857142858,73.65530303030305,124.11706349206347,81.29058441558442,0.0,0.0,1.0,1.0,team2,official
1304076,Kolkata Knight Riders,Rajasthan Royals,48.81600977305523,40.29240774377138,10.745454545454546,10.96969696969697,10.745454545454546,10.590909090909092,148.19275984957804,119.89590460045005,7.057555777555778,4.770798319327731,129.0,150.0,"M Chinnaswamy Stadium, Bengaluru",2022-04-18,0.4,0.6,0.4,0.6,0.0,1.056354633341193,0.9738269276114124,0.932418699186992,0.8663617886178863,1.06025,1.0471604938271606,0.946153846153846,1.0040816326530613,0.9728073535044044,1.0570662581386443,1.1032745591939546,0.801007556675063,0.9363207547169812,0.8822222222222222,-0.1527721215463077,-0.8090467281889042,-0.6213392072502736,0.0014011658394522,-0.6264797874730375,-0.0069694908371532,2022,0.75,1.0,0.0,0.5,0.6,6.333333333333333,6.4,0.45454545454545453,0.45454545454545453,63.67171717171718,48.63009213009213,113.39660090511484,89.81131255772404,79.7807621671258,107.06078643578644,0.0,0.0,1.0,1.0,team2,official
1304077,Lucknow Super Giants,Royal Challengers Bangalore,52.61348358142346,53.73209684255138,12.30909090909091,11.218181818181819,12.30909090909091,11.218181818181819,158.72979375626002,163.87668644486826,6.716680422260918,5.686307808899984,119.0,122.0,"M Chinnaswamy Stadium, Bengaluru",2022-04-19,0.8,0.8,0.8,0.8,0.0,0.8441405328931855,1.0964395189813725,0.8727134146341464,1.1242378048780488,1.0432964329643295,1.1131233595800525,1.2862745098039214,0.954181818181818,0.9060567926902664,0.9536576024511682,0.8722562072688017,0.9269521410579344,1.0025252525252526,1.0614973262032086,-1.373873233905892,0.8423983885264796,-0.2694908964545788,2.778823229819627,-0.2702613669074044,2.780826844024323,2022,0.5,1.0,0.0,0.6666666666666666,0.6666666666666666,-0.16666666666666666,-11.333333333333334,0.36363636363636365,0.36363636363636365,65.20293595293596,45.063732563732565,138.90495278939215,118.6311163583891,147.85304342122524,175.14141414141415,0.0,0.0,1.0,1.0,team2,official
1304078,Delhi Capitals,Punjab Kings,36.66773006586732,42.13429963085044,10.622222222222222,11.127272727272727,10.622222222222222,11.127272727272727,107.64058170103922,125.38402907253176,6.61194330208262,5.357408168925549,73.0,77.0,"M Chinnaswamy Stadium, Bengaluru",2022-04-20,0.4,0.4,0.4,0.4,0.0,1.0,1.4147606696533837,1.0492886178861789,1.1070884146341464,1.0318734793187347,1.0061684460260971,1.0,1.0330708661417325,0.9766373037150518,1.167368824205285,1.0377833753148615,1.1002518891687656,1.1408045977011496,0.9452380952380952,-0.098979121001832,2.222188852492264,-0.2539223871273355,-0.2383538778000923,-0.2547736094915072,-0.23928585207561,2022,0.625,1.0,0.0,0.4,0.5,0.4,18.166666666666668,0.6666666666666666,0.2727272727272727,41.80308362661304,62.6995781995782,91.74382716049382,82.59310060112199,113.50970017636683,115.01541387905026,0.0,0.0,1.0,1.0,team1,official
1304079,Chennai Super Kings,Mumbai Indians,37.13274695001967,39.98538951690021,10.945454545454545,12.77727272727273,10.945454545454545,12.77727272727273,108.91218680309589,116.0255408139098,7.863393779423191,6.862084071290377,112.0,113.0,"M Chinnaswamy Stadium, Bengaluru",2022-04-21,0.2,0.0,0.2,0.0,0.0,0.954963452016034,0.9195944352746992,1.0670731707317074,1.1928353658536586,0.8863113897596657,0.8315686274509805,0.954181818181818,1.2148148148148148,1.068556108770586,1.061662198391421,1.0982367758186398,1.1365239294710328,0.9363207547169812,1.2822997416020672,-0.0451861204573582,0.3259855832995194,-0.3037416169745134,-0.7272050706755269,-0.2857491243233013,-0.7194063319684201,2022,0.5,1.0,0.0,0.16666666666666666,0.0,-4.5,3.0,0.36363636363636365,0.36363636363636365,49.96536796536796,49.28787878787878,98.64595505504597,70.51134800923711,106.18001443001444,113.27020202020202,0.0,0.0,1.0,1.0,team1,official
1304080,Delhi Capitals,Rajasthan Royals,38.280990129425255,41.59103493874546,10.272727272727273,11.940000000000001,10.272727272727273,11.940000000000001,113.50633073444783,122.15678312915153,6.621641366889045,6.573474789915966,131.0,132.0,"M Chinnaswamy Stadium, Bengaluru",2022-04-22,0.4,0.6,0.4,0.6,0.0,1.0,0.9738269276114124,1.0492886178861789,0.8663617886178863,1.0318734793187347,1.0471604938271606,1.0,1.0040816326530613,0.9766373037150518,1.0570662581386443,1.0377833753148615,0.801007556675063,1.1408045977011496,0.8822222222222222,-0.098979121001832,-0.8090467281889042,-0.2539223871273355,0.0014011658394522,-0.2547736094915072,-0.0069694908371532,2022,0.75,1.0,0.0,0.5,0.6666666666666666,-0.3333333333333333,8.833333333333334,0.45454545454545453,0.6,48.36103112573701,52.099964088199386,96.6021016021016,97.75721685721685,101.85425685425686,96.67162698412699,0.0,0.0,1.0,1.0,team2,official
1304081,Gujarat Titans,Kolkata Knight Riders,29.724495765720107,44.63152329384304,10.4,10.727272727272727,10.4,10.727272727272727,84.90589497664278,134.17780491887075,6.739967138125033,7.3740714187773,105.0,123.0,"M Chinnaswamy Stadium, Bengaluru",2022-04-23,0.8,0.4,0.8,0.4,0.0,0.9372789436453666,1.056354633341193,0.9051067073170732,0.932418699186992,0.9471803461753212,1.06025,0.8717607973421926,0.946153846153846,0.9766373037150518,0.9728073535044044,0.7506297229219143,1.1032745591939546,0.7324723247232473,0.9363207547169812,-0.8117363782161273,-0.1527721215463077,-0.1122489522494228,-0.6213392072502736,-0.1231276714563818,-0.6264797874730375,2022,0.5,1.0,1.0,0.8333333333333334,0.42857142857142855,-3.3333333333333335,2.4285714285714284,0.45454545454545453,0.36363636363636365,58.414294459749,70.47727272727273,78.59776334776336,97.45480987450802,96.24188311688312,111.9777318640955,0.0,0.0,1.0,1.0,team1,official
1304082,Royal Challengers Bangalore,Sunrisers Hyderabad,52.61342548524367,36.91116035207187,11.70909090909091,9.4125,11.70909090909091,9.4125,159.51141828414555,110.03095117357287,5.559081873071107,6.256679937709349,49.0,45.0,"M Chinnaswamy Stadium, Bengaluru",2022-04-23,0.8,0.8,0.8,0.8,0.0,1.0964395189813725,1.0176171388149695,1.1242378048780488,1.0,1.1131233595800525,1.0,0.954181818181818,0.94680412371134,0.9536576024511682,0.9257536794878808,0.9269521410579344,1.2004318100035984,1.0614973262032086,1.3703155818540436,0.8423983885264796,-0.098979121001832,2.778823229819627,-0.2539223871273355,2.780826844024323,-0.2547736094915072,2022,0.4,0.0,1.0,0.7142857142857143,0.6666666666666666,-9.285714285714286,-13.833333333333334,0.0,0.625,51.5031265031265,56.13095238095238,117.65588788316062,63.546451914098974,178.13564213564214,110.0,0.0,0.0,1.0,1.0,team2,official
1304083,Lucknow Super Giants,Mumbai Indians,41.32433855977844,40.15527758337919,11.218181818181819,11.963636363636363,11.218181818181819,11.963636363636363,122.60840125986755,117.68122830823367,5.583368097330946,7.5236674878737935,110.0,82.0,"M Chinnaswamy Stadium, Bengaluru",2022-04-24,0.6,0.0,0.6,0.0,0.0,0.8441405328931855,0.9195944352746992,0.8727134146341464,1.1928353658536586,1.0432964329643295,0.8315686274509805,1.2862745098039214,1.2148148148148148,0.9060567926902664,1.061662198391421,0.8722562072688017,1.1365239294710328,1.0025252525252526,1.2822997416020672,-1.373873233905892,0.3259855832995194,-0.2694908964545788,-0.7272050706755269,-0.2702613669074044,-0.7194063319684201,2022,1.0,0.0,1.0,0.5714285714285714,0.0,-0.5714285714285714,2.7142857142857144,0.45454545454545453,0.45454545454545453,77.00780280325735,53.88670798898072,124.57877847830001,80.01796579336687,107.32921749967204,103.27080327080328,0.0,0.0,1.0,1.0,team1,official
1304084,Chennai Super Kings,Punjab Kings,39.845019677292406,38.73100229182582,11.043939393939395,11.040000000000001,11.043939393939395,11.040000000000001,117.81117670208579,114.14334097275272,5.481891553188344,4.92812611897906,122.0,104.0,"M Chinnaswamy Stadium, Bengaluru",2022-04-25,0.4,0.4,0.4,0.4,0.0,0.954963452016034,1.4147606696533837,1.0670731707317074,1.1070884146341464,0.8863113897596657,1.0061684460260971,0.954181818181818,1.0330708661417325,1.068556108770586,1.167368824205285,1.0982367758186398,1.1002518891687656,0.9363207547169812,0.9452380952380952,-0.0451861204573582,2.222188852492264,-0.3037416169745134,-0.2383538778000923,-0.2857491243233013,-0.23928585207561,2022,0.6,1.0,0.0,0.2857142857142857,0.42857142857142855,-4.0,16.142857142857142,0.36363636363636365,0.5,63.23396300669027,86.21199633699635,95.84997578179396,109.16738816738817,113.36315536315537,76.08712121212122,0.0,0.0,1.0,1.0,team2,official
1304085,Rajasthan Royals,Royal Challengers Bangalore,38.232630700982455,44.78169532146805,10.781818181818181,10.231818181818182,10.781818181818181,10.231818181818182,112.73907203357788,135.39352985943896,5.805393430099312,5.542642479131714,98.0,86.0,"M Chinnaswamy Stadium, Bengaluru",2022-04-26,0.6,0.6,0.6,0.6,0.0,0.9738269276114124,1.0964395189813725,0.8663617886178863,1.1242378048780488,1.0471604938271606,1.1131233595800525,1.0040816326530613,0.954181818181818,1.0570662581386443,0.9536576024511682,0.801007556675063,0.9269521410579344,0.8822222222222222,1.0614973262032086,-0.8090467281889042,0.8423983885264796,0.0014011658394522,2.778823229819627,-0.0069694908371532,2.780826844024323,2022,0.0,0.0,1.0,0.7142857142857143,0.625,7.714285714285714,-7.625,0.36363636363636365,0.36363636363636365,46.885748238689416,46.95851370851371,90.33683908683908,120.5974580974581,122.52525252525253,148.04473304473305,0.0,0.0,1.0,1.0,team1,official
1304086,Gujarat Titans,Sunrisers Hyderabad,29.353821440045785,30.473604465176475,9.518181818181818,10.418181818181818,9.518181818181818,10.418181818181818,84.873344194092,87.28777245967916,6.636364272747611,6.007715519774343,118.0,114.0,"M Chinnaswamy Stadium, Bengaluru",2022-04-27,0.8,1.0,0.8,1.0,0.0,0.9372789436453666,1.0176171388149695,0.9051067073170732,1.0,0.9471803461753212,1.0,0.8717607973421926,0.94680412371134,0.9766373037150518,0.9257536794878808,0.7506297229219143,1.2004318100035984,0.7324723247232473,1.3703155818540436,-0.8117363782161273,-0.098979121001832,-0.1122489522494228,-0.2539223871273355,-0.1231276714563818,-0.2547736094915072,2022,0.0,1.0,0.0,0.8571428571428571,0.7142857142857143,-5.428571428571429,-12.428571428571429,0.36363636363636365,0.45454545454545453,55.44964799510254,51.16932310114128,78.57488849534305,76.75267572593776,92.18434343434343,99.71139971139972,0.0,0.0,1.0,1.0,team1,official
1304087,Delhi Capitals,Kolkata Knight Riders,38.890633623186396,39.788255724092224,11.627272727272727,11.836363636363638,11.627272727272727,11.836363636363638,113.82332419850012,116.53660998939831,7.989720943987058,5.209009519891873,114.0,97.0,"M Chinnaswamy Stadium, Bengaluru",2022-04-28,0.4,0.2,0.4,0.2,0.0,1.0,1.056354633341193,1.0492886178861789,0.932418699186992,1.0318734793187347,1.06025,1.0,0.946153846153846,0.9766373037150518,0.9728073535044044,1.0377833753148615,1.1032745591939546,1.1408045977011496,0.9363207547169812,-0.098979121001832,-0.1527721215463077,-0.2539223871273355,-0.6213392072502736,-0.2547736094915072,-0.6264797874730375,2022,0.4,1.0,0.0,0.42857142857142855,0.375,-0.42857142857142855,4.375,0.2727272727272727,0.45454545454545453,48.99739476210064,81.46969696969697,98.19005994005994,111.87052719812006,104.0909090909091,41.007040097949194,0.0,0.0,1.0,1.0,team1,official
1304088,Lucknow Super Giants,Punjab Kings,43.32186500746618,39.59862567616579,10.327272727272726,11.127272727272727,10.327272727272726,11.127272727272727,130.3819742673115,116.99541892055262,6.9452321891215085,5.817501302056607,100.0,93.0,"M Chinnaswamy Stadium, Bengaluru",2022-04-29,0.6,0.4,0.6,0.4,0.0,0.8441405328931855,1.4147606696533837,0.8727134146341464,1.1070884146341464,1.0432964329643295,1.0061684460260971,1.2862745098039214,1.0330708661417325,0.9060567926902664,1.167368824205285,0.8722562072688017,1.1002518891687656,1.0025252525252526,0.9452380952380952,-1.373873233905892,2.222188852492264,-0.2694908964545788,-0.2383538778000923,-0.2702613669074044,-0.23928585207561,2022,0.5,0.0,1.0,0.625,0.5,3.0,11.875,0.36363636363636365,0.36363636363636365,70.31427663245846,79.83089133089133,108.9651686033265,108.99926593509481,127.29404433949888,99.85307621671258,0.0,0.0,1.0,1.0,team1,official
1304089,Gujarat Titans,Royal Challengers Bangalore,30.61880672357945,39.293538441212235,10.212121212121211,10.181818181818182,10.212121212121211,10.181818181818182,88.30713352304261,117.16634025858625,5.665660487837521,6.174735622174055,119.0,124.0,"M Chinnaswamy Stadium, Bengaluru",2022-04-30,0.8,0.4,0.8,0.4,0.0,0.9372789436453666,1.0964395189813725,0.9051067073170732,1.1242378048780488,0.9471803461753212,1.1131233595800525,0.8717607973421926,0.954181818181818,0.9766373037150518,0.9536576024511682,0.7506297229219143,0.9269521410579344,0.7324723247232473,1.0614973262032086,-0.8117363782161273,0.8423983885264796,-0.1122489522494228,2.778823229819627,-0.1231276714563818,2.780826844024323,2022,0.5,0.0,0.0,0.875,0.5555555555555556,-4.25,-8.11111111111111,0.45454545454545453,0.45454545454545453,61.64225589225589,47.70328282828282,82.35471599107963,102.63035983624219,71.29960317460318,117.82587782587784,0.0,0.0,1.0,1.0,team1,official
1304090,Mumbai Indians,Rajasthan Royals,30.097667601654376,40.00233203632972,8.82121212121212,11.254545454545454,8.82121212121212,11.254545454545454,88.40030614692873,117.96534921200818,5.2139861531657195,6.365690290102055,107.0,88.0,"M Chinnaswamy Stadium, Bengaluru",2022-04-30,0.0,0.8,0.0,0.8,0.0,0.9195944352746992,0.9738269276114124,1.1928353658536586,0.8663617886178863,0.8315686274509805,1.0471604938271606,1.2148148148148148,1.0040816326530613,1.061662198391421,1.0570662581386443,1.1365239294710328,0.801007556675063,1.2822997416020672,0.8822222222222222,0.3259855832995194,-0.8090467281889042,-0.7272050706755269,0.0014011658394522,-0.7194063319684201,-0.0069694908371532,2022,0.6,1.0,0.0,0.0,0.75,-1.125,8.25,0.45454545454545453,0.36363636363636365,42.878787878787875,56.408114761055934,56.004475916240615,102.82448611994067,74.57070707070707,121.506734006734,0.0,0.0,1.0,1.0,team1,official
1304091,Delhi Capitals,Lucknow Super Giants,39.52152593052255,43.86720108830635,12.012121212121212,11.161666666666667,12.012121212121212,11.161666666666667,115.35862178861053,131.05844807213228,8.07925028719287,6.885864308936677,153.0,138.0,"M Chinnaswamy Stadium, Bengaluru",2022-05-01,0.6,0.6,0.6,0.6,0.0,1.0,0.8441405328931855,1.0492886178861789,0.8727134146341464,1.0318734793187347,1.0432964329643295,1.0,1.2862745098039214,0.9766373037150518,0.9060567926902664,1.0377833753148615,0.8722562072688017,1.1408045977011496,1.0025252525252526,-0.098979121001832,-1.373873233905892,-0.2539223871273355,-0.2694908964545788,-0.2547736094915072,-0.2702613669074044,2022,0.0,0.0,0.0,0.5,0.6666666666666666,1.75,3.4444444444444446,0.2727272727272727,0.5,65.10689310689311,63.14711122211122,93.56920856920857,113.08813700918964,110.6204906204906,143.3270202020202,0.0,0.0,1.0,1.0,team2,official
1304092,Chennai Super Kings,Sunrisers Hyderabad,26.288544973544973,43.05709718457828,6.127777777777777,10.19090909090909,6.127777777777777,10.19090909090909,79.23033509700177,129.57214213041246,5.51065956646839,6.213934300993125,105.0,121.0,"M Chinnaswamy Stadium, Bengaluru",2022-05-01,0.4,0.8,0.4,0.8,0.0,0.954963452016034,1.0176171388149695,1.0670731707317074,1.0,0.8863113897596657,1.0,0.954181818181818,0.94680412371134,1.068556108770586,0.9257536794878808,1.0982367758186398,1.2004318100035984,0.9363207547169812,1.3703155818540436,-0.0451861204573582,-0.098979121001832,-0.3037416169745134,-0.2539223871273355,-0.2857491243233013,-0.2547736094915072,2022,0.6,0.0,1.0,0.25,0.625,-1.25,-11.375,0.6666666666666666,0.36363636363636365,32.673721340388006,45.78800996982815,55.29180695847362,78.72950282041192,60.44135802469137,96.77849927849928,0.0,0.0,1.0,1.0,team1,official
1304093,Kolkata Knight Riders,Rajasthan Royals,36.42712291239889,38.71747422615571,10.886666666666667,10.30909090909091,10.886666666666667,10.036363636363637,106.60818748577408,115.35370196597358,6.532572375508908,5.7790860120271885,100.0,104.0,"M Chinnaswamy Stadium, Bengaluru",2022-05-02,0.0,0.6,0.0,0.6,0.0,1.056354633341193,0.9738269276114124,0.932418699186992,0.8663617886178863,1.06025,1.0471604938271606,0.946153846153846,1.0040816326530613,0.9728073535044044,1.0570662581386443,1.1032745591939546,0.801007556675063,0.9363207547169812,0.8822222222222222,-0.1527721215463077,-0.8090467281889042,-0.6213392072502736,0.0014011658394522,-0.6264797874730375,-0.0069694908371532,2022,0.6,1.0,0.0,0.3333333333333333,0.6666666666666666,2.0,5.222222222222222,0.5,0.45454545454545453,84.10555555555555,57.78618113912232,101.56010737628384,96.40105265105264,57.01388888888889,131.36363636363637,0.0,0.0,1.0,1.0,team1,official
1304094,Gujarat Titans,Punjab Kings,32.78354365331638,36.493158613354694,11.313636363636364,9.455555555555556,11.313636363636364,9.455555555555556,93.98453945044854,108.83645463710823,6.247812588481039,7.065966459867388,103.0,83.0,"M Chinnaswamy Stadium, Bengaluru",2022-05-03,1.0,0.4,1.0,0.4,0.0,0.9372789436453666,1.4147606696533837,0.9051067073170732,1.1070884146341464,0.9471803461753212,1.0061684460260971,0.8717607973421926,1.0330708661417325,0.9766373037150518,1.167368824205285,0.7506297229219143,1.1002518891687656,0.7324723247232473,0.9452380952380952,-0.8117363782161273,2.222188852492264,-0.1122489522494228,-0.2383538778000923,-0.1231276714563818,-0.23928585207561,2022,1.0,1.0,1.0,0.8888888888888888,0.4444444444444444,-4.333333333333333,9.777777777777779,0.36363636363636365,0.5555555555555556,62.44788797061524,62.11334961334962,79.31767895404259,86.6736241246045,73.23322510822511,122.87037037037037,0.0,0.0,1.0,1.0,team2,official
1304095,Chennai Super Kings,Royal Challengers Bangalore,32.533164719384814,36.9569158240633,12.463636363636363,10.436363636363636,12.463636363636363,10.436363636363636,91.60751876158575,109.0382042620292,6.093357925496963,6.11974916478118,122.0,114.0,"M Chinnaswamy Stadium, Bengaluru",2022-05-04,0.6,0.4,0.6,0.4,0.0,0.954963452016034,1.0964395189813725,1.0670731707317074,1.1242378048780488,0.8863113897596657,1.1131233595800525,0.954181818181818,0.954181818181818,1.068556108770586,0.9536576024511682,1.0982367758186398,0.9269521410579344,0.9363207547169812,1.0614973262032086,-0.0451861204573582,0.8423983885264796,-0.3037416169745134,2.778823229819627,-0.2857491243233013,2.780826844024323,2022,0.8,1.0,0.0,0.3333333333333333,0.5,-2.888888888888889,-6.8,0.36363636363636365,0.5454545454545454,46.12429489702217,46.081918081918076,117.20697213780218,107.2804156627686,94.82972582972583,129.13900913900915,0.0,0.0,1.0,1.0,team2,official
1304096,Delhi Capitals,Sunrisers Hyderabad,35.939206508241604,35.571885280494904,10.794444444444444,10.30909090909091,10.794444444444444,10.30909090909091,105.02698465710162,104.62749638952847,7.6697852531598665,6.097317382870437,128.0,130.0,"M Chinnaswamy Stadium, Bengaluru",2022-05-05,0.4,0.6,0.4,0.6,0.0,1.0,1.0176171388149695,1.0492886178861789,1.0,1.0318734793187347,1.0,1.0,0.94680412371134,0.9766373037150518,0.9257536794878808,1.0377833753148615,1.2004318100035984,1.1408045977011496,1.3703155818540436,-0.098979121001832,-0.098979121001832,-0.2539223871273355,-0.2539223871273355,-0.2547736094915072,-0.2547736094915072,2022,0.5,0.0,1.0,0.4444444444444444,0.5555555555555556,3.2222222222222223,-8.333333333333334,0.5555555555555556,0.45454545454545453,70.32838303671639,41.876574183392364,95.84472934472936,79.07667584940313,75.25573192239858,84.35786435786436,0.0,0.0,1.0,1.0,team1,official
1304097,Gujarat Titans,Mumbai Indians,35.23066887657797,33.412160702136774,11.895454545454545,8.463636363636363,11.895454545454545,8.463636363636363,101.42950231586596,99.83447506772865,5.710274475969663,5.777652814396411,116.0,121.0,"M Chinnaswamy Stadium, Bengaluru",2022-05-06,0.8,0.2,0.8,0.2,0.0,0.9372789436453666,0.9195944352746992,0.9051067073170732,1.1928353658536586,0.9471803461753212,0.8315686274509805,0.8717607973421926,1.2148148148148148,0.9766373037150518,1.061662198391421,0.7506297229219143,1.1365239294710328,0.7324723247232473,1.2822997416020672,-0.8117363782161273,0.3259855832995194,-0.1122489522494228,-0.7272050706755269,-0.1231276714563818,-0.7194063319684201,2022,0.5,1.0,0.0,0.8,0.1111111111111111,-1.9,1.1111111111111112,0.45454545454545453,0.45454545454545453,58.18273645546373,37.50367309458218,76.9186890550527,53.965811965811966,90.02435064935065,94.12698412698414,0.0,0.0,1.0,1.0,team2,official
1304098,Punjab Kings,Rajasthan Royals,38.92256672620309,36.18949890082744,9.672727272727274,10.436363636363636,9.672727272727274,10.436363636363636,116.57825272370728,106.40742057851571,5.520631937721721,9.343863881216821,129.0,120.0,"M Chinnaswamy Stadium, Bengaluru",2022-05-07,0.4,0.6,0.4,0.6,0.0,1.4147606696533837,0.9738269276114124,1.1070884146341464,0.8663617886178863,1.0061684460260971,1.0471604938271606,1.0330708661417325,1.0040816326530613,1.167368824205285,1.0570662581386443,1.1002518891687656,0.801007556675063,0.9452380952380952,0.8822222222222222,2.222188852492264,-0.8090467281889042,-0.2383538778000923,0.0014011658394522,-0.23928585207561,-0.0069694908371532,2022,0.25,1.0,1.0,0.5,0.6,6.8,5.1,0.45454545454545453,0.45454545454545453,74.0487012987013,67.45147039532065,99.66468884650703,85.77200577200577,118.7121212121212,95.77561327561328,0.0,0.0,1.0,1.0,team2,official
1304099,Kolkata Knight Riders,Lucknow Super Giants,32.757239303961484,44.59867131062951,11.013636363636364,7.055,11.013636363636364,7.055,93.9786764677504,138.92057103543172,7.7482044515199595,8.043800307535601,78.0,120.0,"M Chinnaswamy Stadium, Bengaluru",2022-05-07,0.2,0.8,0.2,0.8,0.0,1.056354633341193,0.8441405328931855,0.932418699186992,0.8727134146341464,1.06025,1.0432964329643295,0.946153846153846,1.2862745098039214,0.9728073535044044,0.9060567926902664,1.1032745591939546,0.8722562072688017,0.9363207547169812,1.0025252525252526,-0.1527721215463077,-1.373873233905892,-0.6213392072502736,-0.2694908964545788,-0.6264797874730375,-0.2702613669074044,2022,0.5,1.0,0.0,0.4,0.7,1.4,1.6,0.36363636363636365,0.5,74.27705627705627,42.650216450216455,79.85972360972362,72.18353174603175,54.62656871747781,139.8174603174603,0.0,0.0,1.0,1.0,team2,official
1304100,Royal Challengers Bangalore,Sunrisers Hyderabad,35.2700437418971,44.35996646661097,9.945454545454545,9.995000000000001,9.945454545454545,9.995000000000001,104.033479139657,134.35988822203657,6.09356612861292,6.833024093553506,138.0,100.0,"M Chinnaswamy Stadium, Bengaluru",2022-05-08,0.4,0.4,0.4,0.4,0.0,1.0964395189813725,1.0176171388149695,1.1242378048780488,1.0,1.1131233595800525,1.0,0.954181818181818,0.94680412371134,0.9536576024511682,0.9257536794878808,0.9269521410579344,1.2004318100035984,1.0614973262032086,1.3703155818540436,0.8423983885264796,-0.098979121001832,2.778823229819627,-0.2539223871273355,2.780826844024323,-0.2547736094915072,2022,0.2,1.0,1.0,0.5454545454545454,0.5,-6.909090909090909,-7.3,0.5454545454545454,0.6,49.372502497502495,34.17772366522367,103.1422896028511,70.53826500297089,111.02453102453102,119.52777777777779,0.0,0.0,1.0,1.0,team1,official
1304101,Chennai Super Kings,Delhi Capitals,41.61206195448759,39.76084553686299,13.384848484848487,12.572727272727274,13.384848484848487,12.572727272727274,120.66040853516064,115.40887906227057,5.225066217205254,6.28596198060313,119.0,88.0,"M Chinnaswamy Stadium, Bengaluru",2022-05-08,0.4,0.6,0.4,0.6,0.0,0.954963452016034,1.0,1.0670731707317074,1.0492886178861789,0.8863113897596657,1.0318734793187347,0.954181818181818,1.0,1.068556108770586,0.9766373037150518,1.0982367758186398,1.0377833753148615,0.9363207547169812,1.1408045977011496,-0.0451861204573582,-0.098979121001832,-0.3037416169745134,-0.2539223871273355,-0.2857491243233013,-0.2547736094915072,2022,0.2,0.0,1.0,0.3,0.5,-1.8,2.7,0.45454545454545453,0.18181818181818182,50.06932966023874,57.411780139052865,100.96322598496512,98.92338054102761,146.1038961038961,134.15584415584416,0.0,0.0,1.0,1.0,team1,official
1304102,Kolkata Knight Riders,Mumbai Indians,38.4832813679581,31.56999650269985,11.163636363636364,7.4363636363636365,11.163636363636364,7.4363636363636365,113.02911971137547,95.10907925142375,8.892520046798122,6.047965056334039,128.0,71.0,"M Chinnaswamy Stadium, Bengaluru",2022-05-09,0.2,0.4,0.2,0.4,0.0,1.056354633341193,0.9195944352746992,0.932418699186992,1.1928353658536586,1.06025,0.8315686274509805,0.946153846153846,1.2148148148148148,0.9728073535044044,1.061662198391421,1.1032745591939546,1.1365239294710328,0.9363207547169812,1.2822997416020672,-0.1527721215463077,0.3259855832995194,-0.6213392072502736,-0.7272050706755269,-0.6264797874730375,-0.7194063319684201,2022,0.4,0.0,1.0,0.36363636363636365,0.2,-2.5454545454545454,1.5,0.45454545454545453,0.45454545454545453,62.175324675324674,28.041322314049584,106.79609973359975,48.093434343434346,88.50550964187327,75.06132756132757,0.0,0.0,1.0,1.0,team1,official
1304103,Gujarat Titans,Lucknow Super Giants,31.370994413223517,45.83167234000333,9.527272727272727,11.781818181818183,9.527272727272727,11.781818181818183,91.68513289256323,136.77224113334444,5.23482861823419,6.419898241241824,85.0,64.0,"M Chinnaswamy Stadium, Bengaluru",2022-05-10,0.6,0.8,0.6,0.8,0.0,0.9372789436453666,0.8441405328931855,0.9051067073170732,0.8727134146341464,0.9471803461753212,1.0432964329643295,0.8717607973421926,1.2862745098039214,0.9766373037150518,0.9060567926902664,0.7506297229219143,0.8722562072688017,0.7324723247232473,1.0025252525252526,-0.8117363782161273,-1.373873233905892,-0.1122489522494228,-0.2694908964545788,-0.1231276714563818,-0.2702613669074044,2022,1.0,1.0,1.0,0.7272727272727273,0.7272727272727273,-2.1818181818181817,5.2727272727272725,0.45454545454545453,0.45454545454545453,48.78809069718161,54.387738524102154,66.67983952074862,81.8458404965582,52.80086580086579,128.69047619047618,0.0,0.0,1.0,1.0,team1,official
1304104,Delhi Capitals,Rajasthan Royals,39.16352695406875,34.33249602863318,11.577777777777778,9.318181818181818,11.577777777777778,9.318181818181818,114.75249725430324,101.76286554998939,7.507170092835728,9.359604904899022,92.0,115.0,"M Chinnaswamy Stadium, Bengaluru",2022-05-11,0.4,0.6,0.4,0.6,0.0,1.0,0.9738269276114124,1.0492886178861789,0.8663617886178863,1.0318734793187347,1.0471604938271606,1.0,1.0040816326530613,0.9766373037150518,1.0570662581386443,1.0377833753148615,0.801007556675063,1.1408045977011496,0.8822222222222222,-0.098979121001832,-0.8090467281889042,-0.2539223871273355,0.0014011658394522,-0.2547736094915072,-0.0069694908371532,2022,0.6,1.0,0.0,0.45454545454545453,0.6363636363636364,-0.36363636363636365,3.8181818181818183,0.5555555555555556,0.36363636363636365,76.22855539522206,68.58033254624164,93.71954878817624,89.67203548085901,111.65784832451499,119.69696969696969,0.0,0.0,1.0,1.0,team1,official
1304105,Chennai Super Kings,Mumbai Indians,42.23778421934028,29.128811778333308,12.557575757575757,7.072727272727272,12.557575757575757,7.072727272727272,123.75827063012417,87.45967562474739,4.874518200159911,4.520252516348773,76.0,64.0,"M Chinnaswamy Stadium, Bengaluru",2022-05-12,0.6,0.4,0.6,0.4,0.0,0.954963452016034,0.9195944352746992,1.0670731707317074,1.1928353658536586,0.8863113897596657,0.8315686274509805,0.954181818181818,1.2148148148148148,1.068556108770586,1.061662198391421,1.0982367758186398,1.1365239294710328,0.9363207547169812,1.2822997416020672,-0.0451861204573582,0.3259855832995194,-0.3037416169745134,-0.7272050706755269,-0.2857491243233013,-0.7194063319684201,2022,0.6,0.0,1.0,0.36363636363636365,0.18181818181818182,1.1818181818181819,-3.8181818181818183,0.36363636363636365,0.45454545454545453,54.11891643709826,34.182736455463726,100.51573298608872,66.03174603174602,107.27272727272727,64.36507936507937,0.0,0.0,1.0,1.0,team2,official
1304106,Punjab Kings,Royal Challengers Bangalore,45.478889696162426,36.457898665193206,10.481818181818182,9.836363636363636,10.481818181818182,9.836363636363636,137.35690504781414,108.12026827791674,5.64762010107352,5.908119981622655,140.0,113.0,"M Chinnaswamy Stadium, Bengaluru",2022-05-13,0.4,0.4,0.4,0.4,0.0,1.4147606696533837,1.0964395189813725,1.1070884146341464,1.1242378048780488,1.0061684460260971,1.1131233595800525,1.0330708661417325,0.954181818181818,1.167368824205285,0.9536576024511682,1.1002518891687656,0.9269521410579344,0.9452380952380952,1.0614973262032086,2.222188852492264,0.8423983885264796,-0.2383538778000923,2.778823229819627,-0.23928585207561,2.780826844024323,2022,0.8,0.0,1.0,0.45454545454545453,0.5833333333333334,7.0,-3.1666666666666665,0.45454545454545453,0.2727272727272727,62.002459661550574,40.940684315684315,105.46327788373242,101.90095332475012,145.13888888888889,114.37229437229438,0.0,0.0,1.0,1.0,team1,official
1304107,Kolkata Knight Riders,Sunrisers Hyderabad,38.59407015597259,39.43220410115531,10.854545454545455,10.072727272727272,10.854545454545455,10.072727272727272,113.86508233809045,117.7921954886995,8.11864870142523,7.871245198651616,122.0,91.0,"M Chinnaswamy Stadium, Bengaluru",2022-05-14,0.4,0.2,0.4,0.2,0.0,1.056354633341193,1.0176171388149695,0.932418699186992,1.0,1.06025,1.0,0.946153846153846,0.94680412371134,0.9728073535044044,0.9257536794878808,1.1032745591939546,1.2004318100035984,0.9363207547169812,1.3703155818540436,-0.1527721215463077,-0.098979121001832,-0.6213392072502736,-0.2539223871273355,-0.6264797874730375,-0.2547736094915072,2022,0.7,1.0,1.0,0.4166666666666667,0.45454545454545453,2.4166666666666665,-10.090909090909092,0.36363636363636365,0.45454545454545453,80.63852813852814,41.4923914469369,110.95870795870796,88.83995930787374,80.22727272727273,94.17929292929293,0.0,0.0,1.0,1.0,team1,official
1304108,Chennai Super Kings,Gujarat Titans,33.56393142580786,28.665871787441766,9.004545454545454,8.04,9.004545454545454,8.04,99.76461990420802,84.51290595813921,3.7659299034299036,5.381277583098017,79.0,67.0,"M Chinnaswamy Stadium, Bengaluru",2022-05-15,0.4,0.6,0.4,0.6,0.0,0.954963452016034,0.9372789436453666,1.0670731707317074,0.9051067073170732,0.8863113897596657,0.9471803461753212,0.954181818181818,0.8717607973421926,1.068556108770586,0.9766373037150518,1.0982367758186398,0.7506297229219143,0.9363207547169812,0.7324723247232473,-0.0451861204573582,-0.8117363782161273,-0.3037416169745134,-0.1122489522494228,-0.2857491243233013,-0.1231276714563818,2022,0.0,1.0,1.0,0.3333333333333333,0.75,2.0833333333333335,-0.25,0.45454545454545453,0.5,64.8732782369146,48.06946386946387,105.45379595646976,55.24430014430014,66.69913419913419,71.61904761904762,0.0,0.0,1.0,1.0,team2,official
1304109,Lucknow Super Giants,Rajasthan Royals,40.3043699932273,32.09564991786115,9.945454545454545,8.654545454545454,9.945454545454545,8.654545454545454,120.77820300772736,95.17337851408264,7.5537183605164895,9.348136177547941,115.0,130.0,"M Chinnaswamy Stadium, Bengaluru",2022-05-15,0.8,0.4,0.8,0.4,0.0,0.8441405328931855,0.9738269276114124,0.8727134146341464,0.8663617886178863,1.0432964329643295,1.0471604938271606,1.2862745098039214,1.0040816326530613,0.9060567926902664,1.0570662581386443,0.8722562072688017,0.801007556675063,1.0025252525252526,0.8822222222222222,-1.373873233905892,-0.8090467281889042,-0.2694908964545788,0.0014011658394522,-0.2702613669074044,-0.0069694908371532,2022,0.0,0.0,0.0,0.6666666666666666,0.5833333333333334,3.0833333333333335,5.416666666666667,0.45454545454545453,0.36363636363636365,78.33776072412435,71.06770628361538,107.94844549390004,88.80156608097785,119.76551226551227,75.10606060606061,0.0,0.0,1.0,1.0,team2,official
1304110,Delhi Capitals,Punjab Kings,37.6573747197544,44.20779442779443,11.618181818181817,10.909090909090908,11.618181818181817,10.909090909090908,109.65185512645407,132.52295112295113,7.210363065961152,5.522165555618975,116.0,110.0,"M Chinnaswamy Stadium, Bengaluru",2022-05-16,0.6,0.6,0.6,0.6,0.0,1.0,1.4147606696533837,1.0492886178861789,1.1070884146341464,1.0318734793187347,1.0061684460260971,1.0,1.0330708661417325,0.9766373037150518,1.167368824205285,1.0377833753148615,1.1002518891687656,1.1408045977011496,0.9452380952380952,-0.098979121001832,2.222188852492264,-0.2539223871273355,-0.2383538778000923,-0.2547736094915072,-0.23928585207561,2022,0.7,0.0,1.0,0.5,0.5,-2.25,8.666666666666666,0.36363636363636365,0.36363636363636365,59.54414272596091,56.880165289256205,94.86734225370589,95.24887812722037,194.86291486291486,128.64478114478115,0.0,0.0,1.0,1.0,team1,official
1304111,Mumbai Indians,Sunrisers Hyderabad,24.622551372072905,32.518382922334126,6.375757575757576,9.963636363636363,6.375757575757576,9.963636363636363,73.42870659377837,94.94612489262892,4.193803308990475,6.996928926688285,114.0,135.0,"M Chinnaswamy Stadium, Bengaluru",2022-05-17,0.6,0.0,0.6,0.0,0.0,0.9195944352746992,1.0176171388149695,1.1928353658536586,1.0,0.8315686274509805,1.0,1.2148148148148148,0.94680412371134,1.061662198391421,0.9257536794878808,1.1365239294710328,1.2004318100035984,1.2822997416020672,1.3703155818540436,0.3259855832995194,-0.098979121001832,-0.7272050706755269,-0.2539223871273355,-0.7194063319684201,-0.2547736094915072,2022,0.75,1.0,0.0,0.25,0.4166666666666667,-4.5,-11.833333333333334,0.5454545454545454,0.45454545454545453,39.586776859504134,38.552538370720185,51.935107376283845,76.8562056877565,56.62337662337663,58.762626262626256,0.0,0.0,1.0,1.0,team2,official
1304112,Kolkata Knight Riders,Lucknow Super Giants,36.32123631517224,40.28485570211963,10.527272727272727,9.825,10.527272727272727,9.825,106.70715135360443,120.83285234039879,7.730849317208731,8.099387426299192,147.0,97.0,"M Chinnaswamy Stadium, Bengaluru",2022-05-18,0.6,0.6,0.6,0.6,0.0,1.056354633341193,0.8441405328931855,0.932418699186992,0.8727134146341464,1.06025,1.0432964329643295,0.946153846153846,1.2862745098039214,0.9728073535044044,0.9060567926902664,1.1032745591939546,0.8722562072688017,0.9363207547169812,1.0025252525252526,-0.1527721215463077,-1.373873233905892,-0.6213392072502736,-0.2694908964545788,-0.6264797874730375,-0.2702613669074044,2022,0.0,0.0,0.0,0.46153846153846156,0.6153846153846154,4.615384615384615,1.6923076923076923,0.2727272727272727,0.75,60.324675324675326,34.948502886002885,100.43489843489843,133.81944444444446,98.72895622895622,135.29265873015873,0.0,0.0,1.0,1.0,team2,official
1304113,Gujarat Titans,Royal Challengers Bangalore,29.179712502957937,40.78077591362885,8.436363636363636,8.92,8.436363636363636,8.92,85.7263144037992,123.66258637876285,6.288782205223241,6.4514706861765685,127.0,89.0,"M Chinnaswamy Stadium, Bengaluru",2022-05-19,0.6,0.4,0.6,0.4,0.0,0.9372789436453666,1.0964395189813725,0.9051067073170732,1.1242378048780488,0.9471803461753212,1.1131233595800525,0.8717607973421926,0.954181818181818,0.9766373037150518,0.9536576024511682,0.7506297229219143,0.9269521410579344,0.7324723247232473,1.0614973262032086,-0.8117363782161273,0.8423983885264796,-0.1122489522494228,2.778823229819627,-0.1231276714563818,2.780826844024323,2022,1.0,1.0,1.0,0.7692307692307693,0.5384615384615384,-1.1538461538461537,-5.0,0.45454545454545453,0.6,44.67523133432224,63.478205128205126,60.26646333464516,85.8960242372007,90.15151515151516,139.50396825396825,0.0,0.0,1.0,1.0,team2,official
1304114,Chennai Super Kings,Rajasthan Royals,35.1298188716953,34.21743639294906,10.56969696969697,9.545454545454545,10.56969696969697,9.545454545454545,102.71555785514596,101.11266676437566,4.762721520903339,8.38170359052712,98.0,103.0,"M Chinnaswamy Stadium, Bengaluru",2022-05-20,0.4,0.4,0.4,0.4,0.0,0.954963452016034,0.9738269276114124,1.0670731707317074,0.8663617886178863,0.8863113897596657,1.0471604938271606,0.954181818181818,1.0040816326530613,1.068556108770586,1.0570662581386443,1.0982367758186398,0.801007556675063,0.9363207547169812,0.8822222222222222,-0.0451861204573582,-0.8090467281889042,-0.3037416169745134,0.0014011658394522,-0.2857491243233013,-0.0069694908371532,2022,0.25,1.0,1.0,0.3076923076923077,0.6153846153846154,2.8461538461538463,6.153846153846154,0.45454545454545453,0.36363636363636365,77.13590449954087,64.04028925619834,110.43606310375667,87.01475811769929,78.87445887445887,81.98773448773449,0.0,0.0,1.0,1.0,team2,official
1304115,Delhi Capitals,Mumbai Indians,39.25024065951873,37.20245769382134,12.727272727272727,9.0,12.727272727272727,9.0,113.46443856203214,111.8354650400105,5.729262108095488,6.3733089993785175,119.0,117.0,"M Chinnaswamy Stadium, Bengaluru",2022-05-21,0.6,0.6,0.6,0.6,0.0,1.0,0.9195944352746992,1.0492886178861789,1.1928353658536586,1.0318734793187347,0.8315686274509805,1.0,1.2148148148148148,0.9766373037150518,1.061662198391421,1.0377833753148615,1.1365239294710328,1.1408045977011496,1.2822997416020672,-0.098979121001832,0.3259855832995194,-0.2539223871273355,-0.7272050706755269,-0.2547736094915072,-0.7194063319684201,2022,0.6,0.0,1.0,0.5384615384615384,0.23076923076923078,-1.6153846153846154,-5.769230769230769,0.45454545454545453,0.45454545454545453,66.22200022200022,55.22268135904499,105.81095041322314,99.83554027671674,150.16594516594517,90.47619047619047,0.0,0.0,1.0,1.0,team2,official
1304116,Punjab Kings,Sunrisers Hyderabad,36.83857950130677,35.60902440206651,9.909090909090908,10.527272727272727,9.909090909090908,10.527272727272727,109.32859833768924,104.56947527961566,4.356299605966789,8.6548662033154,101.0,121.0,"M Chinnaswamy Stadium, Bengaluru",2022-05-22,0.4,0.2,0.4,0.2,0.0,1.4147606696533837,1.0176171388149695,1.1070884146341464,1.0,1.0061684460260971,1.0,1.0330708661417325,0.94680412371134,1.167368824205285,0.9257536794878808,1.1002518891687656,1.2004318100035984,0.9452380952380952,1.3703155818540436,2.222188852492264,-0.098979121001832,-0.2383538778000923,-0.2539223871273355,-0.23928585207561,-0.2547736094915072,2022,0.4,0.0,0.0,0.46153846153846156,0.46153846153846156,7.538461538461538,-9.307692307692308,0.36363636363636365,0.36363636363636365,62.6383313656041,39.5322051685688,79.7819736710111,84.56881079407817,85.15151515151514,87.57575757575756,0.0,0.0,1.0,1.0,team1,official
1312197,Gujarat Titans,Rajasthan Royals,30.403692300262282,33.92206307061922,8.5,10.054545454545455,8.5,10.054545454545455,89.80564100087426,99.4493011444883,5.328624967739519,8.265491033031141,95.0,111.0,"M Chinnaswamy Stadium, Bengaluru",2022-05-24,0.4,0.6,0.4,0.6,0.0,0.9372789436453666,0.9738269276114124,0.9051067073170732,0.8663617886178863,0.9471803461753212,1.0471604938271606,0.8717607973421926,1.0040816326530613,0.9766373037150518,1.0570662581386443,0.7506297229219143,0.801007556675063,0.7324723247232473,0.8822222222222222,-0.8117363782161273,-0.8090467281889042,-0.1122489522494228,0.0014011658394522,-0.1231276714563818,-0.0069694908371532,2022,1.0,1.0,0.0,0.7142857142857143,0.6428571428571429,1.6428571428571428,6.071428571428571,0.5,0.45454545454545453,47.688966588966586,61.96453168044077,58.585745137215724,80.34494304714893,88.97222222222221,89.68614718614718,0.0,0.0,1.0,1.0,team1,official
1312198,Lucknow Super Giants,Royal Challengers Bangalore,42.12184493197018,47.813311337785024,12.354545454545455,10.854545454545455,12.354545454545455,10.854545454545455,123.6788770459612,144.5777044592834,5.6907205628596,6.331054444664071,129.0,131.0,"M Chinnaswamy Stadium, Bengaluru",2022-05-25,0.6,0.6,0.6,0.6,0.0,0.8441405328931855,1.0964395189813725,0.8727134146341464,1.1242378048780488,1.0432964329643295,1.1131233595800525,1.2862745098039214,0.954181818181818,0.9060567926902664,0.9536576024511682,0.8722562072688017,0.9269521410579344,1.0025252525252526,1.0614973262032086,-1.373873233905892,0.8423983885264796,-0.2694908964545788,2.778823229819627,-0.2702613669074044,2.780826844024323,2022,0.0,1.0,0.0,0.6428571428571429,0.5714285714285714,-2.0,-7.357142857142857,0.45454545454545453,0.45454545454545453,91.64069264069263,67.1944721944722,124.15335169880623,107.72311695038967,155.27417027417027,140.58561808561808,0.0,0.0,1.0,1.0,team2,official
1312199,Rajasthan Royals,Royal Challengers Bangalore,35.24156837606838,46.83801024103231,10.82,11.290909090909091,10.82,11.290909090909091,102.84522792022793,140.7994280761683,5.613198389845449,6.5453214739571335,111.0,105.0,"M Chinnaswamy Stadium, Bengaluru",2022-05-27,0.6,0.8,0.6,0.8,0.0,0.9738269276114124,1.0964395189813725,0.8663617886178863,1.1242378048780488,1.0471604938271606,1.1131233595800525,1.0040816326530613,0.954181818181818,1.0570662581386443,0.9536576024511682,0.801007556675063,0.9269521410579344,0.8822222222222222,1.0614973262032086,-0.8090467281889042,0.8423983885264796,0.0014011658394522,2.778823229819627,-0.0069694908371532,2.780826844024323,2022,0.2,1.0,0.0,0.6,0.6,6.733333333333333,-6.733333333333333,0.5,0.36363636363636365,68.9952380952381,71.64174209628754,71.43667178409825,104.04395520304611,103.60073260073258,177.88419913419912,0.0,0.0,1.0,1.0,team1,official
1312200,Gujarat Titans,Rajasthan Royals,36.68622171202699,35.17253625162716,9.42,10.654545454545454,9.42,10.654545454545454,109.49240570675663,102.85390871754508,5.8124784235372475,4.945126682586575,98.0,94.0,"M Chinnaswamy Stadium, Bengaluru",2022-05-29,0.6,0.6,0.6,0.6,0.0,0.9372789436453666,0.9738269276114124,0.9051067073170732,0.8663617886178863,0.9471803461753212,1.0471604938271606,0.8717607973421926,1.0040816326530613,0.9766373037150518,1.0570662581386443,0.7506297229219143,0.801007556675063,0.7324723247232473,0.8822222222222222,-0.8117363782161273,-0.8090467281889042,-0.1122489522494228,0.0014011658394522,-0.1231276714563818,-0.0069694908371532,2022,1.0,0.0,0.0,0.7333333333333333,0.625,0.4666666666666667,6.6875,0.5,0.36363636363636365,46.58084693084693,58.45954045954047,62.5641001155707,73.54391441891441,111.87037037037037,97.6973026973027,0.0,0.0,1.0,1.0,team1,official
1359475,Chennai Super Kings,Gujarat Titans,36.10963861166271,34.57562619607461,11.483333333333334,8.927272727272728,11.483333333333334,8.927272727272728,105.02101759443126,103.20360247176383,5.197536213786214,6.674640511004148,125.0,140.0,"M Chinnaswamy Stadium, Bengaluru",2023-03-31,0.2,0.8,0.2,0.8,0.0,0.954963452016034,0.9372789436453666,1.0670731707317074,0.9051067073170732,0.8863113897596657,0.9471803461753212,0.954181818181818,0.8717607973421926,1.068556108770586,0.9766373037150518,1.0982367758186398,0.7506297229219143,0.9363207547169812,0.7324723247232473,-0.0451861204573582,-0.8117363782161273,-0.3037416169745134,-0.1122489522494228,-0.2857491243233013,-0.1231276714563818,2023,0.0,0.0,1.0,0.5,0.5,0.0,0.0,0.4166666666666667,0.45454545454545453,95.41470258136924,41.91332404968769,82.11465480207488,60.545355194419365,101.0785934744268,114.21717171717172,0.0,0.0,1.0,1.0,team2,official
1359476,Kolkata Knight Riders,Punjab Kings,28.278953823953827,39.2624688420741,7.233333333333333,7.716666666666666,7.233333333333333,7.716666666666666,84.26040163540164,120.35267391802479,8.005925483185544,5.160772165141361,124.0,143.0,"M Chinnaswamy Stadium, Bengaluru",2023-04-01,0.6,0.6,0.6,0.6,0.0,1.056354633341193,1.4147606696533837,0.932418699186992,1.1070884146341464,1.06025,1.0061684460260971,0.946153846153846,1.0330708661417325,0.9728073535044044,1.167368824205285,1.1032745591939546,1.1002518891687656,0.9363207547169812,0.9452380952380952,-0.1527721215463077,2.222188852492264,-0.6213392072502736,-0.2383538778000923,-0.6264797874730375,-0.23928585207561,2023,0.6,1.0,0.0,0.5,0.5,0.0,0.0,0.4166666666666667,0.4166666666666667,33.586309523809526,55.24404761904762,86.9351343101343,65.38111772486772,76.47376543209877,102.98500881834214,0.0,0.0,1.0,1.0,team2,official
1359477,Delhi Capitals,Lucknow Super Giants,32.24167172288496,36.311061155746096,10.133333333333333,10.65,10.133333333333333,10.65,93.76112796517208,106.50353718582032,5.55080010675599,5.843367882117882,98.0,129.0,"M Chinnaswamy Stadium, Bengaluru",2023-04-01,0.6,0.4,0.6,0.4,0.0,1.0,0.8441405328931855,1.0492886178861789,0.8727134146341464,1.0318734793187347,1.0432964329643295,1.0,1.2862745098039214,0.9766373037150518,0.9060567926902664,1.0377833753148615,0.8722562072688017,1.1408045977011496,1.0025252525252526,-0.098979121001832,-1.373873233905892,-0.2539223871273355,-0.2694908964545788,-0.2547736094915072,-0.2702613669074044,2023,0.0,1.0,0.0,0.5,0.5,0.0,0.0,0.3333333333333333,0.4166666666666667,48.56184556184556,50.50444925444925,72.83639971139971,104.2322342236558,120.57208994708996,99.94047619047619,0.0,0.0,1.0,1.0,team2,official
1359478,Rajasthan Royals,Sunrisers Hyderabad,37.51467390796338,24.0214570582674,9.616666666666667,6.455555555555556,9.616666666666667,6.455555555555556,112.04335747098905,71.30856056459504,5.413220251970252,8.220868861530626,129.0,107.0,"M Chinnaswamy Stadium, Bengaluru",2023-04-02,0.6,0.2,0.6,0.2,0.0,0.9738269276114124,1.0176171388149695,0.8663617886178863,1.0,1.0471604938271606,1.0,1.0040816326530613,0.94680412371134,1.0570662581386443,0.9257536794878808,0.801007556675063,1.2004318100035984,0.8822222222222222,1.3703155818540436,-0.8090467281889042,-0.098979121001832,0.0014011658394522,-0.2539223871273355,-0.0069694908371532,-0.2547736094915072,2023,0.6,0.0,1.0,0.5,0.5,0.0,0.0,0.5,0.25,40.52309727309728,44.30950530950531,68.00466007757673,45.28037730243613,109.12596662596663,77.61111111111111,0.0,0.0,1.0,1.0,team1,official
1359479,Mumbai Indians,Royal Challengers Bangalore,30.512144704710497,27.313704589528115,8.616666666666667,7.2,8.616666666666667,7.2,90.10159346014609,81.28568196509373,2.3319734432234434,5.590313506668769,127.0,107.0,"M Chinnaswamy Stadium, Bengaluru",2023-04-02,0.6,0.6,0.6,0.6,0.0,0.9195944352746992,1.0964395189813725,1.1928353658536586,1.1242378048780488,0.8315686274509805,1.1131233595800525,1.2148148148148148,0.954181818181818,1.061662198391421,0.9536576024511682,1.1365239294710328,0.9269521410579344,1.2822997416020672,1.0614973262032086,0.3259855832995194,0.8423983885264796,-0.7272050706755269,2.778823229819627,-0.7194063319684201,2.780826844024323,2023,0.3,0.0,1.0,0.5,0.5,0.0,0.0,0.3333333333333333,0.7,45.493686868686865,31.092424242424237,87.00507553448729,75.33513523513523,45.899470899470906,107.00595238095238,0.0,0.0,1.0,1.0,team2,official
1359480,Chennai Super Kings,Lucknow Super Giants,34.51260644288661,41.44112473453729,10.35,11.333333333333334,10.35,11.333333333333334,101.20868814295538,122.62597133734654,6.080299411201114,6.009439863255653,124.0,124.0,"M Chinnaswamy Stadium, Bengaluru",2023-04-03,0.2,0.4,0.2,0.4,0.0,0.954963452016034,0.8441405328931855,1.0670731707317074,0.8727134146341464,0.8863113897596657,1.0432964329643295,0.954181818181818,1.2862745098039214,1.068556108770586,0.9060567926902664,1.0982367758186398,0.8722562072688017,0.9363207547169812,1.0025252525252526,-0.0451861204573582,-1.373873233905892,-0.3037416169745134,-0.2694908964545788,-0.2857491243233013,-0.2702613669074044,2023,0.0,0.0,1.0,0.0,1.0,-15.0,31.0,0.3333333333333333,0.3333333333333333,92.81207912457911,60.77260702260702,76.8938156070509,114.87707431457432,121.91964285714288,121.875,0.0,0.0,1.0,1.0,team1,official
1359481,Delhi Capitals,Gujarat Titans,29.966049057152,35.46146572278634,8.125,10.618181818181817,8.125,10.618181818181817,88.77016352384,103.88367362140903,6.127711039390607,6.361886500308961,126.0,118.0,"M Chinnaswamy Stadium, Bengaluru",2023-04-04,0.4,0.8,0.4,0.8,0.0,1.0,0.9372789436453666,1.0492886178861789,0.9051067073170732,1.0318734793187347,0.9471803461753212,1.0,0.8717607973421926,0.9766373037150518,0.9766373037150518,1.0377833753148615,0.7506297229219143,1.1408045977011496,0.7324723247232473,-0.098979121001832,-0.8117363782161273,-0.2539223871273355,-0.1122489522494228,-0.2547736094915072,-0.1231276714563818,2023,0.0,0.0,1.0,0.0,1.0,-31.0,15.0,0.4166666666666667,0.5454545454545454,43.697996447996445,46.43991866719139,85.19585738335738,67.14707229045463,84.0112433862434,141.86868686868686,0.0,0.0,1.0,1.0,team2,official
1359482,Punjab Kings,Rajasthan Royals,44.905229961269924,35.16809999941579,9.945454545454545,9.4,9.945454545454545,9.4,136.2053119921119,104.53533333138596,5.641773329400687,4.012164306281954,124.0,143.0,"M Chinnaswamy Stadium, Bengaluru",2023-04-05,0.6,0.6,0.6,0.6,0.0,1.4147606696533837,0.9738269276114124,1.1070884146341464,0.8663617886178863,1.0061684460260971,1.0471604938271606,1.0330708661417325,1.0040816326530613,1.167368824205285,1.0570662581386443,1.1002518891687656,0.801007556675063,0.9452380952380952,0.8822222222222222,2.222188852492264,-0.8090467281889042,-0.2383538778000923,0.0014011658394522,-0.23928585207561,-0.0069694908371532,2023,0.2,0.0,1.0,1.0,1.0,19.0,22.0,0.5454545454545454,0.4166666666666667,63.832251082251084,40.6961741961742,97.65044929817658,66.08050988136772,101.9426406926407,109.51287138787139,0.0,0.0,1.0,1.0,team1,official
1359483,Kolkata Knight Riders,Royal Challengers Bangalore,33.19830294705295,30.480514368410788,9.033333333333333,7.720833333333334,9.033333333333333,7.720833333333334,98.31656537906538,91.17393678359151,7.074820291507598,7.35033215687821,138.0,99.0,"M Chinnaswamy Stadium, Bengaluru",2023-04-06,0.4,0.6,0.4,0.6,0.0,1.056354633341193,1.0964395189813725,0.932418699186992,1.1242378048780488,1.06025,1.1131233595800525,0.946153846153846,0.954181818181818,0.9728073535044044,0.9536576024511682,1.1032745591939546,0.9269521410579344,0.9363207547169812,1.0614973262032086,-0.1527721215463077,0.8423983885264796,-0.6213392072502736,2.778823229819627,-0.6264797874730375,2.780826844024323,2023,0.4,0.0,1.0,0.0,1.0,-19.0,-20.0,0.4166666666666667,0.25,54.007936507936506,45.71127946127947,79.46390415140415,95.18703364536698,51.076388888888886,117.7579365079365,0.0,0.0,1.0,1.0,team1,official
1359484,Lucknow Super Giants,Sunrisers Hyderabad,39.56190095562375,31.64895918742555,12.739393939393938,8.022222222222222,12.739393939393938,8.022222222222222,114.59623550864484,94.66273432845553,8.131223423041606,7.842834673496438,96.0,81.0,"M Chinnaswamy Stadium, Bengaluru",2023-04-07,0.4,0.2,0.4,0.2,0.0,0.8441405328931855,1.0176171388149695,0.8727134146341464,1.0,1.0432964329643295,1.0,1.2862745098039214,0.94680412371134,0.9060567926902664,0.9257536794878808,0.8722562072688017,1.2004318100035984,1.0025252525252526,1.3703155818540436,-1.373873233905892,-0.098979121001832,-0.2694908964545788,-0.2539223871273355,-0.2702613669074044,-0.2547736094915072,2023,1.0,0.0,0.0,0.5,0.0,15.5,-22.0,0.36363636363636365,0.5,68.3409015227197,55.833333333333336,93.71051423324151,71.33081073338427,93.66883116883115,67.22304894179895,0.0,0.0,1.0,1.0,team1,official
1359485,Delhi Capitals,Rajasthan Royals,36.867923243015156,42.22499222483742,9.700000000000001,10.983333333333334,9.700000000000001,10.983333333333334,109.72641081005052,125.97219630501365,5.404056293401301,4.988221974104327,98.0,108.0,"M Chinnaswamy Stadium, Bengaluru",2023-04-08,0.4,0.4,0.4,0.4,0.0,1.0,0.9738269276114124,1.0492886178861789,0.8663617886178863,1.0318734793187347,1.0471604938271606,1.0,1.0040816326530613,0.9766373037150518,1.0570662581386443,1.0377833753148615,0.801007556675063,1.1408045977011496,0.8822222222222222,-0.098979121001832,-0.8090467281889042,-0.2539223871273355,0.0014011658394522,-0.2547736094915072,-0.0069694908371532,2023,0.6,1.0,0.0,0.0,0.5,-11.5,20.5,0.4166666666666667,0.5,40.47847985347986,44.2748778998779,84.04508878467212,71.72245011705796,83.6656746031746,130.2999084249084,0.0,0.0,1.0,1.0,team2,official
1359486,Chennai Super Kings,Mumbai Indians,35.65619857415311,37.451069456429366,8.036363636363637,8.975,8.036363636363637,8.975,108.08429827748009,112.71189818809789,5.02374125874126,6.446593614718616,94.0,95.0,"M Chinnaswamy Stadium, Bengaluru",2023-04-08,0.2,0.4,0.2,0.4,0.0,0.954963452016034,0.9195944352746992,1.0670731707317074,1.1928353658536586,0.8863113897596657,0.8315686274509805,0.954181818181818,1.2148148148148148,1.068556108770586,1.061662198391421,1.0982367758186398,1.1365239294710328,0.9363207547169812,1.2822997416020672,-0.0451861204573582,0.3259855832995194,-0.3037416169745134,-0.7272050706755269,-0.2857491243233013,-0.7194063319684201,2023,0.4,1.0,0.0,0.5,0.0,-7.5,20.0,0.5454545454545454,0.25,62.15702479338843,61.94739057239057,83.40515545061,104.2980988691773,91.1111111111111,72.79040404040403,0.0,0.0,1.0,1.0,team1,official
1359487,Gujarat Titans,Kolkata Knight Riders,35.934746911294816,40.672368482966306,10.454545454545455,10.829166666666666,10.454545454545455,10.829166666666666,105.69764121946756,120.76900605433214,5.732336326774829,7.466877942319119,129.0,121.0,"M Chinnaswamy Stadium, Bengaluru",2023-04-09,0.8,0.6,0.8,0.6,0.0,0.9372789436453666,1.056354633341193,0.9051067073170732,0.932418699186992,0.9471803461753212,1.06025,0.8717607973421926,0.946153846153846,0.9766373037150518,0.9728073535044044,0.7506297229219143,1.1032745591939546,0.7324723247232473,0.9363207547169812,-0.8117363782161273,-0.1527721215463077,-0.1122489522494228,-0.6213392072502736,-0.1231276714563818,-0.6264797874730375,2023,1.0,1.0,1.0,1.0,0.5,3.5,10.0,0.45454545454545453,0.4166666666666667,57.20077397350124,40.04807692307693,72.39258943670708,118.80131673881675,130.0757575757576,80.01543209876543,0.0,0.0,1.0,1.0,team2,official
1359488,Punjab Kings,Sunrisers Hyderabad,33.50058407107168,26.947920550038194,8.083333333333334,6.300000000000001,8.083333333333334,6.300000000000001,100.6741691257945,81.21306850012732,5.5622120320340125,7.755846447669977,93.0,75.0,"M Chinnaswamy Stadium, Bengaluru",2023-04-09,0.8,0.2,0.8,0.2,0.0,1.4147606696533837,1.0176171388149695,1.1070884146341464,1.0,1.0061684460260971,1.0,1.0330708661417325,0.94680412371134,1.167368824205285,0.9257536794878808,1.1002518891687656,1.2004318100035984,0.9452380952380952,1.3703155818540436,2.222188852492264,-0.098979121001832,-0.2383538778000923,-0.2539223871273355,-0.23928585207561,-0.2547736094915072,2023,0.6,0.0,1.0,1.0,0.0,0.0,-18.5,0.4166666666666667,0.6,49.69727032227033,53.61038961038961,89.30185373812826,48.459076054664294,75.36375661375662,70.90178571428571,0.0,0.0,1.0,1.0,team2,official
1359489,Lucknow Super Giants,Royal Challengers Bangalore,45.478562506528846,31.95437848085418,11.166666666666666,7.94,11.166666666666666,7.94,136.18131946620727,95.78792826951394,7.600363350100192,6.617027697792404,146.0,126.0,"M Chinnaswamy Stadium, Bengaluru",2023-04-10,0.6,0.6,0.6,0.6,0.0,0.8441405328931855,1.0964395189813725,0.8727134146341464,1.1242378048780488,1.0432964329643295,1.1131233595800525,1.2862745098039214,0.954181818181818,0.9060567926902664,0.9536576024511682,0.8722562072688017,0.9269521410579344,1.0025252525252526,1.0614973262032086,-1.373873233905892,0.8423983885264796,-0.2694908964545788,2.778823229819627,-0.2702613669074044,2.780826844024323,2023,0.0,1.0,0.0,0.6666666666666666,0.5,15.333333333333334,-29.5,0.4166666666666667,0.6,50.58006191339525,62.10353535353536,94.82891414141415,73.93396418396419,106.29960317460318,122.97619047619048,0.0,0.0,1.0,1.0,team1,official
1359490,Delhi Capitals,Mumbai Indians,31.47990649873003,35.61918956594582,8.48611111111111,9.6,8.48611111111111,9.6,93.37376240317417,105.86699552284972,6.2690475398999,6.892647147861052,112.0,118.0,"M Chinnaswamy Stadium, Bengaluru",2023-04-11,0.2,0.4,0.2,0.4,0.0,1.0,0.9195944352746992,1.0492886178861789,1.1928353658536586,1.0318734793187347,0.8315686274509805,1.0,1.2148148148148148,0.9766373037150518,1.061662198391421,1.0377833753148615,1.1365239294710328,1.1408045977011496,1.2822997416020672,-0.098979121001832,0.3259855832995194,-0.2539223871273355,-0.7272050706755269,-0.2547736094915072,-0.7194063319684201,2023,0.6,0.0,1.0,0.0,0.0,-11.0,10.5,0.3333333333333333,0.5454545454545454,38.77808302808303,68.75550964187329,61.30366161616161,106.50344031092692,80.2906746031746,70.36730945821854,0.0,0.0,1.0,1.0,team2,official
1359491,Chennai Super Kings,Rajasthan Royals,31.163173466026727,31.328915385010585,9.95,9.833333333333334,9.95,9.833333333333334,90.46057822008909,91.0408290611464,4.757173929012164,4.744473315355669,116.0,107.0,"M Chinnaswamy Stadium, Bengaluru",2023-04-12,0.4,0.6,0.4,0.6,0.0,0.954963452016034,0.9738269276114124,1.0670731707317074,0.8663617886178863,0.8863113897596657,1.0471604938271606,0.954181818181818,1.0040816326530613,1.068556108770586,1.0570662581386443,1.0982367758186398,0.801007556675063,0.9363207547169812,0.8822222222222222,-0.0451861204573582,-0.8090467281889042,-0.3037416169745134,0.0014011658394522,-0.2857491243233013,-0.0069694908371532,2023,0.2,1.0,0.0,0.6666666666666666,0.6666666666666666,-5.333333333333333,17.0,0.3333333333333333,0.4166666666666667,88.17932299182299,41.039262820512825,74.23849769284818,67.8686199803331,89.03108465608466,78.93187830687832,0.0,0.0,1.0,1.0,team2,official
1359492,Gujarat Titans,Punjab Kings,37.53021797024181,41.696932591831974,11.327272727272726,9.299999999999999,11.327272727272726,9.299999999999999,109.76133262807875,126.33977530610657,7.097611967261559,5.186202572367433,105.0,99.0,"M Chinnaswamy Stadium, Bengaluru",2023-04-13,0.8,0.6,0.8,0.6,0.0,0.9372789436453666,1.4147606696533837,0.9051067073170732,1.1070884146341464,0.9471803461753212,1.0061684460260971,0.8717607973421926,1.0330708661417325,0.9766373037150518,1.167368824205285,0.7506297229219143,1.1002518891687656,0.7324723247232473,0.9452380952380952,-0.8117363782161273,2.222188852492264,-0.1122489522494228,-0.2383538778000923,-0.1231276714563818,-0.23928585207561,2023,0.5,1.0,0.0,0.6666666666666666,0.6666666666666666,5.0,6.0,0.45454545454545453,0.3333333333333333,48.84815689361144,93.55838143338144,60.86029370955841,95.34613908694791,115.02525252525253,94.22123015873017,0.0,0.0,1.0,1.0,team1,official
1359493,Kolkata Knight Riders,Sunrisers Hyderabad,38.58111034496904,26.499042877057587,10.216666666666667,6.905555555555556,10.216666666666667,6.905555555555556,114.63147892767459,78.98523551611787,7.123573787323786,7.2328527191762495,154.0,140.0,"M Chinnaswamy Stadium, Bengaluru",2023-04-14,0.6,0.4,0.6,0.4,0.0,1.056354633341193,1.0176171388149695,0.932418699186992,1.0,1.06025,1.0,0.946153846153846,0.94680412371134,0.9728073535044044,0.9257536794878808,1.1032745591939546,1.2004318100035984,0.9363207547169812,1.3703155818540436,-0.1527721215463077,-0.098979121001832,-0.6213392072502736,-0.2539223871273355,-0.6264797874730375,-0.2547736094915072,2023,0.7,1.0,0.0,0.6666666666666666,0.3333333333333333,4.0,-18.333333333333332,0.5,0.5,40.86538461538461,40.447672697672694,122.76957070707071,56.11628029955558,73.51851851851852,61.911375661375665,0.0,0.0,1.0,1.0,team2,official
1359494,Delhi Capitals,Royal Challengers Bangalore,38.69718564694845,28.150630733527155,10.455555555555556,7.066666666666666,10.455555555555556,7.066666666666666,114.83321141575409,84.11321355620163,6.3121346611120215,6.376019713860271,113.0,118.0,"M Chinnaswamy Stadium, Bengaluru",2023-04-15,0.0,0.4,0.0,0.4,0.0,1.0,1.0964395189813725,1.0492886178861789,1.1242378048780488,1.0318734793187347,1.1131233595800525,1.0,0.954181818181818,0.9766373037150518,0.9536576024511682,1.0377833753148615,0.9269521410579344,1.1408045977011496,1.0614973262032086,-0.098979121001832,0.8423983885264796,-0.2539223871273355,2.778823229819627,-0.2547736094915072,2.780826844024323,2023,0.4,1.0,0.0,0.0,0.3333333333333333,-9.75,-26.333333333333332,0.3333333333333333,0.4166666666666667,50.41444666444667,72.35428922928924,78.55796527365156,59.1458078958079,99.17625661375662,131.94444444444443,0.0,0.0,1.0,1.0,team2,official
1359495,Lucknow Super Giants,Punjab Kings,44.09263378999254,33.05502247752248,10.284722222222223,6.419444444444444,10.284722222222223,6.419444444444444,132.94026078145663,101.45748233248234,6.397912818175976,5.763342212912646,124.0,119.0,"M Chinnaswamy Stadium, Bengaluru",2023-04-15,0.6,0.6,0.6,0.6,0.0,0.8441405328931855,1.4147606696533837,0.8727134146341464,1.1070884146341464,1.0432964329643295,1.0061684460260971,1.2862745098039214,1.0330708661417325,0.9060567926902664,1.167368824205285,0.8722562072688017,1.1002518891687656,1.0025252525252526,0.9452380952380952,-1.373873233905892,2.222188852492264,-0.2694908964545788,-0.2383538778000923,-0.2702613669074044,-0.23928585207561,2023,1.0,0.0,1.0,0.75,0.5,16.5,3.0,0.4166666666666667,0.3333333333333333,48.78497428497428,76.48809523809524,94.09108021608021,85.5059523809524,121.18055555555556,74.84126984126983,0.0,0.0,1.0,1.0,team2,official
1359496,Kolkata Knight Riders,Mumbai Indians,33.88696862462043,35.80380893916885,10.870833333333332,10.555555555555555,10.870833333333332,10.555555555555555,98.23989541540142,105.20528905648875,7.683812649768533,4.415405884964708,138.0,149.0,"M Chinnaswamy Stadium, Bengaluru",2023-04-16,0.4,0.4,0.4,0.4,0.0,1.056354633341193,0.9195944352746992,0.932418699186992,1.1928353658536586,1.06025,0.8315686274509805,0.946153846153846,1.2148148148148148,0.9728073535044044,1.061662198391421,1.1032745591939546,1.1365239294710328,0.9363207547169812,1.2822997416020672,-0.1527721215463077,0.3259855832995194,-0.6213392072502736,-0.7272050706755269,-0.6264797874730375,-0.7194063319684201,2023,0.6,0.0,1.0,0.5,0.3333333333333333,6.5,9.0,0.4166666666666667,0.5,40.43003293003293,72.02840909090911,126.21924603174602,101.5157427449094,81.45337301587301,85.46401515151514,0.0,0.0,1.0,1.0,team2,official
1359497,Gujarat Titans,Rajasthan Royals,36.85472308370326,39.132784432629634,10.283333333333333,10.059722222222222,10.283333333333333,10.059722222222222,108.82129916789977,116.79215181246916,5.290548687423688,3.7542537691067106,125.0,135.0,"M Chinnaswamy Stadium, Bengaluru",2023-04-16,0.8,0.6,0.8,0.6,0.0,0.9372789436453666,0.9738269276114124,0.9051067073170732,0.8663617886178863,0.9471803461753212,1.0471604938271606,0.8717607973421926,1.0040816326530613,0.9766373037150518,1.0570662581386443,0.7506297229219143,0.801007556675063,0.7324723247232473,0.8822222222222222,-0.8117363782161273,-0.8090467281889042,-0.1122489522494228,0.0014011658394522,-0.1231276714563818,-0.0069694908371532,2023,1.0,0.0,1.0,0.75,0.75,5.25,10.5,0.4166666666666667,0.4166666666666667,58.62238455988456,47.70548433048433,60.095218643012764,77.94886689391333,95.97685185185185,98.00417175417175,0.0,0.0,1.0,1.0,team2,official
1359498,Chennai Super Kings,Royal Challengers Bangalore,32.73658538019951,32.59094652884295,10.266666666666667,8.65,10.266666666666667,8.65,95.06639571177614,96.81982176280984,4.858991964777569,7.139693722600069,181.0,137.0,"M Chinnaswamy Stadium, Bengaluru",2023-04-17,0.4,0.4,0.4,0.4,0.0,0.954963452016034,1.0964395189813725,1.0670731707317074,1.1242378048780488,0.8863113897596657,1.1131233595800525,0.954181818181818,0.954181818181818,1.068556108770586,0.9536576024511682,1.0982367758186398,0.9269521410579344,0.9363207547169812,1.0614973262032086,-0.0451861204573582,0.8423983885264796,-0.3037416169745134,2.778823229819627,-0.2857491243233013,2.780826844024323,2023,0.8,0.0,1.0,0.5,0.5,-1.75,-18.5,0.3333333333333333,0.4166666666666667,52.363736572069904,68.70319495319495,74.16869126244126,81.76852314352315,91.21693121693123,127.87698412698414,0.0,0.0,1.0,1.0,team1,official
1359499,Mumbai Indians,Sunrisers Hyderabad,34.417584379688236,34.0984523421396,10.1,9.191666666666666,10.1,9.191666666666666,101.13740247774867,101.33928558490977,6.946610439471402,7.275787918651695,127.0,124.0,"M Chinnaswamy Stadium, Bengaluru",2023-04-18,0.6,0.4,0.6,0.4,0.0,0.9195944352746992,1.0176171388149695,1.1928353658536586,1.0,0.8315686274509805,1.0,1.2148148148148148,0.94680412371134,1.061662198391421,0.9257536794878808,1.1365239294710328,1.2004318100035984,1.2822997416020672,1.3703155818540436,0.3259855832995194,-0.098979121001832,-0.7272050706755269,-0.2539223871273355,-0.7194063319684201,-0.2547736094915072,2023,0.6,0.0,1.0,0.5,0.5,9.5,-17.25,0.45454545454545453,0.4166666666666667,78.6519389701208,45.4581598956599,97.492883379247,66.30032573015029,84.48347107438016,113.15531305114638,0.0,0.0,1.0,1.0,team1,official
1359500,Lucknow Super Giants,Rajasthan Royals,34.234778468790445,36.62646394390783,9.716666666666667,10.916666666666666,9.716666666666667,10.916666666666666,100.9770393404126,107.28265759080386,5.927264168579959,3.9313067324832027,113.0,91.0,"M Chinnaswamy Stadium, Bengaluru",2023-04-19,0.6,0.8,0.6,0.8,0.0,0.8441405328931855,0.9738269276114124,0.8727134146341464,0.8663617886178863,1.0432964329643295,1.0471604938271606,1.2862745098039214,1.0040816326530613,0.9060567926902664,1.0570662581386443,0.8722562072688017,0.801007556675063,1.0025252525252526,0.8822222222222222,-1.373873233905892,-0.8090467281889042,-0.2694908964545788,0.0014011658394522,-0.2702613669074044,-0.0069694908371532,2023,0.0,0.0,1.0,0.6,0.8,14.2,10.4,0.4166666666666667,0.4166666666666667,48.29640267140267,43.46025425192092,83.8917957042957,94.12543195108985,87.5,92.26444851444852,0.0,0.0,1.0,1.0,team1,official
1359501,Punjab Kings,Royal Challengers Bangalore,33.05418525918526,33.429236040123044,8.63888888888889,9.648484848484848,8.63888888888889,9.648484848484848,98.34543234543234,98.269170638794,5.176154719033976,8.642714281684166,128.0,100.0,"M Chinnaswamy Stadium, Bengaluru",2023-04-20,0.6,0.4,0.6,0.4,0.0,1.4147606696533837,1.0964395189813725,1.1070884146341464,1.1242378048780488,1.0061684460260971,1.1131233595800525,1.0330708661417325,0.954181818181818,1.167368824205285,0.9536576024511682,1.1002518891687656,0.9269521410579344,0.9452380952380952,1.0614973262032086,2.222188852492264,0.8423983885264796,-0.2383538778000923,2.778823229819627,-0.23928585207561,2.780826844024323,2023,0.8,1.0,0.0,0.6,0.4,1.4,-23.6,0.25,0.5454545454545454,73.2401394901395,57.18087468087467,107.64556100217864,84.9119819574365,58.56068121693122,138.96103896103898,0.0,0.0,1.0,1.0,team2,official
1359502,Delhi Capitals,Kolkata Knight Riders,31.32824104987886,30.03804005319185,9.154166666666667,9.594444444444443,9.154166666666667,9.594444444444443,91.97608127737396,87.17309647360247,7.246589093526013,4.779655801714625,81.0,88.0,"M Chinnaswamy Stadium, Bengaluru",2023-04-20,0.0,0.4,0.0,0.4,0.0,1.0,1.056354633341193,1.0492886178861789,0.932418699186992,1.0318734793187347,1.06025,1.0,0.946153846153846,0.9766373037150518,0.9728073535044044,1.0377833753148615,1.1032745591939546,1.1408045977011496,0.9363207547169812,-0.098979121001832,-0.1527721215463077,-0.2539223871273355,-0.6213392072502736,-0.2547736094915072,-0.6264797874730375,2023,0.6,1.0,0.0,0.0,0.4,-8.8,3.0,0.4166666666666667,0.4166666666666667,44.51166888666889,50.78093203093203,75.45288671023965,89.28252823565323,71.38227513227514,85.78703703703702,0.0,0.0,1.0,1.0,team1,official
1359503,Chennai Super Kings,Sunrisers Hyderabad,32.97168167701864,39.85105602913539,11.66,9.125,11.66,9.125,93.9322722567288,120.52018676378464,6.363518673277187,6.565676610970729,88.0,96.0,"M Chinnaswamy Stadium, Bengaluru",2023-04-21,0.6,0.4,0.6,0.4,0.0,0.954963452016034,1.0176171388149695,1.0670731707317074,1.0,0.8863113897596657,1.0,0.954181818181818,0.94680412371134,1.068556108770586,0.9257536794878808,1.0982367758186398,1.2004318100035984,0.9363207547169812,1.3703155818540436,-0.0451861204573582,-0.098979121001832,-0.3037416169745134,-0.2539223871273355,-0.2857491243233013,-0.2547736094915072,2023,0.8,1.0,0.0,0.6,0.4,7.4,-14.4,0.5,0.4166666666666667,69.23210678210678,44.60519804269804,77.64414039119922,96.71164474118551,84.47222222222221,119.29563492063492,0.0,0.0,1.0,1.0,team1,official
1359504,Gujarat Titans,Lucknow Super Giants,38.67214888733271,37.42365005283959,9.633333333333333,10.618181818181817,9.633333333333333,10.618181818181817,115.70716295777571,110.36974260037441,5.364925352425352,6.197816322433548,98.0,84.0,"M Chinnaswamy Stadium, Bengaluru",2023-04-22,0.6,0.6,0.6,0.6,0.0,0.9372789436453666,0.8441405328931855,0.9051067073170732,0.8727134146341464,0.9471803461753212,1.0432964329643295,0.8717607973421926,1.2862745098039214,0.9766373037150518,0.9060567926902664,0.7506297229219143,0.8722562072688017,0.7324723247232473,1.0025252525252526,-0.8117363782161273,-1.373873233905892,-0.1122489522494228,-0.2694908964545788,-0.1231276714563818,-0.2702613669074044,2023,1.0,1.0,1.0,0.6,0.6666666666666666,2.2,15.5,0.5,0.45454545454545453,47.36411736411736,55.64946669492124,73.73435592185592,82.44235087550595,105.0542328042328,98.2034632034632,0.0,0.0,1.0,1.0,team1,official
1359505,Mumbai Indians,Punjab Kings,42.023868190632896,32.622115940712774,10.833333333333334,8.58181818181818,10.833333333333334,8.58181818181818,125.38094952433187,96.98887131752744,6.034896394455218,5.8167142389461555,158.0,158.0,"M Chinnaswamy Stadium, Bengaluru",2023-04-22,0.6,0.4,0.6,0.4,0.0,0.9195944352746992,1.4147606696533837,1.1928353658536586,1.1070884146341464,0.8315686274509805,1.0061684460260971,1.2148148148148148,1.0330708661417325,1.061662198391421,1.167368824205285,1.1365239294710328,1.1002518891687656,1.2822997416020672,0.9452380952380952,0.3259855832995194,2.222188852492264,-0.7272050706755269,-0.2383538778000923,-0.7194063319684201,-0.23928585207561,2023,0.3,1.0,0.0,0.6,0.5,8.2,5.833333333333333,0.4166666666666667,0.36363636363636365,71.02353664853665,89.33343171979536,113.38212481962482,79.81876783347371,110.32016594516595,52.07070707070707,0.0,0.0,1.0,1.0,team2,official
1359506,Rajasthan Royals,Royal Challengers Bangalore,28.643090508133074,33.74970493830788,9.1,9.85,9.1,9.85,83.07696836044359,99.11012757213739,4.054157411216234,5.961682419747436,108.0,103.0,"M Chinnaswamy Stadium, Bengaluru",2023-04-23,0.6,0.4,0.6,0.4,0.0,0.9738269276114124,1.0964395189813725,0.8663617886178863,1.1242378048780488,1.0471604938271606,1.1131233595800525,1.0040816326530613,0.954181818181818,1.0570662581386443,0.9536576024511682,0.801007556675063,0.9269521410579344,0.8822222222222222,1.0614973262032086,-0.8090467281889042,0.8423983885264796,0.0014011658394522,2.778823229819627,-0.0069694908371532,2.780826844024323,2023,0.4,1.0,0.0,0.6666666666666666,0.5,5.0,-24.333333333333332,0.4166666666666667,0.4166666666666667,46.780232884399545,69.59635734635735,80.0713098104739,91.63074194324194,75.34676434676435,100.32738095238096,0.0,0.0,1.0,1.0,team2,official
1359507,Chennai Super Kings,Kolkata Knight Riders,33.70175456832883,27.0851996991015,11.490909090909092,9.5,11.490909090909092,9.5,96.68160613685369,77.42566566367167,5.726448743582153,6.612076322370441,183.0,118.0,"M Chinnaswamy Stadium, Bengaluru",2023-04-23,0.8,0.4,0.8,0.4,0.0,0.954963452016034,1.056354633341193,1.0670731707317074,0.932418699186992,0.8863113897596657,1.06025,0.954181818181818,0.946153846153846,1.068556108770586,0.9728073535044044,1.0982367758186398,1.1032745591939546,0.9363207547169812,0.9363207547169812,-0.0451861204573582,-0.1527721215463077,-0.3037416169745134,-0.6213392072502736,-0.2857491243233013,-0.6264797874730375,2023,0.8,0.0,1.0,0.6666666666666666,0.3333333333333333,4.833333333333333,3.6666666666666665,0.45454545454545453,0.5,61.5760199396563,36.22826247826247,76.2616617636671,88.35447191697192,91.37085137085137,96.95326278659611,0.0,0.0,1.0,1.0,team1,official
1359508,Delhi Capitals,Sunrisers Hyderabad,36.77304387368903,44.00062976694442,8.922222222222222,9.294444444444444,8.922222222222222,9.294444444444444,110.43051661600049,134.09283996388882,6.957522469360704,6.039762685714698,89.0,99.0,"M Chinnaswamy Stadium, Bengaluru",2023-04-24,0.2,0.4,0.2,0.4,0.0,1.0,1.0176171388149695,1.0492886178861789,1.0,1.0318734793187347,1.0,1.0,0.94680412371134,0.9766373037150518,0.9257536794878808,1.0377833753148615,1.2004318100035984,1.1408045977011496,1.3703155818540436,-0.098979121001832,-0.098979121001832,-0.2539223871273355,-0.2539223871273355,-0.2547736094915072,-0.2547736094915072,2023,0.7,1.0,1.0,0.16666666666666666,0.3333333333333333,-8.5,-10.666666666666666,0.3333333333333333,0.4166666666666667,37.175054112554115,48.002594627594625,94.41370020230313,83.89968533931382,98.95998677248677,130.3968253968254,0.0,0.0,1.0,1.0,team1,official
1359509,Gujarat Titans,Mumbai Indians,28.107558940242765,36.471058593109674,8.266666666666667,11.088888888888889,8.266666666666667,11.088888888888889,82.41130757858699,106.47945456962485,5.972962165221259,5.94104558839853,157.0,126.0,"M Chinnaswamy Stadium, Bengaluru",2023-04-25,0.6,0.6,0.6,0.6,0.0,0.9372789436453666,0.9195944352746992,0.9051067073170732,1.1928353658536586,0.9471803461753212,0.8315686274509805,0.8717607973421926,1.2148148148148148,0.9766373037150518,1.061662198391421,0.7506297229219143,1.1365239294710328,0.7324723247232473,1.2822997416020672,-0.8117363782161273,0.3259855832995194,-0.1122489522494228,-0.7272050706755269,-0.1231276714563818,-0.7194063319684201,2023,0.0,0.0,1.0,0.6666666666666666,0.5,4.166666666666667,6.833333333333333,0.4166666666666667,0.25,32.87000962000962,55.529590779590784,67.51455238434404,99.52512765012766,97.53439153439153,99.22420634920634,0.0,0.0,1.0,1.0,team1,official
1359510,Kolkata Knight Riders,Royal Challengers Bangalore,31.157928874324952,38.67988839047663,10.516666666666666,10.35,10.516666666666666,10.35,89.63754069219429,114.85796130158876,7.757079105534988,6.067430711488374,102.0,131.0,"M Chinnaswamy Stadium, Bengaluru",2023-04-26,0.2,0.6,0.2,0.6,0.0,1.056354633341193,1.0964395189813725,0.932418699186992,1.1242378048780488,1.06025,1.1131233595800525,0.946153846153846,0.954181818181818,0.9728073535044044,0.9536576024511682,1.1032745591939546,0.9269521410579344,0.9363207547169812,1.0614973262032086,-0.1527721215463077,0.8423983885264796,-0.6213392072502736,2.778823229819627,-0.6264797874730375,2.780826844024323,2023,0.6,0.0,1.0,0.2857142857142857,0.5714285714285714,-6.142857142857143,-21.571428571428573,0.5,0.25,41.650617900617895,63.378764753764756,92.24994912494913,101.16943241943243,89.76355820105819,101.35912698412699,0.0,0.0,1.0,1.0,team1,official
1359511,Chennai Super Kings,Rajasthan Royals,35.853754765101755,30.626770904534062,12.47272727272727,9.1,12.47272727272727,9.1,102.5003946715513,89.70590301511355,5.821771032701232,4.739626085558748,124.0,138.0,"M Chinnaswamy Stadium, Bengaluru",2023-04-27,0.8,0.6,0.8,0.6,0.0,0.954963452016034,0.9738269276114124,1.0670731707317074,0.8663617886178863,0.8863113897596657,1.0471604938271606,0.954181818181818,1.0040816326530613,1.068556108770586,1.0570662581386443,1.0982367758186398,0.801007556675063,0.9363207547169812,0.8822222222222222,-0.0451861204573582,-0.8090467281889042,-0.3037416169745134,0.0014011658394522,-0.2857491243233013,-0.0069694908371532,2023,0.2,0.0,0.0,0.7142857142857143,0.5714285714285714,13.428571428571429,5.0,0.36363636363636365,0.5,45.47511579329761,40.0753367003367,86.85635873336408,77.36892885809294,128.94660894660893,76.16025641025642,0.0,0.0,1.0,1.0,team2,official
1359512,Lucknow Super Giants,Punjab Kings,30.468894152942898,36.813540532040165,9.433333333333334,11.475000000000001,9.433333333333334,11.475000000000001,88.80186939869856,107.0743017734672,6.238949592074593,5.076072237947238,179.0,145.0,"M Chinnaswamy Stadium, Bengaluru",2023-04-28,0.6,0.4,0.6,0.4,0.0,0.8441405328931855,1.4147606696533837,0.8727134146341464,1.1070884146341464,1.0432964329643295,1.0061684460260971,1.2862745098039214,1.0330708661417325,0.9060567926902664,1.167368824205285,0.8722562072688017,1.1002518891687656,1.0025252525252526,0.9452380952380952,-1.373873233905892,2.222188852492264,-0.2694908964545788,-0.2383538778000923,-0.2702613669074044,-0.23928585207561,2023,0.5,0.0,1.0,0.5714285714285714,0.5714285714285714,11.285714285714286,5.0,0.5,0.3333333333333333,53.18696581196581,72.24608262108262,75.727215186774,109.01181693413152,83.0869708994709,97.85548941798942,0.0,0.0,1.0,1.0,team1,official
1359513,Gujarat Titans,Kolkata Knight Riders,30.10193220015279,37.288839581974784,10.3,10.725,10.3,10.725,86.33310733384262,109.73779860658261,5.978006615675346,7.697093324632024,110.0,138.0,"M Chinnaswamy Stadium, Bengaluru",2023-04-29,0.6,0.2,0.6,0.2,0.0,0.9372789436453666,1.056354633341193,0.9051067073170732,0.932418699186992,0.9471803461753212,1.06025,0.8717607973421926,0.946153846153846,0.9766373037150518,0.9728073535044044,0.7506297229219143,1.1032745591939546,0.7324723247232473,0.9363207547169812,-0.8117363782161273,-0.1527721215463077,-0.1122489522494228,-0.6213392072502736,-0.1231276714563818,-0.6264797874730375,2023,0.5,1.0,0.0,0.7142857142857143,0.375,8.0,-9.0,0.5,0.3333333333333333,39.240714840714844,41.24315152440152,68.6371794871795,125.40932447182446,97.14285714285714,88.92746913580247,0.0,0.0,1.0,1.0,team1,official
1359514,Delhi Capitals,Sunrisers Hyderabad,38.81845138284654,32.877055959511914,9.4375,8.929166666666667,9.4375,8.929166666666667,116.52817127615515,97.56796430948418,5.605931454166748,4.744266858012987,116.0,136.0,"M Chinnaswamy Stadium, Bengaluru",2023-04-29,0.4,0.4,0.4,0.4,0.0,1.0,1.0176171388149695,1.0492886178861789,1.0,1.0318734793187347,1.0,1.0,0.94680412371134,0.9766373037150518,0.9257536794878808,1.0377833753148615,1.2004318100035984,1.1408045977011496,1.3703155818540436,-0.098979121001832,-0.098979121001832,-0.2539223871273355,-0.2539223871273355,-0.2547736094915072,-0.2547736094915072,2023,0.9,0.0,0.0,0.2857142857142857,0.2857142857142857,-8.714285714285714,-7.714285714285714,0.3333333333333333,0.3333333333333333,50.38738576238577,43.67849511599511,93.7951104587134,76.60564550115633,101.4484126984127,88.21428571428572,0.0,0.0,1.0,1.0,team2,official
1359515,Chennai Super Kings,Punjab Kings,35.12143571874349,43.993222303038884,11.82,12.886363636363637,11.82,12.886363636363637,100.93145239581166,129.08043797982657,6.621282450779354,6.232843805036318,125.0,139.0,"M Chinnaswamy Stadium, Bengaluru",2023-04-30,0.6,0.4,0.6,0.4,0.0,0.954963452016034,1.4147606696533837,1.0670731707317074,1.1070884146341464,0.8863113897596657,1.0061684460260971,0.954181818181818,1.0330708661417325,1.068556108770586,1.167368824205285,1.0982367758186398,1.1002518891687656,0.9363207547169812,0.9452380952380952,-0.0451861204573582,2.222188852492264,-0.3037416169745134,-0.2383538778000923,-0.2857491243233013,-0.23928585207561,2023,0.4,1.0,1.0,0.625,0.5,10.0,0.125,0.5,0.2727272727272727,31.46072261072261,52.995726495726494,81.2437262084321,125.80452941961894,92.27777777777779,97.70021645021644,0.0,0.0,1.0,1.0,team2,official
1359516,Mumbai Indians,Rajasthan Royals,43.66521818972846,27.06777823054139,11.787878787878787,9.366666666666667,11.787878787878787,9.366666666666667,129.4759798243474,77.48703854624908,6.90821947636752,5.229614478658596,135.0,143.0,"M Chinnaswamy Stadium, Bengaluru",2023-04-30,0.6,0.6,0.6,0.6,0.0,0.9195944352746992,0.9738269276114124,1.1928353658536586,0.8663617886178863,0.8315686274509805,1.0471604938271606,1.2148148148148148,1.0040816326530613,1.061662198391421,1.0570662581386443,1.1365239294710328,0.801007556675063,1.2822997416020672,0.8822222222222222,0.3259855832995194,-0.8090467281889042,-0.7272050706755269,0.0014011658394522,-0.7194063319684201,-0.0069694908371532,2023,0.6,0.0,0.0,0.42857142857142855,0.625,1.4285714285714286,6.125,0.45454545454545453,0.5,55.20977002795185,44.74551066217733,130.96190846190845,74.36527388733272,120.18398268398269,54.482015669515675,0.0,0.0,1.0,1.0,team1,official
1359517,Lucknow Super Giants,Royal Challengers Bangalore,39.71263834956752,38.990706678941976,10.866666666666667,9.35,10.866666666666667,9.35,117.66990560966953,117.13568892980658,6.66529372316137,5.228575832062674,76.0,92.0,"M Chinnaswamy Stadium, Bengaluru",2023-05-01,0.6,0.6,0.6,0.6,0.0,0.8441405328931855,1.0964395189813725,0.8727134146341464,1.1242378048780488,1.0432964329643295,1.1131233595800525,1.2862745098039214,0.954181818181818,0.9060567926902664,0.9536576024511682,0.8722562072688017,0.9269521410579344,1.0025252525252526,1.0614973262032086,-1.373873233905892,0.8423983885264796,-0.2694908964545788,2.778823229819627,-0.2702613669074044,2.780826844024323,2023,0.3333333333333333,0.0,0.0,0.625,0.5,14.125,-15.25,0.25,0.3333333333333333,59.61156898656899,59.017501017501026,78.1402442873031,110.32467532467534,116.85019841269842,87.32969576719576,0.0,0.0,1.0,1.0,team2,official
1359518,Delhi Capitals,Gujarat Titans,39.41296479427172,34.33183715729575,9.333333333333334,10.733333333333334,9.333333333333334,10.733333333333334,118.73210486979463,99.89917941320805,4.970090587517059,6.034953798029456,91.0,72.0,"M Chinnaswamy Stadium, Bengaluru",2023-05-02,0.4,0.8,0.4,0.8,0.0,1.0,0.9372789436453666,1.0492886178861789,0.9051067073170732,1.0318734793187347,0.9471803461753212,1.0,0.8717607973421926,0.9766373037150518,0.9766373037150518,1.0377833753148615,0.7506297229219143,1.1408045977011496,0.7324723247232473,-0.098979121001832,-0.8117363782161273,-0.2539223871273355,-0.1122489522494228,-0.2547736094915072,-0.1231276714563818,2023,0.0,1.0,1.0,0.25,0.75,-10.125,3.5,0.3333333333333333,0.4166666666666667,52.98334535834536,32.081908831908834,103.2576739028945,70.21757351444852,73.70590828924162,123.96494708994709,0.0,0.0,1.0,1.0,team1,official
1359520,Mumbai Indians,Punjab Kings,43.95164466596355,43.03205649691987,12.013636363636364,11.363636363636363,12.013636363636364,11.363636363636363,130.14184585624216,127.90685498973289,5.408427657458406,7.840178190793164,132.0,126.0,"M Chinnaswamy Stadium, Bengaluru",2023-05-03,0.6,0.6,0.6,0.6,0.0,0.9195944352746992,1.4147606696533837,1.1928353658536586,1.1070884146341464,0.8315686274509805,1.0061684460260971,1.2148148148148148,1.0330708661417325,1.061662198391421,1.167368824205285,1.1365239294710328,1.1002518891687656,1.2822997416020672,0.9452380952380952,0.3259855832995194,2.222188852492264,-0.7272050706755269,-0.2383538778000923,-0.7194063319684201,-0.23928585207561,2023,0.3,1.0,0.0,0.5,0.5555555555555556,0.25,1.6666666666666667,0.45454545454545453,0.5454545454545454,51.98334998334999,45.76117317026408,140.15722946644,89.94731085907556,100.52489177489178,106.28066378066379,0.0,0.0,1.0,1.0,team1,official
1359521,Kolkata Knight Riders,Sunrisers Hyderabad,37.41149588958799,38.694932804888765,11.755555555555555,9.933333333333334,11.755555555555555,9.933333333333334,108.7906344467748,115.53866490518476,7.474784198572898,6.620714560637161,125.0,122.0,"M Chinnaswamy Stadium, Bengaluru",2023-05-04,0.2,0.4,0.2,0.4,0.0,1.056354633341193,1.0176171388149695,0.932418699186992,1.0,1.06025,1.0,0.946153846153846,0.94680412371134,0.9728073535044044,0.9257536794878808,1.1032745591939546,1.2004318100035984,0.9363207547169812,1.3703155818540436,-0.1527721215463077,-0.098979121001832,-0.6213392072502736,-0.2539223871273355,-0.6264797874730375,-0.2547736094915072,2023,0.6,1.0,1.0,0.3333333333333333,0.375,-4.888888888888889,-4.25,0.4166666666666667,0.4166666666666667,63.02327880452881,55.37889194139195,121.26290376290376,81.32148162295222,72.63184924643258,109.38161375661376,0.0,0.0,1.0,1.0,team1,official
1359522,Gujarat Titans,Rajasthan Royals,23.834565390749603,33.473858369914204,7.5,10.583333333333334,7.5,10.583333333333334,69.09855130249868,97.25175012193625,7.378793136687873,4.180021319409864,60.0,89.0,"M Chinnaswamy Stadium, Bengaluru",2023-05-05,0.6,0.4,0.6,0.4,0.0,0.9372789436453666,0.9738269276114124,0.9051067073170732,0.8663617886178863,0.9471803461753212,1.0471604938271606,0.8717607973421926,1.0040816326530613,0.9766373037150518,1.0570662581386443,0.7506297229219143,0.801007556675063,0.7324723247232473,0.8822222222222222,-0.8117363782161273,-0.8090467281889042,-0.1122489522494228,0.0014011658394522,-0.1231276714563818,-0.0069694908371532,2023,0.75,0.0,0.0,0.6666666666666666,0.5555555555555556,1.0,6.333333333333333,0.625,0.16666666666666666,44.69429181929182,44.636784511784505,53.89480311355311,73.26739028944912,40.625,94.28703703703702,0.0,0.0,1.0,1.0,team1,official
1359523,Chennai Super Kings,Mumbai Indians,38.16329685300081,38.36176697936567,12.466666666666667,10.888888888888891,12.899999999999999,10.888888888888891,109.72765617666936,113.10403807936704,4.949308878685814,5.375723957415134,82.0,94.0,"M Chinnaswamy Stadium, Bengaluru",2023-05-06,0.6,0.6,0.6,0.6,0.0,0.954963452016034,0.9195944352746992,1.0670731707317074,1.1928353658536586,0.8863113897596657,0.8315686274509805,0.954181818181818,1.2148148148148148,1.068556108770586,1.061662198391421,1.0982367758186398,1.1365239294710328,0.9363207547169812,1.2822997416020672,-0.0451861204573582,0.3259855832995194,-0.3037416169745134,-0.7272050706755269,-0.2857491243233013,-0.7194063319684201,2023,0.6,1.0,0.0,0.5555555555555556,0.5555555555555556,7.333333333333333,0.8888888888888888,0.5,0.4166666666666667,45.05986143486144,31.46276408776409,92.03691546062869,134.00296840099472,113.37632275132273,102.21891534391534,0.0,0.0,1.0,1.0,team1,official
1359524,Delhi Capitals,Royal Challengers Bangalore,32.339331741243505,34.48098918906405,6.7555555555555555,9.272727272727273,6.7555555555555555,9.272727272727273,98.36814284118206,102.17299426657715,6.684711965594318,5.73764110689948,144.0,118.0,"M Chinnaswamy Stadium, Bengaluru",2023-05-06,0.6,0.6,0.6,0.6,0.0,1.0,1.0964395189813725,1.0492886178861789,1.1242378048780488,1.0318734793187347,1.1131233595800525,1.0,0.954181818181818,0.9766373037150518,0.9536576024511682,1.0377833753148615,0.9269521410579344,1.1408045977011496,1.0614973262032086,-0.098979121001832,0.8423983885264796,-0.2539223871273355,2.778823229819627,-0.2547736094915072,2.780826844024323,2023,0.2,0.0,0.0,0.3333333333333333,0.5555555555555556,-6.888888888888889,-11.777777777777779,0.4444444444444444,0.5454545454545454,56.40138154027042,55.64535464535465,67.89230540701129,96.5945165945166,50.86419753086419,82.76551226551227,0.0,0.0,1.0,1.0,team1,official
1359525,Gujarat Titans,Lucknow Super Giants,27.040537854531664,32.603084962423196,8.88888888888889,8.549999999999999,8.88888888888889,8.583333333333334,77.86105210769814,97.02417209696621,6.462698782698784,5.685199060879207,137.0,115.0,"M Chinnaswamy Stadium, Bengaluru",2023-05-07,0.8,0.4,0.8,0.4,0.0,0.9372789436453666,0.8441405328931855,0.9051067073170732,0.8727134146341464,0.9471803461753212,1.0432964329643295,0.8717607973421926,1.2862745098039214,0.9766373037150518,0.9060567926902664,0.7506297229219143,0.8722562072688017,0.7324723247232473,1.0025252525252526,-0.8117363782161273,-1.373873233905892,-0.1122489522494228,-0.2694908964545788,-0.1231276714563818,-0.2702613669074044,2023,1.0,0.0,1.0,0.7,0.5555555555555556,-2.0,10.777777777777779,0.5555555555555556,0.3333333333333333,40.54395604395605,82.70532708032708,57.77958152958153,88.73583877995641,56.79563492063492,136.84689153439152,0.0,0.0,1.0,1.0,team1,official
1359526,Rajasthan Royals,Sunrisers Hyderabad,32.38989323684446,35.797121394607814,7.94,9.075000000000001,7.94,9.075000000000001,97.09964412281485,106.96957131535936,5.777105149752208,5.717576293675365,116.0,152.0,"M Chinnaswamy Stadium, Bengaluru",2023-05-07,0.2,0.2,0.2,0.2,0.0,0.9738269276114124,1.0176171388149695,0.8663617886178863,1.0,1.0471604938271606,1.0,1.0040816326530613,0.94680412371134,1.0570662581386443,0.9257536794878808,0.801007556675063,1.2004318100035984,0.8822222222222222,1.3703155818540436,-0.8090467281889042,-0.098979121001832,0.0014011658394522,-0.2539223871273355,-0.0069694908371532,-0.2547736094915072,2023,0.6,1.0,1.0,0.5,0.3333333333333333,8.6,-4.111111111111111,0.6,0.4166666666666667,49.03888888888889,42.06349206349206,52.69047619047619,80.23777246145667,91.98611111111111,81.54596560846561,0.0,0.0,1.0,1.0,team2,official
1359527,Kolkata Knight Riders,Punjab Kings,35.1227569073554,43.68701909510077,9.772727272727273,11.216666666666667,9.772727272727273,11.216666666666667,103.78646241845742,130.35117476144703,7.181803253974659,6.863766148067619,124.0,114.0,"M Chinnaswamy Stadium, Bengaluru",2023-05-08,0.4,0.4,0.4,0.4,0.0,1.056354633341193,1.4147606696533837,0.932418699186992,1.1070884146341464,1.06025,1.0061684460260971,0.946153846153846,1.0330708661417325,0.9728073535044044,1.167368824205285,1.1032745591939546,1.1002518891687656,0.9363207547169812,0.9452380952380952,-0.1527721215463077,2.222188852492264,-0.6213392072502736,-0.2383538778000923,-0.6264797874730375,-0.23928585207561,2023,0.6,0.0,0.0,0.4,0.5,-4.1,0.9,0.45454545454545453,0.3333333333333333,68.83702787111878,39.93379305879306,112.4233090142181,122.56298780195839,52.337908303817386,137.2624007936508,0.0,0.0,1.0,1.0,team1,official
1359528,Mumbai Indians,Royal Challengers Bangalore,37.795985271881705,34.69399699973229,10.836363636363636,9.4,10.836363636363636,9.4,111.23813272445415,102.74665666577431,5.827805885830091,5.692009196084274,124.0,123.0,"M Chinnaswamy Stadium, Bengaluru",2023-05-09,0.4,0.6,0.4,0.6,0.0,0.9195944352746992,1.0964395189813725,1.1928353658536586,1.1242378048780488,0.8315686274509805,1.1131233595800525,1.2148148148148148,0.954181818181818,1.061662198391421,0.9536576024511682,1.1365239294710328,0.9269521410579344,1.2822997416020672,1.0614973262032086,0.3259855832995194,0.8423983885264796,-0.7272050706755269,2.778823229819627,-0.7194063319684201,2.780826844024323,2023,0.2,1.0,0.0,0.5,0.5,2.0,-13.2,0.5454545454545454,0.4166666666666667,58.080591126045675,42.79563492063492,125.87331282356614,83.2564734648068,84.16666666666667,95.93452380952381,0.0,0.0,1.0,1.0,team1,official
1359529,Chennai Super Kings,Delhi Capitals,37.17558521278916,38.0726848478319,11.833333333333334,10.4,11.933333333333332,10.4,107.69083959818609,112.80894949277302,4.861654670149252,5.361071991733756,98.0,96.0,"M Chinnaswamy Stadium, Bengaluru",2023-05-10,0.6,0.8,0.6,0.8,0.0,0.954963452016034,1.0,1.0670731707317074,1.0492886178861789,0.8863113897596657,1.0318734793187347,0.954181818181818,1.0,1.068556108770586,0.9766373037150518,1.0982367758186398,1.0377833753148615,0.9363207547169812,1.1408045977011496,-0.0451861204573582,-0.098979121001832,-0.3037416169745134,-0.2539223871273355,-0.2857491243233013,-0.2547736094915072,2023,0.4,1.0,1.0,0.6,0.4,5.4,-3.6,0.3333333333333333,0.4166666666666667,41.40455840455841,80.53406084656085,89.6819583262598,105.3258875519905,103.65906084656085,80.9920634920635,0.0,0.0,1.0,1.0,team1,official
1359530,Kolkata Knight Riders,Rajasthan Royals,34.504837101871026,27.87363211471116,10.483333333333333,9.466666666666667,10.483333333333333,9.466666666666667,100.7550125617923,80.07507001200017,7.500575865482986,5.831634106634106,101.0,80.0,"M Chinnaswamy Stadium, Bengaluru",2023-05-11,0.6,0.2,0.6,0.2,0.0,1.056354633341193,0.9738269276114124,0.932418699186992,0.8663617886178863,1.06025,1.0471604938271606,0.946153846153846,1.0040816326530613,0.9728073535044044,1.0570662581386443,1.1032745591939546,0.801007556675063,0.9363207547169812,0.8822222222222222,-0.1527721215463077,-0.8090467281889042,-0.6213392072502736,0.0014011658394522,-0.6264797874730375,-0.0069694908371532,2023,0.6,0.0,1.0,0.45454545454545453,0.45454545454545453,-2.8181818181818183,4.545454545454546,0.25,0.6666666666666666,83.03962241462243,55.58024691358024,110.76126304251305,80.55498495694575,59.98286435786435,94.16666666666667,0.0,0.0,1.0,1.0,team2,official
1359531,Gujarat Titans,Mumbai Indians,36.08742073629845,33.70517088174983,10.333333333333334,9.183333333333334,10.333333333333334,9.183333333333334,106.18029134321704,99.87834738361055,6.075354678001737,5.564883778072633,112.0,160.0,"M Chinnaswamy Stadium, Bengaluru",2023-05-12,0.8,0.6,0.8,0.6,0.0,0.9372789436453666,0.9195944352746992,0.9051067073170732,1.1928353658536586,0.9471803461753212,0.8315686274509805,0.8717607973421926,1.2148148148148148,0.9766373037150518,1.061662198391421,0.7506297229219143,1.1365239294710328,0.7324723247232473,1.2822997416020672,-0.8117363782161273,0.3259855832995194,-0.1122489522494228,-0.7272050706755269,-0.1231276714563818,-0.7194063319684201,2023,0.5,1.0,0.0,0.7272727272727273,0.5454545454545454,0.18181818181818182,1.9090909090909092,0.25,0.4166666666666667,48.58058608058608,57.205146705146696,65.55101611351611,89.0419134338123,115.73908730158729,64.43055555555556,0.0,0.0,1.0,1.0,team2,official
1359532,Lucknow Super Giants,Sunrisers Hyderabad,38.52019162655526,38.89313641562653,7.463636363636365,10.454545454545455,8.5,10.454545454545455,116.84912360366906,115.4862122945127,8.145319163902052,6.194786407888012,125.0,140.0,"M Chinnaswamy Stadium, Bengaluru",2023-05-13,0.4,0.4,0.4,0.4,0.0,0.8441405328931855,1.0176171388149695,0.8727134146341464,1.0,1.0432964329643295,1.0,1.2862745098039214,0.94680412371134,0.9060567926902664,0.9257536794878808,0.8722562072688017,1.2004318100035984,1.0025252525252526,1.3703155818540436,-1.373873233905892,-0.098979121001832,-0.2694908964545788,-0.2539223871273355,-0.2702613669074044,-0.2547736094915072,2023,1.0,0.0,0.0,0.5,0.4,7.5,-0.1,0.5454545454545454,0.45454545454545453,75.15873015873017,45.02358752358753,100.76630971367813,82.40152378190656,99.8917748917749,100.12337662337663,0.0,0.0,1.0,1.0,team1,official
1359533,Delhi Capitals,Punjab Kings,31.42910426175132,43.898611775651254,8.577777777777778,10.733333333333334,8.577777777777778,10.733333333333334,93.02664383546737,131.73426147439307,5.820248000909765,7.993109908881967,92.0,113.0,"M Chinnaswamy Stadium, Bengaluru",2023-05-13,0.6,0.4,0.6,0.4,0.0,1.0,1.4147606696533837,1.0492886178861789,1.1070884146341464,1.0318734793187347,1.0061684460260971,1.0,1.0330708661417325,0.9766373037150518,1.167368824205285,1.0377833753148615,1.1002518891687656,1.1408045977011496,0.9452380952380952,-0.098979121001832,2.222188852492264,-0.2539223871273355,-0.2383538778000923,-0.2547736094915072,-0.23928585207561,2023,0.8,1.0,0.0,0.36363636363636365,0.45454545454545453,-3.4545454545454546,-0.09090909090909091,0.25,0.4166666666666667,73.81944444444444,54.02887852887852,87.93005421865716,129.64588915276255,68.66319444444444,122.83812830687829,0.0,0.0,1.0,1.0,team2,official
1359534,Rajasthan Royals,Royal Challengers Bangalore,31.37107158394609,37.91211391549627,10.183333333333332,10.915000000000001,10.183333333333332,10.915000000000001,90.83829416870918,111.6153797183209,5.020368298819345,6.441442815182754,42.0,115.0,"M Chinnaswamy Stadium, Bengaluru",2023-05-14,0.4,0.4,0.4,0.4,0.0,0.9738269276114124,1.0964395189813725,0.8663617886178863,1.1242378048780488,1.0471604938271606,1.1131233595800525,1.0040816326530613,0.954181818181818,1.0570662581386443,0.9536576024511682,0.801007556675063,0.9269521410579344,0.8822222222222222,1.0614973262032086,-0.8090467281889042,0.8423983885264796,0.0014011658394522,2.778823229819627,-0.0069694908371532,2.780826844024323,2023,0.4,0.0,0.0,0.5,0.45454545454545453,2.4166666666666665,-12.090909090909092,0.4166666666666667,0.3,50.68446368446368,72.92222222222222,76.3578723155929,91.33234126984128,111.88078703703702,79.96190476190476,0.0,0.0,1.0,1.0,team2,official
1359535,Chennai Super Kings,Kolkata Knight Riders,35.87969433344434,38.17814007083189,10.466666666666667,10.033333333333333,10.666666666666666,10.033333333333333,105.0767588892589,113.64935579166185,4.604670543165125,7.8575855595427955,100.0,83.0,"M Chinnaswamy Stadium, Bengaluru",2023-05-14,0.6,0.6,0.6,0.6,0.0,0.954963452016034,1.056354633341193,1.0670731707317074,0.932418699186992,0.8863113897596657,1.06025,0.954181818181818,0.946153846153846,1.068556108770586,0.9728073535044044,1.0982367758186398,1.1032745591939546,0.9363207547169812,0.9363207547169812,-0.0451861204573582,-0.1527721215463077,-0.3037416169745134,-0.6213392072502736,-0.2857491243233013,-0.6264797874730375,2023,0.8,1.0,1.0,0.6363636363636364,0.4166666666666667,5.090909090909091,-0.8333333333333334,0.4166666666666667,0.5,36.168447293447294,65.54292929292929,80.26454024370692,114.14320748695748,93.14484126984127,71.09664101330767,0.0,0.0,1.0,1.0,team2,official
1359536,Gujarat Titans,Sunrisers Hyderabad,32.783755173919644,35.518790228967575,10.066666666666666,10.083333333333334,10.066666666666666,10.083333333333334,95.52362835750993,104.71818965211413,6.464127736084006,6.1986114702291175,110.0,114.0,"M Chinnaswamy Stadium, Bengaluru",2023-05-15,0.6,0.4,0.6,0.4,0.0,0.9372789436453666,1.0176171388149695,0.9051067073170732,1.0,0.9471803461753212,1.0,0.8717607973421926,0.94680412371134,0.9766373037150518,0.9257536794878808,0.7506297229219143,1.2004318100035984,0.7324723247232473,1.3703155818540436,-0.8117363782161273,-0.098979121001832,-0.1122489522494228,-0.2539223871273355,-0.1231276714563818,-0.2547736094915072,2023,0.5,0.0,1.0,0.6666666666666666,0.36363636363636365,-3.8333333333333335,1.2727272727272727,0.4166666666666667,0.25,51.11507936507937,40.42900386650387,91.54387449424213,82.37335447203868,91.0813492063492,82.56018518518518,0.0,0.0,1.0,1.0,team1,official
1359537,Lucknow Super Giants,Mumbai Indians,40.45295791982312,45.52267088174983,9.468181818181819,12.15,9.65,12.15,121.68561730850132,135.3089029391661,6.34148092877195,5.756283801982331,116.0,109.0,"M Chinnaswamy Stadium, Bengaluru",2023-05-16,0.4,0.8,0.4,0.8,0.0,0.8441405328931855,0.9195944352746992,0.8727134146341464,1.1928353658536586,1.0432964329643295,0.8315686274509805,1.2862745098039214,1.2148148148148148,0.9060567926902664,1.061662198391421,0.8722562072688017,1.1365239294710328,1.0025252525252526,1.2822997416020672,-1.373873233905892,0.3259855832995194,-0.2694908964545788,-0.7272050706755269,-0.2702613669074044,-0.7194063319684201,2023,1.0,0.0,1.0,0.5454545454545454,0.5833333333333334,5.454545454545454,5.75,0.45454545454545453,0.4166666666666667,78.7950937950938,61.59187109187109,97.1312527628317,83.43101040256613,160.77561327561327,105.3125,0.0,0.0,1.0,1.0,team1,official
1359538,Delhi Capitals,Punjab Kings,28.883361344537814,38.084994588744586,7.5200000000000005,10.15,7.5200000000000005,10.15,86.01120448179272,113.06664862914863,6.048564298446651,6.8538279612544315,124.0,136.0,"M Chinnaswamy Stadium, Bengaluru",2023-05-17,0.4,0.4,0.4,0.4,0.0,1.0,1.4147606696533837,1.0492886178861789,1.1070884146341464,1.0318734793187347,1.0061684460260971,1.0,1.0330708661417325,0.9766373037150518,1.167368824205285,1.0377833753148615,1.1002518891687656,1.1408045977011496,0.9452380952380952,-0.098979121001832,2.222188852492264,-0.2539223871273355,-0.2383538778000923,-0.2547736094915072,-0.23928585207561,2023,0.8,0.0,1.0,0.3333333333333333,0.5,-4.916666666666667,1.6666666666666667,0.6,0.5,56.57857142857142,68.68325887075888,77.63510101010101,104.4108893557423,63.37962962962963,104.8015873015873,0.0,0.0,1.0,1.0,team1,official
1359539,Royal Challengers Bangalore,Sunrisers Hyderabad,29.05044622044622,32.763642392902845,9.11111111111111,9.054545454545455,9.11111111111111,9.054545454545455,84.34593184593184,96.92123221876706,8.258620497722665,7.149752319872641,116.0,119.0,"M Chinnaswamy Stadium, Bengaluru",2023-05-18,0.4,0.4,0.4,0.4,0.0,1.0964395189813725,1.0176171388149695,1.1242378048780488,1.0,1.1131233595800525,1.0,0.954181818181818,0.94680412371134,0.9536576024511682,0.9257536794878808,0.9269521410579344,1.2004318100035984,1.0614973262032086,1.3703155818540436,0.8423983885264796,-0.098979121001832,2.778823229819627,-0.2539223871273355,2.780826844024323,-0.2547736094915072,2023,0.4,1.0,0.0,0.5,0.3333333333333333,-5.0,1.5,0.6666666666666666,0.45454545454545453,72.14814814814815,57.87193362193363,75.01093813593815,85.56987589762709,71.6931216931217,85.68181818181819,0.0,0.0,1.0,1.0,team1,official
1359540,Punjab Kings,Rajasthan Royals,33.672274039092216,35.932480314104815,11.636363636363637,9.922222222222222,11.636363636363637,9.922222222222222,96.45303467576196,106.35086030627532,6.285969378215367,4.5779525548411,134.0,135.0,"M Chinnaswamy Stadium, Bengaluru",2023-05-19,0.4,0.2,0.4,0.2,0.0,1.4147606696533837,0.9738269276114124,1.1070884146341464,0.8663617886178863,1.0061684460260971,1.0471604938271606,1.0330708661417325,1.0040816326530613,1.167368824205285,1.0570662581386443,1.1002518891687656,0.801007556675063,0.9452380952380952,0.8822222222222222,2.222188852492264,-0.8090467281889042,-0.2383538778000923,0.0014011658394522,-0.23928585207561,-0.0069694908371532,2023,0.4,0.0,1.0,0.46153846153846156,0.46153846153846156,2.4615384615384617,-3.3846153846153846,0.36363636363636365,0.4166666666666667,77.00511357329539,63.1976911976912,104.49638670895355,99.40130913476503,89.82475857475858,140.13888888888889,0.0,0.0,1.0,1.0,team2,official
1359541,Chennai Super Kings,Delhi Capitals,29.88142948669265,33.07025974025974,9.022222222222222,8.658333333333333,9.333333333333334,8.658333333333333,86.82698717786438,98.4397546897547,4.99906013319326,5.138012657277363,126.0,99.0,"M Chinnaswamy Stadium, Bengaluru",2023-05-20,0.4,0.6,0.4,0.6,0.0,0.954963452016034,1.0,1.0670731707317074,1.0492886178861789,0.8863113897596657,1.0318734793187347,0.954181818181818,1.0,1.068556108770586,0.9766373037150518,1.0982367758186398,1.0377833753148615,0.9363207547169812,1.1408045977011496,-0.0451861204573582,-0.098979121001832,-0.3037416169745134,-0.2539223871273355,-0.2857491243233013,-0.2547736094915072,2023,0.6,1.0,1.0,0.5833333333333334,0.38461538461538464,6.083333333333333,-5.461538461538462,0.4444444444444444,0.3333333333333333,32.799620132953464,77.65575396825396,51.55848164181497,89.86697330447332,75.02645502645503,101.85185185185185,0.0,0.0,1.0,1.0,team1,official
1359542,Kolkata Knight Riders,Lucknow Super Giants,35.33827013527545,44.79590560301768,9.583333333333334,10.427777777777777,9.583333333333334,10.96111111111111,104.7831226731404,134.4215371952441,8.027900561555748,6.320641947062225,115.0,116.0,"M Chinnaswamy Stadium, Bengaluru",2023-05-20,0.6,0.6,0.6,0.6,0.0,1.056354633341193,0.8441405328931855,0.932418699186992,0.8727134146341464,1.06025,1.0432964329643295,0.946153846153846,1.2862745098039214,0.9728073535044044,0.9060567926902664,1.1032745591939546,0.8722562072688017,0.9363207547169812,1.0025252525252526,-0.1527721215463077,-1.373873233905892,-0.6213392072502736,-0.2694908964545788,-0.6264797874730375,-0.2702613669074044,2023,0.0,1.0,0.0,0.46153846153846156,0.5833333333333334,-2.076923076923077,5.583333333333333,0.4166666666666667,0.5,66.00589225589226,92.7579365079365,91.94321072446071,124.98141454062507,67.7849677328844,160.31746031746033,0.0,0.0,1.0,1.0,team2,official
1359543,Mumbai Indians,Sunrisers Hyderabad,29.148748419137437,30.798140219401954,9.222222222222221,8.283333333333333,9.222222222222221,8.283333333333333,84.57730954527294,91.46602295356207,7.107484617778734,7.992822520616638,126.0,118.0,"M Chinnaswamy Stadium, Bengaluru",2023-05-21,0.6,0.2,0.6,0.2,0.0,0.9195944352746992,1.0176171388149695,1.1928353658536586,1.0,0.8315686274509805,1.0,1.2148148148148148,0.94680412371134,1.061662198391421,0.9257536794878808,1.1365239294710328,1.2004318100035984,1.2822997416020672,1.3703155818540436,0.3259855832995194,-0.098979121001832,-0.7272050706755269,-0.2539223871273355,-0.7194063319684201,-0.2547736094915072,2023,0.6,1.0,0.0,0.5384615384615384,0.3076923076923077,4.769230769230769,1.6153846153846154,0.5555555555555556,0.4166666666666667,63.16108582775249,61.31143162393163,60.01455026455025,60.294775750851606,61.111111111111114,73.40277777777779,0.0,0.0,1.0,1.0,team1,official
1359544,Gujarat Titans,Royal Challengers Bangalore,30.40050312432665,31.696225811225812,8.636363636363637,10.279166666666667,8.636363636363637,10.279166666666667,89.43804071745248,91.73186381519714,5.513816073690827,5.870539142230318,131.0,123.0,"M Chinnaswamy Stadium, Bengaluru",2023-05-21,0.6,0.6,0.6,0.6,0.0,0.9372789436453666,1.0964395189813725,0.9051067073170732,1.1242378048780488,0.9471803461753212,1.1131233595800525,0.8717607973421926,0.954181818181818,0.9766373037150518,0.9536576024511682,0.7506297229219143,0.9269521410579344,0.7324723247232473,1.0614973262032086,-0.8117363782161273,0.8423983885264796,-0.1122489522494228,2.778823229819627,-0.1231276714563818,2.780826844024323,2023,0.5,1.0,0.0,0.6923076923076923,0.5384615384615384,-3.8461538461538463,-4.846153846153846,0.45454545454545453,0.4166666666666667,40.62114653023744,60.728715728715734,81.12373737373737,68.03107193732194,101.33838383838383,132.96571869488537,0.0,0.0,1.0,1.0,team1,official
1370350,Chennai Super Kings,Gujarat Titans,34.82962911357648,32.99199397763666,9.816666666666666,10.708333333333334,10.299999999999999,10.708333333333334,102.11543037858827,95.26220214767774,4.389386708063179,5.781304252592952,125.0,120.0,"M Chinnaswamy Stadium, Bengaluru",2023-05-23,0.6,0.8,0.6,0.8,0.0,0.954963452016034,0.9372789436453666,1.0670731707317074,0.9051067073170732,0.8863113897596657,0.9471803461753212,0.954181818181818,0.8717607973421926,1.068556108770586,0.9766373037150518,1.0982367758186398,0.7506297229219143,0.9363207547169812,0.7324723247232473,-0.0451861204573582,-0.8117363782161273,-0.3037416169745134,-0.1122489522494228,-0.2857491243233013,-0.1231276714563818,2023,0.0,0.0,1.0,0.6153846153846154,0.7142857142857143,7.6923076923076925,-3.0,0.3333333333333333,0.3333333333333333,38.26638176638176,55.024851691518364,72.06017766955267,92.05998284123284,92.02050264550265,103.86133156966491,0.0,0.0,1.0,1.0,team1,official
1370351,Lucknow Super Giants,Mumbai Indians,36.448350246496794,37.21461069359441,9.520833333333334,11.516666666666666,9.420833333333333,11.516666666666666,108.66672304387822,108.4431467564258,7.856038413341044,5.570889714860303,74.0,123.0,"M Chinnaswamy Stadium, Bengaluru",2023-05-24,0.6,0.6,0.6,0.6,0.0,0.8441405328931855,0.9195944352746992,0.8727134146341464,1.1928353658536586,1.0432964329643295,0.8315686274509805,1.2862745098039214,1.2148148148148148,0.9060567926902664,1.061662198391421,0.8722562072688017,1.1365239294710328,1.0025252525252526,1.2822997416020672,-1.373873233905892,0.3259855832995194,-0.2694908964545788,-0.7272050706755269,-0.2702613669074044,-0.7194063319684201,2023,1.0,0.0,0.0,0.6153846153846154,0.5714285714285714,5.230769230769231,5.0,0.25,0.3333333333333333,75.57142857142857,73.68605006105007,117.18177655677657,88.91138332437352,122.2255291005291,88.6954365079365,0.0,0.0,1.0,1.0,team2,official
1370352,Gujarat Titans,Mumbai Indians,36.066088059450124,33.225696322940905,12.955555555555556,10.816666666666668,12.955555555555556,10.816666666666668,102.41288612409302,96.03009885424746,7.092756058297854,5.051225183055679,148.0,116.0,"M Chinnaswamy Stadium, Bengaluru",2023-05-26,0.6,0.8,0.6,0.8,0.0,0.9372789436453666,0.9195944352746992,0.9051067073170732,1.1928353658536586,0.9471803461753212,0.8315686274509805,0.8717607973421926,1.2148148148148148,0.9766373037150518,1.061662198391421,0.7506297229219143,1.1365239294710328,0.7324723247232473,1.2822997416020672,-0.8117363782161273,0.3259855832995194,-0.1122489522494228,-0.7272050706755269,-0.1231276714563818,-0.7194063319684201,2023,0.3333333333333333,0.0,1.0,0.6666666666666666,0.6,-3.1333333333333333,7.933333333333334,0.5555555555555556,0.3333333333333333,66.91967291967292,64.91666666666667,104.46914680574812,94.28871759141367,79.58406819517931,80.37946428571429,0.0,0.0,1.0,1.0,team1,official
1370353,Chennai Super Kings,Gujarat Titans,32.73406108245821,36.12976586312793,9.563636363636364,12.355555555555556,9.563636363636364,12.355555555555556,96.07111269910314,103.4251454696857,4.2316936422241795,7.106553883566267,118.0,103.0,"M Chinnaswamy Stadium, Bengaluru",2023-05-29,0.8,0.6,0.8,0.6,0.0,0.954963452016034,0.9372789436453666,1.0670731707317074,0.9051067073170732,0.8863113897596657,0.9471803461753212,0.954181818181818,0.8717607973421926,1.068556108770586,0.9766373037150518,1.0982367758186398,0.7506297229219143,0.9363207547169812,0.7324723247232473,-0.0451861204573582,-0.8117363782161273,-0.3037416169745134,-0.1122489522494228,-0.2857491243233013,-0.1231276714563818,2023,0.25,1.0,0.0,0.6428571428571429,0.6875,7.5,-0.9375,0.45454545454545453,0.5555555555555556,42.09600530188765,63.414687164687166,70.4685163321527,93.08486357505964,72.53968253968254,98.70664315108759,0.0,0.0,1.0,1.0,team1,official
1422119,Chennai Super Kings,Royal Challengers Bengaluru,31.18934199134199,38.975628190873636,8.12,14.016666666666666,8.12,14.016666666666666,92.83780663780664,111.16320508068988,6.286102502244917,6.606038128538128,118.0,102.0,"M Chinnaswamy Stadium, Bengaluru",2024-03-22,0.8,0.4,0.8,0.4,0.0,0.954963452016034,1.0964395189813725,1.0670731707317074,1.1242378048780488,0.8863113897596657,1.1131233595800525,0.954181818181818,0.954181818181818,1.068556108770586,0.9536576024511682,1.0982367758186398,0.9269521410579344,0.9363207547169812,1.0614973262032086,-0.0451861204573582,0.8423983885264796,-0.3037416169745134,2.778823229819627,-0.2857491243233013,2.780826844024323,2024,0.8,0.5,0.5,0.5,0.5,0.0,0.0,0.4,0.5,32.424836601307184,84.31337181337182,65.24743867243868,91.71493437118437,59.30555555555556,149.13966049382717,0.0,0.0,1.0,1.0,team1,proxy
1422120,Delhi Capitals,Punjab Kings,24.274601995226995,33.55423686450002,6.704166666666667,10.549999999999999,6.704166666666667,10.549999999999999,71.68895109520109,97.5307895483334,5.249437278407867,7.8596200613112375,133.0,105.0,"M Chinnaswamy Stadium, Bengaluru",2024-03-23,0.4,0.2,0.4,0.2,0.0,1.0,1.4147606696533837,1.0492886178861789,1.1070884146341464,1.0318734793187347,1.0061684460260971,1.0,1.0330708661417325,0.9766373037150518,1.167368824205285,1.0377833753148615,1.1002518891687656,1.1408045977011496,0.9452380952380952,-0.098979121001832,2.222188852492264,-0.2539223871273355,-0.2383538778000923,-0.2547736094915072,-0.23928585207561,2024,0.8,0.5,0.5,0.5,0.5,0.0,0.0,0.3333333333333333,0.4166666666666667,48.61955868205868,66.16008066008065,74.67819535221496,81.9086346659876,58.75,96.7342032967033,0.0,0.0,1.0,1.0,team1,proxy
1422121,Kolkata Knight Riders,Sunrisers Hyderabad,35.22210681087843,44.20914090782511,10.85,11.533333333333333,10.85,11.533333333333333,102.72368936959477,131.7026919149726,6.927577057445478,7.770396368337546,147.0,144.0,"M Chinnaswamy Stadium, Bengaluru",2024-03-23,0.6,0.2,0.6,0.2,0.0,1.056354633341193,1.0176171388149695,0.932418699186992,1.0,1.06025,1.0,0.946153846153846,0.94680412371134,0.9728073535044044,0.9257536794878808,1.1032745591939546,1.2004318100035984,0.9363207547169812,1.3703155818540436,-0.1527721215463077,-0.098979121001832,-0.6213392072502736,-0.2539223871273355,-0.6264797874730375,-0.2547736094915072,2024,0.6,0.5,0.5,0.5,0.5,0.0,0.0,0.4166666666666667,0.4166666666666667,71.12698412698414,65.54125966625966,83.7795021563404,133.77561558811558,97.39004629629629,105.31580687830687,0.0,0.0,1.0,1.0,team1,proxy
1422122,Lucknow Super Giants,Rajasthan Royals,35.82075314391491,28.365065868941162,11.666666666666666,7.783333333333334,11.700000000000001,7.783333333333334,103.4858438130497,83.97244178535944,6.156864838377996,4.318319180819181,112.0,136.0,"M Chinnaswamy Stadium, Bengaluru",2024-03-24,0.6,0.4,0.6,0.4,0.0,0.8441405328931855,0.9738269276114124,0.8727134146341464,0.8663617886178863,1.0432964329643295,1.0471604938271606,1.2862745098039214,1.0040816326530613,0.9060567926902664,1.0570662581386443,0.8722562072688017,0.801007556675063,1.0025252525252526,0.8822222222222222,-1.373873233905892,-0.8090467281889042,-0.2694908964545788,0.0014011658394522,-0.2702613669074044,-0.0069694908371532,2024,0.3333333333333333,0.5,0.5,0.5,0.5,0.0,0.0,0.3333333333333333,0.5,78.64688552188552,52.54954304954305,94.99858024529077,92.08304154995331,123.17460317460318,101.3888888888889,0.0,0.0,1.0,1.0,team2,proxy
1422123,Gujarat Titans,Mumbai Indians,32.7191457147884,28.048464395791758,11.450000000000001,7.783333333333334,11.450000000000001,7.783333333333334,93.49715238262799,82.98377020819476,4.086889548360136,3.0203696741854635,119.0,122.0,"M Chinnaswamy Stadium, Bengaluru",2024-03-24,0.6,0.6,0.6,0.6,0.0,0.9372789436453666,0.9195944352746992,0.9051067073170732,1.1928353658536586,0.9471803461753212,0.8315686274509805,0.8717607973421926,1.2148148148148148,0.9766373037150518,1.061662198391421,0.7506297229219143,1.1365239294710328,0.7324723247232473,1.2822997416020672,-0.8117363782161273,0.3259855832995194,-0.1122489522494228,-0.7272050706755269,-0.1231276714563818,-0.7194063319684201,2024,0.5,0.5,0.5,0.5,0.5,0.0,0.0,0.4166666666666667,0.5,59.02871819538487,76.49507783882784,96.86045385034356,60.77230639730639,101.1033950617284,46.03835978835979,0.0,0.0,1.0,1.0,team2,proxy
1422124,Punjab Kings,Royal Challengers Bengaluru,31.37073105744159,38.393387931133375,10.200000000000001,14.783333333333333,10.200000000000001,14.783333333333333,90.70243685813863,108.2001819926668,7.62055440474558,6.0976406926406925,130.0,126.0,"M Chinnaswamy Stadium, Bengaluru",2024-03-25,0.2,0.4,0.2,0.4,0.0,1.4147606696533837,1.0964395189813725,1.1070884146341464,1.1242378048780488,1.0061684460260971,1.1131233595800525,1.0330708661417325,0.954181818181818,1.167368824205285,0.9536576024511682,1.1002518891687656,0.9269521410579344,0.9452380952380952,1.0614973262032086,2.222188852492264,0.8423983885264796,-0.2383538778000923,2.778823229819627,-0.23928585207561,2.780826844024323,2024,0.6,0.5,0.5,0.0,0.0,-28.0,-16.0,0.4166666666666667,0.5,70.10452510452511,67.91381072631073,82.71605233002292,106.23782178469678,66.29273504273505,155.5439814814815,0.0,0.0,1.0,1.0,team1,proxy
1422125,Chennai Super Kings,Gujarat Titans,35.55615374524466,38.24141512021957,10.478787878787879,12.333333333333334,10.478787878787879,12.333333333333334,104.22152258515895,110.66027262295411,5.877845805568856,6.22475690975691,137.0,111.0,"M Chinnaswamy Stadium, Bengaluru",2024-03-26,0.8,0.4,0.8,0.4,0.0,0.954963452016034,0.9372789436453666,1.0670731707317074,0.9051067073170732,0.8863113897596657,0.9471803461753212,0.954181818181818,0.8717607973421926,1.068556108770586,0.9766373037150518,1.0982367758186398,0.7506297229219143,0.9363207547169812,0.7324723247232473,-0.0451861204573582,-0.8117363782161273,-0.3037416169745134,-0.1122489522494228,-0.2857491243233013,-0.1231276714563818,2024,0.4,0.5,0.5,1.0,0.0,16.0,-3.0,0.45454545454545453,0.3333333333333333,56.47712418300653,61.0182564349231,88.99754580436398,111.52630651619621,49.17929292929293,87.0496632996633,0.0,0.0,1.0,1.0,team1,proxy
1422126,Mumbai Indians,Sunrisers Hyderabad,37.329568593881255,40.29311042758412,8.666666666666666,10.090909090909092,8.666666666666666,10.090909090909092,112.59300642404862,120.65582263740158,6.823136120701911,8.720488308482961,174.0,165.0,"M Chinnaswamy Stadium, Bengaluru",2024-03-27,0.6,0.0,0.6,0.0,0.0,0.9195944352746992,1.0176171388149695,1.1928353658536586,1.0,0.8315686274509805,1.0,1.2148148148148148,0.94680412371134,1.061662198391421,0.9257536794878808,1.1365239294710328,1.2004318100035984,1.2822997416020672,1.3703155818540436,0.3259855832995194,-0.098979121001832,-0.7272050706755269,-0.2539223871273355,-0.7194063319684201,-0.2547736094915072,2024,0.8,0.5,0.5,1.0,0.0,3.0,-3.0,0.4166666666666667,0.5454545454545454,75.8943833943834,61.545250204341116,55.50224466891134,84.97547149819876,79.57837301587301,103.78174603174602,0.0,0.0,1.0,1.0,team1,proxy
1422127,Delhi Capitals,Rajasthan Royals,32.23576453849181,27.264016649960908,8.254545454545454,8.5,8.254545454545454,8.5,96.08285149194239,79.31338883320304,6.530493169931673,5.485363247863248,110.0,124.0,"M Chinnaswamy Stadium, Bengaluru",2024-03-28,0.4,0.6,0.4,0.6,0.0,1.0,0.9738269276114124,1.0492886178861789,0.8663617886178863,1.0318734793187347,1.0471604938271606,1.0,1.0040816326530613,0.9766373037150518,1.0570662581386443,1.0377833753148615,0.801007556675063,1.1408045977011496,0.8822222222222222,-0.098979121001832,-0.8090467281889042,-0.2539223871273355,0.0014011658394522,-0.2547736094915072,-0.0069694908371532,2024,0.4,0.5,0.5,1.0,1.0,28.0,24.0,0.36363636363636365,0.4166666666666667,59.0020005247278,57.66396103896104,77.80520541549953,95.70839767530943,86.01010101010101,70.45524691358025,0.0,0.0,1.0,1.0,team2,proxy
1422128,Kolkata Knight Riders,Royal Challengers Bengaluru,40.489595621472766,36.846530483025916,9.64,13.816666666666668,9.64,13.816666666666668,121.81198540490921,104.28287938786418,6.825234432234433,6.230290885585003,116.0,147.0,"M Chinnaswamy Stadium, Bengaluru",2024-03-29,0.6,0.4,0.6,0.4,0.0,1.056354633341193,1.0964395189813725,0.932418699186992,1.1242378048780488,1.06025,1.1131233595800525,0.946153846153846,0.954181818181818,0.9728073535044044,0.9536576024511682,1.1032745591939546,0.9269521410579344,0.9363207547169812,1.0614973262032086,-0.1527721215463077,0.8423983885264796,-0.6213392072502736,2.778823229819627,-0.6264797874730375,2.780826844024323,2024,0.8,0.5,0.5,1.0,0.0,3.0,-10.0,0.5,0.4166666666666667,87.16666666666666,60.1998556998557,70.04199060743179,89.15863587398913,120.3912037037037,155.85262345679013,0.0,0.0,1.0,1.0,team2,proxy
1422129,Lucknow Super Giants,Punjab Kings,31.18508214824391,33.09862720718556,10.866666666666667,10.450000000000001,10.35,10.450000000000001,89.91694049414637,96.14542402395186,4.036686266949425,5.406112204788676,140.0,125.0,"M Chinnaswamy Stadium, Bengaluru",2024-03-30,0.6,0.4,0.6,0.4,0.0,0.8441405328931855,1.4147606696533837,0.8727134146341464,1.1070884146341464,1.0432964329643295,1.0061684460260971,1.2862745098039214,1.0330708661417325,0.9060567926902664,1.167368824205285,0.8722562072688017,1.1002518891687656,1.0025252525252526,0.9452380952380952,-1.373873233905892,2.222188852492264,-0.2694908964545788,-0.2383538778000923,-0.2702613669074044,-0.23928585207561,2024,0.6666666666666666,0.5,0.5,0.0,0.5,-24.0,-12.0,0.4166666666666667,0.5,68.28102453102453,71.02143458393458,90.43707693378745,88.30715682737741,77.09821428571429,80.71733821733822,0.0,0.0,1.0,1.0,team1,proxy
1422130,Gujarat Titans,Sunrisers Hyderabad,38.88521935002796,52.92429279541122,11.8,13.700000000000001,11.8,13.700000000000001,113.4598220758508,157.88097598470407,6.2237324876080855,7.757088671991923,114.0,118.0,"M Chinnaswamy Stadium, Bengaluru",2024-03-31,0.2,0.0,0.2,0.0,0.0,0.9372789436453666,1.0176171388149695,0.9051067073170732,1.0,0.9471803461753212,1.0,0.8717607973421926,0.94680412371134,0.9766373037150518,0.9257536794878808,0.7506297229219143,1.2004318100035984,0.7324723247232473,1.3703155818540436,-0.8117363782161273,-0.098979121001832,-0.1122489522494228,-0.2539223871273355,-0.1231276714563818,-0.2547736094915072,2024,0.6666666666666666,0.5,0.5,0.0,0.0,-14.5,-6.0,0.5454545454545454,0.4166666666666667,55.93910803001712,79.8523767898768,101.65181624673602,101.20767427017427,85.50865800865802,139.70171957671957,0.0,0.0,1.0,1.0,team2,proxy
1422131,Chennai Super Kings,Delhi Capitals,42.17058621933622,35.24469681634156,10.85,8.991666666666667,10.85,8.991666666666667,125.81445406445407,105.24343383224964,5.268744644588298,6.917031044613282,112.0,135.0,"M Chinnaswamy Stadium, Bengaluru",2024-03-31,1.0,0.4,1.0,0.4,0.0,0.954963452016034,1.0,1.0670731707317074,1.0492886178861789,0.8863113897596657,1.0318734793187347,0.954181818181818,1.0,1.068556108770586,0.9766373037150518,1.0982367758186398,1.0377833753148615,0.9363207547169812,1.1408045977011496,-0.0451861204573582,-0.098979121001832,-0.3037416169745134,-0.2539223871273355,-0.2857491243233013,-0.2547736094915072,2024,0.8,0.5,0.5,1.0,0.5,21.0,7.0,0.3333333333333333,0.4166666666666667,51.35403050108933,62.03887085137085,88.54291426166425,71.92857142857143,91.08796296296295,85.0925925925926,0.0,0.0,1.0,1.0,team2,proxy
1422132,Mumbai Indians,Rajasthan Royals,37.61810251352198,26.418900357513547,10.591666666666667,7.4799999999999995,10.591666666666667,7.4799999999999995,110.91311948951773,77.8796678583785,7.507056182121971,5.410325174825175,93.0,79.0,"M Chinnaswamy Stadium, Bengaluru",2024-04-01,0.8,0.8,0.8,0.8,0.0,0.9195944352746992,0.9738269276114124,1.1928353658536586,0.8663617886178863,0.8315686274509805,1.0471604938271606,1.2148148148148148,1.0040816326530613,1.061662198391421,1.0570662581386443,1.1365239294710328,0.801007556675063,1.2822997416020672,0.8822222222222222,0.3259855832995194,-0.8090467281889042,-0.7272050706755269,0.0014011658394522,-0.7194063319684201,-0.0069694908371532,2024,0.8,0.5,0.5,1.0,1.0,6.0,19.0,0.16666666666666666,0.4,78.07113603988604,37.407864357864355,94.56465448132114,87.44963369963371,53.020833333333336,46.54761904761905,0.0,0.0,1.0,1.0,team1,proxy
1422133,Lucknow Super Giants,Royal Challengers Bengaluru,29.22756986069486,34.5442058632013,10.1,13.666666666666666,10.1,13.666666666666666,83.69189953564954,96.84179732178212,6.015270689922393,6.3726277154218325,118.0,115.0,"M Chinnaswamy Stadium, Bengaluru",2024-04-02,0.6,0.4,0.6,0.4,0.0,0.8441405328931855,1.0964395189813725,0.8727134146341464,1.1242378048780488,1.0432964329643295,1.1131233595800525,1.2862745098039214,0.954181818181818,0.9060567926902664,0.9536576024511682,0.8722562072688017,0.9269521410579344,1.0025252525252526,1.0614973262032086,-1.373873233905892,0.8423983885264796,-0.2694908964545788,2.778823229819627,-0.2702613669074044,2.780826844024323,2024,0.25,0.5,0.5,0.5,0.3333333333333333,-4.5,3.6666666666666665,0.5,0.4166666666666667,64.09421596921597,48.06361231361232,78.47718253968254,81.92021457306784,70.47453703703702,127.94858305274973,0.0,0.0,1.0,1.0,team1,proxy
1422134,Delhi Capitals,Kolkata Knight Riders,34.06023900291316,45.248589081538896,9.761111111111111,10.154545454545454,9.761111111111111,10.154545454545454,100.3193151948957,137.03469087785692,7.321687444499944,5.957070068968464,94.0,180.0,"M Chinnaswamy Stadium, Bengaluru",2024-04-03,0.6,0.4,0.6,0.4,0.0,1.0,1.056354633341193,1.0492886178861789,0.932418699186992,1.0318734793187347,1.06025,1.0,0.946153846153846,0.9766373037150518,0.9728073535044044,1.0377833753148615,1.1032745591939546,1.1408045977011496,0.9363207547169812,-0.098979121001832,-0.1527721215463077,-0.2539223871273355,-0.6213392072502736,-0.2547736094915072,-0.6264797874730375,2024,0.6,0.5,0.5,0.6666666666666666,0.5,12.333333333333334,-14.0,0.5,0.2727272727272727,57.558381433381435,71.52056277056278,76.49570105820105,82.89370690707588,89.81481481481482,163.75,0.0,0.0,1.0,1.0,team2,proxy
1422135,Gujarat Titans,Punjab Kings,39.91502791068581,30.957172180730534,10.688888888888888,9.1,10.688888888888888,9.1,118.38990785043417,90.80724060243512,6.124113082336766,5.511189379076376,153.0,131.0,"M Chinnaswamy Stadium, Bengaluru",2024-04-04,0.2,0.2,0.2,0.2,0.0,0.9372789436453666,1.4147606696533837,0.9051067073170732,1.1070884146341464,0.9471803461753212,1.0061684460260971,0.8717607973421926,1.0330708661417325,0.9766373037150518,1.167368824205285,0.7506297229219143,1.1002518891687656,0.7324723247232473,0.9452380952380952,-0.8117363782161273,2.222188852492264,-0.1122489522494228,-0.2383538778000923,-0.1231276714563818,-0.23928585207561,2024,0.6666666666666666,0.5,0.5,0.0,0.3333333333333333,-11.0,-13.0,0.5,0.3333333333333333,63.94837107337108,57.64281204906205,87.64712915080561,90.38221516098754,91.94564694564696,51.01322751322751,0.0,0.0,1.0,1.0,team1,proxy
1422136,Chennai Super Kings,Sunrisers Hyderabad,36.68697691197691,37.6674703579249,9.738888888888889,9.790909090909091,9.905555555555557,9.790909090909091,108.88251563251562,112.23096179914363,5.848913363468317,9.56186580892604,132.0,113.0,"M Chinnaswamy Stadium, Bengaluru",2024-04-05,0.8,0.2,0.8,0.2,0.0,0.954963452016034,1.0176171388149695,1.0670731707317074,1.0,0.8863113897596657,1.0,0.954181818181818,0.94680412371134,1.068556108770586,0.9257536794878808,1.0982367758186398,1.2004318100035984,0.9363207547169812,1.3703155818540436,-0.0451861204573582,-0.098979121001832,-0.3037416169745134,-0.2539223871273355,-0.2857491243233013,-0.2547736094915072,2024,0.8,0.5,0.5,0.6666666666666666,0.3333333333333333,6.333333333333333,-2.6666666666666665,0.4166666666666667,0.45454545454545453,46.27827292533175,68.55021745930837,99.51167929292929,57.474000746728024,77.6388888888889,96.4556277056277,0.0,0.0,1.0,1.0,team1,proxy
1422137,Rajasthan Royals,Royal Challengers Bengaluru,31.652937291935554,25.40527849177849,8.672727272727274,7.7700000000000005,8.672727272727274,7.7700000000000005,93.75221521554276,74.16426163926164,4.6437188569006755,7.981763902763902,126.0,105.0,"M Chinnaswamy Stadium, Bengaluru",2024-04-06,0.6,0.2,0.6,0.2,0.0,0.9738269276114124,1.0964395189813725,0.8663617886178863,1.1242378048780488,1.0471604938271606,1.1131233595800525,1.0040816326530613,0.954181818181818,1.0570662581386443,0.9536576024511682,0.801007556675063,0.9269521410579344,0.8822222222222222,1.0614973262032086,-0.8090467281889042,0.8423983885264796,0.0014011658394522,2.778823229819627,-0.0069694908371532,2.780826844024323,2024,0.4,0.5,0.5,0.6666666666666666,0.25,8.0,2.0,0.45454545454545453,0.6,56.993506493506494,41.61774891774892,87.53177378177378,47.0872859025033,74.34944684944685,40.14772727272727,0.0,0.0,1.0,1.0,team1,proxy
1422138,Delhi Capitals,Mumbai Indians,31.351240085164235,42.11921321733822,9.938888888888888,11.411111111111111,9.938888888888888,11.411111111111111,90.95228176536227,124.87839590964592,6.40402158664349,7.119307264373053,152.0,151.0,"M Chinnaswamy Stadium, Bengaluru",2024-04-07,0.4,0.8,0.4,0.8,0.0,1.0,0.9195944352746992,1.0492886178861789,1.1928353658536586,1.0318734793187347,0.8315686274509805,1.0,1.2148148148148148,0.9766373037150518,1.061662198391421,1.0377833753148615,1.1365239294710328,1.1408045977011496,1.2822997416020672,-0.098979121001832,0.3259855832995194,-0.2539223871273355,-0.7272050706755269,-0.2547736094915072,-0.7194063319684201,2024,0.6,0.5,0.5,0.5,1.0,-12.25,8.666666666666666,0.4166666666666667,0.5,57.898989898989896,72.6818783068783,87.23865935262995,85.78145012213639,92.37433862433863,103.192791005291,0.0,0.0,1.0,1.0,team1,proxy
1422139,Gujarat Titans,Lucknow Super Giants,33.7445190920191,27.58259621097856,8.575000000000001,8.95,8.575000000000001,8.95,100.64006364006364,79.76698736992854,5.648608095121253,6.55244895283595,82.0,108.0,"M Chinnaswamy Stadium, Bengaluru",2024-04-07,0.2,0.6,0.2,0.6,0.0,0.9372789436453666,0.8441405328931855,0.9051067073170732,0.8727134146341464,0.9471803461753212,1.0432964329643295,0.8717607973421926,1.2862745098039214,0.9766373037150518,0.9060567926902664,0.7506297229219143,0.8722562072688017,0.7324723247232473,1.0025252525252526,-0.8117363782161273,-1.373873233905892,-0.1122489522494228,-0.2694908964545788,-0.1231276714563818,-0.2702613669074044,2024,1.0,0.5,0.5,0.25,0.6666666666666666,-2.75,-2.0,0.4166666666666667,0.5,48.70475589225589,59.82834295334296,59.97741596638655,75.21280480791351,108.5727813852814,59.72222222222222,0.0,0.0,1.0,1.0,team2,proxy
1426260,Chennai Super Kings,Kolkata Knight Riders,36.7094696969697,52.028710212529404,9.99,13.65,9.99,13.65,108.76489898989898,154.86792293065358,6.848394237083866,8.327931178298826,86.0,102.0,"M Chinnaswamy Stadium, Bengaluru",2024-04-08,0.8,0.6,0.8,0.6,0.0,0.954963452016034,1.056354633341193,1.0670731707317074,0.932418699186992,0.8863113897596657,1.06025,0.954181818181818,0.946153846153846,1.068556108770586,0.9728073535044044,1.0982367758186398,1.1032745591939546,0.9363207547169812,0.9363207547169812,-0.0451861204573582,-0.1527721215463077,-0.3037416169745134,-0.6213392072502736,-0.2857491243233013,-0.6264797874730375,2024,0.6,0.5,0.5,0.75,0.6666666666666666,9.5,19.333333333333332,0.5,0.25,47.52814407814408,109.5293710918711,96.39280303030303,109.01144652370142,78.3452380952381,163.72685185185185,0.0,0.0,1.0,1.0,team2,proxy
1426261,Punjab Kings,Sunrisers Hyderabad,36.95428756534592,44.3399333634202,11.616666666666667,11.661111111111111,11.616666666666667,11.661111111111111,107.49206966226417,132.01829639658587,5.492182478684026,7.059370116038072,136.0,124.0,"M Chinnaswamy Stadium, Bengaluru",2024-04-09,0.2,0.2,0.2,0.2,0.0,1.4147606696533837,1.0176171388149695,1.1070884146341464,1.0,1.0061684460260971,1.0,1.0330708661417325,0.94680412371134,1.167368824205285,0.9257536794878808,1.1002518891687656,1.2004318100035984,0.9452380952380952,1.3703155818540436,2.222188852492264,-0.098979121001832,-0.2383538778000923,-0.2539223871273355,-0.23928585207561,-0.2547736094915072,2024,0.4,0.5,0.5,0.25,0.25,-15.25,-6.75,0.3333333333333333,0.25,56.96407527657528,59.039406581073244,99.90197630942515,88.70240638990639,69.82208994708995,120.4513888888889,0.0,0.0,1.0,1.0,team1,proxy
1426262,Gujarat Titans,Rajasthan Royals,39.730731629481625,29.9684744820182,9.905555555555557,9.745454545454546,9.905555555555557,9.745454545454546,118.93392024642024,86.71915736430309,4.47547454766882,5.888847062028881,141.0,101.0,"M Chinnaswamy Stadium, Bengaluru",2024-04-10,0.2,0.8,0.2,0.8,0.0,0.9372789436453666,0.9738269276114124,0.9051067073170732,0.8663617886178863,0.9471803461753212,1.0471604938271606,0.8717607973421926,1.0040816326530613,0.9766373037150518,1.0570662581386443,0.7506297229219143,0.801007556675063,0.7324723247232473,0.8822222222222222,-0.8117363782161273,-0.8090467281889042,-0.1122489522494228,0.0014011658394522,-0.1231276714563818,-0.0069694908371532,2024,0.8,0.5,0.5,0.2,0.75,-7.4,11.25,0.3333333333333333,0.5454545454545454,52.09595959595959,61.24758574758575,77.87887099284158,87.63278388278388,114.50366762866763,71.42857142857143,0.0,0.0,1.0,1.0,team1,proxy
1426263,Mumbai Indians,Royal Challengers Bengaluru,45.02557540943904,37.56904434937044,11.036363636363637,9.933333333333334,11.036363636363637,9.933333333333334,135.0200998496453,111.82459227567922,7.739130646537063,4.620237123987124,142.0,140.0,"M Chinnaswamy Stadium, Bengaluru",2024-04-11,0.6,0.2,0.6,0.2,0.0,0.9195944352746992,1.0964395189813725,1.1928353658536586,1.1242378048780488,0.8315686274509805,1.1131233595800525,1.2148148148148148,0.954181818181818,1.061662198391421,0.9536576024511682,1.1365239294710328,0.9269521410579344,1.2822997416020672,1.0614973262032086,0.3259855832995194,0.8423983885264796,-0.7272050706755269,2.778823229819627,-0.7194063319684201,2.780826844024323,2024,0.2,0.5,0.5,0.75,0.2,6.25,-2.6,0.5454545454545454,0.4166666666666667,78.4102009102009,32.786616161616166,96.1976526147649,83.59087520772304,121.16161616161617,115.54398148148148,0.0,0.0,1.0,1.0,team1,proxy
1426264,Delhi Capitals,Lucknow Super Giants,33.522514678772765,31.9634295443119,11.909090909090908,10.016666666666667,11.909090909090908,10.016666666666667,95.62656408075772,92.90587625881744,4.805892175654349,6.086004098670507,124.0,109.0,"M Chinnaswamy Stadium, Bengaluru",2024-04-12,0.6,0.6,0.6,0.6,0.0,1.0,0.8441405328931855,1.0492886178861789,0.8727134146341464,1.0318734793187347,1.0432964329643295,1.0,1.2862745098039214,0.9766373037150518,0.9060567926902664,1.0377833753148615,0.8722562072688017,1.1408045977011496,1.0025252525252526,-0.098979121001832,-1.373873233905892,-0.2539223871273355,-0.2694908964545788,-0.2547736094915072,-0.2702613669074044,2024,0.0,0.5,0.5,0.6,0.75,-9.6,5.0,0.45454545454545453,0.3333333333333333,69.60722610722611,72.73719336219337,85.98004169528234,93.39317737415564,82.19696969696969,55.18518518518518,0.0,0.0,1.0,1.0,team1,proxy
1426265,Punjab Kings,Rajasthan Royals,38.81316253678096,27.289111599733193,12.5,8.666666666666666,12.5,8.666666666666666,112.51054178926985,79.20814977688843,4.349679189489561,6.1497342526754295,105.0,111.0,"M Chinnaswamy Stadium, Bengaluru",2024-04-13,0.4,0.6,0.4,0.6,0.0,1.4147606696533837,0.9738269276114124,1.1070884146341464,0.8663617886178863,1.0061684460260971,1.0471604938271606,1.0330708661417325,1.0040816326530613,1.167368824205285,1.0570662581386443,1.1002518891687656,0.801007556675063,0.9452380952380952,0.8822222222222222,2.222188852492264,-0.8090467281889042,-0.2383538778000923,0.0014011658394522,-0.23928585207561,-0.0069694908371532,2024,0.4,0.5,0.5,0.4,0.6,-9.8,1.0,0.3333333333333333,0.4166666666666667,57.334986772486765,28.169312169312168,100.46400807797868,64.88768176268177,78.55759055759056,78.92526455026456,0.0,0.0,1.0,1.0,team2,proxy
1426266,Kolkata Knight Riders,Lucknow Super Giants,37.775397874231544,30.49933232208967,11.677777777777777,9.583333333333334,11.677777777777777,9.583333333333334,109.96428921040145,88.70332996252114,6.845433564257093,4.7659458270487685,77.0,107.0,"M Chinnaswamy Stadium, Bengaluru",2024-04-14,0.6,0.6,0.6,0.6,0.0,1.056354633341193,0.8441405328931855,0.932418699186992,0.8727134146341464,1.06025,1.0432964329643295,0.946153846153846,1.2862745098039214,0.9728073535044044,0.9060567926902664,1.1032745591939546,0.8722562072688017,0.9363207547169812,1.0025252525252526,-0.1527721215463077,-1.373873233905892,-0.6213392072502736,-0.2694908964545788,-0.6264797874730375,-0.2702613669074044,2024,0.0,0.5,0.5,0.75,0.6,18.5,1.0,0.6666666666666666,0.4166666666666667,73.52934102934103,58.46248196248197,69.78704528949626,78.58250596022334,83.30246913580248,53.18865740740741,0.0,0.0,1.0,1.0,team2,proxy
1426267,Chennai Super Kings,Mumbai Indians,35.06249191155516,48.51123110549581,10.981818181818182,12.433333333333332,10.981818181818182,12.433333333333332,101.88709425063843,144.82632590720826,5.842835024999394,7.0756878361290125,131.0,132.0,"M Chinnaswamy Stadium, Bengaluru",2024-04-14,0.6,0.8,0.6,0.8,0.0,0.954963452016034,0.9195944352746992,1.0670731707317074,1.1928353658536586,0.8863113897596657,0.8315686274509805,0.954181818181818,1.2148148148148148,1.068556108770586,1.061662198391421,1.0982367758186398,1.1365239294710328,0.9363207547169812,1.2822997416020672,-0.0451861204573582,0.3259855832995194,-0.3037416169745134,-0.7272050706755269,-0.2857491243233013,-0.7194063319684201,2024,0.8,0.5,0.5,0.6,0.8,4.4,5.4,0.45454545454545453,0.5833333333333334,51.40083149174058,71.002701002701,103.52977830250556,102.9744253567783,81.45021645021644,118.22751322751323,0.0,0.0,1.0,1.0,team2,proxy
1426268,Royal Challengers Bengaluru,Sunrisers Hyderabad,39.09420981795981,53.831069496691505,11.8375,11.272727272727273,11.8375,11.272727272727273,114.30986605986605,164.15204983745653,4.827899171906525,6.753289116831194,174.0,203.0,"M Chinnaswamy Stadium, Bengaluru",2024-04-15,0.2,0.2,0.2,0.2,0.0,1.0964395189813725,1.0176171388149695,1.1242378048780488,1.0,1.1131233595800525,1.0,0.954181818181818,0.94680412371134,0.9536576024511682,0.9257536794878808,0.9269521410579344,1.2004318100035984,1.0614973262032086,1.3703155818540436,0.8423983885264796,-0.098979121001832,2.778823229819627,-0.2539223871273355,2.780826844024323,-0.2547736094915072,2024,0.6,0.5,0.5,0.16666666666666666,0.2,-2.5,-7.8,0.4166666666666667,0.5454545454545454,50.51388888888889,46.83453415271597,79.37032288028665,71.82903207903207,96.17129629629629,152.43506493506493,0.0,0.0,1.0,1.0,team2,proxy
1426269,Kolkata Knight Riders,Rajasthan Royals,44.57326468397242,35.43726927398367,12.4,9.933333333333334,12.4,9.933333333333334,131.6942156132414,104.61311980216779,8.441626788244436,6.186539808230985,151.0,157.0,"M Chinnaswamy Stadium, Bengaluru",2024-04-16,0.6,0.6,0.6,0.6,0.0,1.056354633341193,0.9738269276114124,0.932418699186992,0.8663617886178863,1.06025,1.0471604938271606,0.946153846153846,1.0040816326530613,0.9728073535044044,1.0570662581386443,1.1032745591939546,0.801007556675063,0.9363207547169812,0.8822222222222222,-0.1527721215463077,-0.8090467281889042,-0.6213392072502736,0.0014011658394522,-0.6264797874730375,-0.0069694908371532,2024,0.4,0.5,0.5,0.6,0.6666666666666666,8.8,1.8333333333333333,0.3333333333333333,0.3333333333333333,61.96248196248197,37.61716524216524,94.72760842552509,96.29704785954785,111.27314814814815,97.68783068783068,0.0,0.0,1.0,1.0,team2,proxy
1426270,Delhi Capitals,Gujarat Titans,36.8946396160599,39.70922304266469,12.775,11.154166666666667,12.775,11.154166666666667,105.732132053533,117.25435458666009,5.334554814380666,4.2523959704725955,71.0,66.0,"M Chinnaswamy Stadium, Bengaluru",2024-04-17,0.6,0.4,0.6,0.4,0.0,1.0,0.9372789436453666,1.0492886178861789,0.9051067073170732,1.0318734793187347,0.9471803461753212,1.0,0.8717607973421926,0.9766373037150518,0.9766373037150518,1.0377833753148615,0.7506297229219143,1.1408045977011496,0.7324723247232473,-0.098979121001832,-0.8117363782161273,-0.2539223871273355,-0.1122489522494228,-0.2547736094915072,-0.1231276714563818,2024,0.3333333333333333,0.5,0.5,0.6666666666666666,0.3333333333333333,-5.5,0.5,0.5,0.16666666666666666,75.80662393162392,39.26376863876864,86.82957846438238,75.23123390770449,102.06018518518518,116.34271284271284,0.0,0.0,1.0,1.0,team1,proxy
1426271,Mumbai Indians,Punjab Kings,47.04555802857273,38.35674982911824,12.799999999999999,11.761111111111111,12.799999999999999,11.761111111111111,139.53519342857578,111.95768461557935,7.095481283422459,5.406535250095622,146.0,139.0,"M Chinnaswamy Stadium, Bengaluru",2024-04-18,0.8,0.4,0.8,0.4,0.0,0.9195944352746992,1.4147606696533837,1.1928353658536586,1.1070884146341464,0.8315686274509805,1.0061684460260971,1.2148148148148148,1.0330708661417325,1.061662198391421,1.167368824205285,1.1365239294710328,1.1002518891687656,1.2822997416020672,0.9452380952380952,0.3259855832995194,2.222188852492264,-0.7272050706755269,-0.2383538778000923,-0.7194063319684201,-0.23928585207561,2024,0.4,0.5,0.5,0.8333333333333334,0.3333333333333333,4.666666666666667,-9.166666666666666,0.5,0.4166666666666667,75.53261553261554,46.62698412698413,91.50872670357963,96.98145604395604,103.06018518518518,109.99779541446208,0.0,0.0,1.0,1.0,team1,proxy
1426272,Chennai Super Kings,Lucknow Super Giants,32.705563473038126,33.666209329885795,9.450000000000001,10.31111111111111,9.450000000000001,10.31111111111111,96.03521157679374,98.27254961813784,5.290086407830215,5.774850846321434,130.0,100.0,"M Chinnaswamy Stadium, Bengaluru",2024-04-19,0.4,0.8,0.4,0.8,0.0,0.954963452016034,0.8441405328931855,1.0670731707317074,0.8727134146341464,0.8863113897596657,1.0432964329643295,0.954181818181818,1.2862745098039214,1.068556108770586,0.9060567926902664,1.0982367758186398,0.8722562072688017,0.9363207547169812,1.0025252525252526,-0.0451861204573582,-1.373873233905892,-0.3037416169745134,-0.2694908964545788,-0.2857491243233013,-0.2702613669074044,2024,0.5,0.5,0.5,0.5,0.6666666666666666,3.5,5.833333333333333,0.3333333333333333,0.5555555555555556,37.28157028157028,56.08754208754209,71.14727368220015,72.86553945249597,97.58487654320989,57.65432098765432,0.0,0.0,1.0,1.0,team1,proxy
1426273,Delhi Capitals,Sunrisers Hyderabad,35.3001513566413,44.57348606072289,10.991666666666667,12.529166666666667,10.991666666666667,12.529166666666667,102.71161563324877,131.58523131352078,6.438278700144025,7.354361061624993,117.0,161.0,"M Chinnaswamy Stadium, Bengaluru",2024-04-20,0.8,0.4,0.8,0.4,0.0,1.0,1.0176171388149695,1.0492886178861789,1.0,1.0318734793187347,1.0,1.0,0.94680412371134,0.9766373037150518,0.9257536794878808,1.0377833753148615,1.2004318100035984,1.1408045977011496,1.3703155818540436,-0.098979121001832,-0.098979121001832,-0.2539223871273355,-0.2539223871273355,-0.2547736094915072,-0.2547736094915072,2024,0.7,0.5,0.5,0.7142857142857143,0.3333333333333333,-4.0,-1.6666666666666667,0.4166666666666667,0.4166666666666667,90.97527472527473,47.152648277648275,83.95388525780682,95.33248926998927,82.89186507936508,109.04265873015873,0.0,0.0,1.0,1.0,team2,proxy
1426274,Kolkata Knight Riders,Royal Challengers Bengaluru,39.29158004748949,43.09298604173604,11.933333333333335,12.466666666666667,11.933333333333335,12.466666666666667,114.79415571385385,126.81273125023125,9.148914410752646,7.240363810166442,133.0,141.0,"M Chinnaswamy Stadium, Bengaluru",2024-04-21,0.4,0.2,0.4,0.2,0.0,1.056354633341193,1.0964395189813725,0.932418699186992,1.1242378048780488,1.06025,1.1131233595800525,0.946153846153846,0.954181818181818,0.9728073535044044,0.9536576024511682,1.1032745591939546,0.9269521410579344,0.9363207547169812,1.0614973262032086,-0.1527721215463077,0.8423983885264796,-0.6213392072502736,2.778823229819627,-0.6264797874730375,2.780826844024323,2024,0.6,0.5,0.5,0.5,0.14285714285714285,6.333333333333333,-6.285714285714286,0.3333333333333333,0.4166666666666667,64.17433261183261,66.0707671957672,98.78205931495405,101.87000191166858,92.5462962962963,92.49074074074075,0.0,0.0,1.0,1.0,team2,proxy
1426275,Gujarat Titans,Punjab Kings,36.825486942163884,44.20682682083998,10.108333333333333,11.720833333333333,10.108333333333333,11.720833333333333,109.04190091832407,131.4616449583555,5.136960788824179,5.3205999272485345,102.0,110.0,"M Chinnaswamy Stadium, Bengaluru",2024-04-21,0.4,0.2,0.4,0.2,0.0,0.9372789436453666,1.4147606696533837,0.9051067073170732,1.1070884146341464,0.9471803461753212,1.0061684460260971,0.8717607973421926,1.0330708661417325,0.9766373037150518,1.167368824205285,0.7506297229219143,1.1002518891687656,0.7324723247232473,0.9452380952380952,-0.8117363782161273,2.222188852492264,-0.1122489522494228,-0.2383538778000923,-0.1231276714563818,-0.23928585207561,2024,0.75,0.5,0.5,0.2857142857142857,0.2857142857142857,-0.2857142857142857,-8.857142857142858,0.4166666666666667,0.3333333333333333,44.097101972101974,49.961970899470906,76.48405992155992,110.31341151132817,100.6243235930736,125.20282186948855,0.0,0.0,1.0,1.0,team2,proxy
1426276,Mumbai Indians,Rajasthan Royals,41.00384058571565,26.59770317217796,13.333333333333334,9.6,13.333333333333334,9.6,118.66835750794105,75.53401057392654,4.7414553093964855,6.424601207615913,118.0,120.0,"M Chinnaswamy Stadium, Bengaluru",2024-04-22,0.8,0.6,0.8,0.6,0.0,0.9195944352746992,0.9738269276114124,1.1928353658536586,0.8663617886178863,0.8315686274509805,1.0471604938271606,1.2148148148148148,1.0040816326530613,1.061662198391421,1.0570662581386443,1.1365239294710328,0.801007556675063,1.2822997416020672,0.8822222222222222,0.3259855832995194,-0.8090467281889042,-0.7272050706755269,0.0014011658394522,-0.7194063319684201,-0.0069694908371532,2024,0.8,0.5,0.5,0.8571428571428571,0.7142857142857143,5.0,2.4285714285714284,0.3333333333333333,0.625,96.79397916897916,55.45100038850039,99.37319730242524,78.4147472394755,98.9212962962963,59.479166666666664,0.0,0.0,1.0,1.0,team2,proxy
1426277,Chennai Super Kings,Lucknow Super Giants,31.32095891909533,31.983654740980946,9.799999999999999,9.218181818181819,9.799999999999999,9.218181818181819,90.98652973031777,94.06672792448194,6.742913205215836,5.47552966641202,141.0,142.0,"M Chinnaswamy Stadium, Bengaluru",2024-04-23,0.4,0.6,0.4,0.6,0.0,0.954963452016034,0.8441405328931855,1.0670731707317074,0.8727134146341464,0.8863113897596657,1.0432964329643295,0.954181818181818,1.2862745098039214,1.068556108770586,0.9060567926902664,1.0982367758186398,0.8722562072688017,0.9363207547169812,1.0025252525252526,-0.0451861204573582,-1.373873233905892,-0.3037416169745134,-0.2694908964545788,-0.2857491243233013,-0.2702613669074044,2024,0.6666666666666666,0.5,0.5,0.5714285714285714,0.5714285714285714,7.285714285714286,0.7142857142857143,0.5,0.45454545454545453,45.625485625485624,67.51462678735406,64.206172060392,73.98189617804242,99.47971781305115,67.07521645021644,0.0,0.0,1.0,1.0,team2,proxy
1426278,Delhi Capitals,Gujarat Titans,34.738426438698745,37.52756289453396,10.260606060606062,10.383333333333335,10.260606060606062,10.383333333333335,101.76849216939986,111.04326520400207,7.149413712050216,6.111837125722574,132.0,153.0,"M Chinnaswamy Stadium, Bengaluru",2024-04-24,0.6,0.4,0.6,0.4,0.0,1.0,0.9372789436453666,1.0492886178861789,0.9051067073170732,1.0318734793187347,0.9471803461753212,1.0,0.8717607973421926,0.9766373037150518,0.9766373037150518,1.0377833753148615,0.7506297229219143,1.1408045977011496,0.7324723247232473,-0.098979121001832,-0.8117363782161273,-0.2539223871273355,-0.1122489522494228,-0.2547736094915072,-0.1231276714563818,2024,0.5,0.5,0.5,0.625,0.25,-9.0,-1.25,0.45454545454545453,0.3333333333333333,82.89029489029488,42.452681577681574,85.69970106354852,77.22019858999026,73.06818181818181,102.65474687349688,0.0,0.0,1.0,1.0,team2,proxy
1426279,Royal Challengers Bengaluru,Sunrisers Hyderabad,49.7045250745986,55.71674890898574,11.977777777777776,11.833333333333334,11.977777777777776,11.833333333333334,149.4669354338472,169.62805191884138,8.157750291074594,7.491012024181529,124.0,123.0,"M Chinnaswamy Stadium, Bengaluru",2024-04-25,0.2,0.6,0.2,0.6,0.0,1.0964395189813725,1.0176171388149695,1.1242378048780488,1.0,1.1131233595800525,1.0,0.954181818181818,0.94680412371134,0.9536576024511682,0.9257536794878808,0.9269521410579344,1.2004318100035984,1.0614973262032086,1.3703155818540436,0.8423983885264796,-0.098979121001832,2.778823229819627,-0.2539223871273355,2.780826844024323,-0.2547736094915072,2024,0.4,0.5,0.5,0.25,0.42857142857142855,-4.5,4.857142857142857,0.4166666666666667,0.25,72.37382987382988,49.434012746512735,100.2626597939098,77.75432669182669,108.76767676767678,152.48015873015873,0.0,0.0,1.0,1.0,team1,proxy
1426280,Kolkata Knight Riders,Punjab Kings,41.4859147689256,32.202345864661645,11.981818181818182,8.36,11.981818181818182,8.36,121.98335226005506,95.79448621553884,8.461989027015765,6.284027736453433,184.0,156.0,"M Chinnaswamy Stadium, Bengaluru",2024-04-26,0.4,0.4,0.4,0.4,0.0,1.056354633341193,1.4147606696533837,0.932418699186992,1.1070884146341464,1.06025,1.0061684460260971,0.946153846153846,1.0330708661417325,0.9728073535044044,1.167368824205285,1.1032745591939546,1.1002518891687656,0.9363207547169812,0.9452380952380952,-0.1527721215463077,2.222188852492264,-0.6213392072502736,-0.2383538778000923,-0.6264797874730375,-0.23928585207561,2024,0.6,0.5,0.5,0.42857142857142855,0.375,4.285714285714286,-6.75,0.36363636363636365,0.6,62.254361799816344,57.281944444444434,105.67007394519355,87.15436507936508,113.72294372294373,84.44047619047619,0.0,0.0,1.0,1.0,team1,proxy
1426281,Delhi Capitals,Mumbai Indians,34.90069389495016,41.86562111512775,10.227272727272727,12.233333333333334,10.227272727272727,12.233333333333334,102.39019177104598,123.09095927264808,5.896579552354954,6.382473621150091,167.0,168.0,"M Chinnaswamy Stadium, Bengaluru",2024-04-27,0.6,0.6,0.6,0.6,0.0,1.0,0.9195944352746992,1.0492886178861789,1.1928353658536586,1.0318734793187347,0.8315686274509805,1.0,1.2148148148148148,0.9766373037150518,1.061662198391421,1.0377833753148615,1.1365239294710328,1.1408045977011496,1.2822997416020672,-0.098979121001832,0.3259855832995194,-0.2539223871273355,-0.7272050706755269,-0.2547736094915072,-0.7194063319684201,2024,0.6,0.5,0.5,0.5555555555555556,0.75,-10.333333333333334,4.125,0.45454545454545453,0.4166666666666667,58.85732323232323,80.59358234358236,98.07185750188141,98.56690705128204,90.42929292929294,95.69775132275133,0.0,0.0,1.0,1.0,team2,proxy
1426282,Lucknow Super Giants,Rajasthan Royals,36.26592767592767,32.004451620176965,9.766666666666667,12.44,9.766666666666667,12.44,107.59753669753668,89.81483873392321,5.588446545284781,6.477162758809817,121.0,131.0,"M Chinnaswamy Stadium, Bengaluru",2024-04-27,0.6,0.8,0.6,0.8,0.0,0.8441405328931855,0.9738269276114124,0.8727134146341464,0.8663617886178863,1.0432964329643295,1.0471604938271606,1.2862745098039214,1.0040816326530613,0.9060567926902664,1.0570662581386443,0.8722562072688017,0.801007556675063,1.0025252525252526,0.8822222222222222,-1.373873233905892,-0.8090467281889042,-0.2694908964545788,0.0014011658394522,-0.2702613669074044,-0.0069694908371532,2024,0.25,0.5,0.5,0.625,0.75,0.75,2.375,0.4166666666666667,0.5,66.24356661856662,58.977466977466975,82.66526875901876,94.51642982621243,110.7853835978836,91.9722222222222,0.0,0.0,1.0,1.0,team2,proxy
1426283,Gujarat Titans,Royal Challengers Bengaluru,40.568803374188924,47.40276037325057,9.872727272727273,11.096296296296295,9.872727272727273,11.096296296296295,121.88389003517518,142.80117655281055,7.064003278361567,8.88214276683833,124.0,107.0,"M Chinnaswamy Stadium, Bengaluru",2024-04-28,0.4,0.4,0.4,0.4,0.0,0.9372789436453666,1.0964395189813725,0.9051067073170732,1.1242378048780488,0.9471803461753212,1.1131233595800525,0.8717607973421926,0.954181818181818,0.9766373037150518,0.9536576024511682,0.7506297229219143,0.9269521410579344,0.7324723247232473,1.0614973262032086,-0.8117363782161273,0.8423983885264796,-0.1122489522494228,2.778823229819627,-0.1231276714563818,2.780826844024323,2024,0.6666666666666666,0.5,0.5,0.3333333333333333,0.3333333333333333,1.2222222222222223,-3.888888888888889,0.5454545454545454,0.6666666666666666,49.04433949888496,78.37756071089404,77.09254949595858,76.13344988344988,91.11562049062049,100.2581369248036,0.0,0.0,1.0,1.0,team1,proxy
1426284,Chennai Super Kings,Sunrisers Hyderabad,32.7020380690627,57.05242856193514,11.472727272727273,13.75,11.472727272727273,13.75,93.4370965938454,171.60809520645046,6.010168616916436,6.454478043456372,136.0,104.0,"M Chinnaswamy Stadium, Bengaluru",2024-04-28,0.4,0.4,0.4,0.4,0.0,0.954963452016034,1.0176171388149695,1.0670731707317074,1.0,0.8863113897596657,1.0,0.954181818181818,0.94680412371134,1.068556108770586,0.9257536794878808,1.0982367758186398,1.2004318100035984,0.9363207547169812,1.3703155818540436,-0.0451861204573582,-0.098979121001832,-0.3037416169745134,-0.2539223871273355,-0.2857491243233013,-0.2547736094915072,2024,0.8,0.5,0.5,0.5,0.375,6.25,4.125,0.5454545454545454,0.3333333333333333,45.370992643719916,99.0444116069116,68.28721631000171,124.89746364746365,97.65512265512265,132.8152557319224,0.0,0.0,1.0,1.0,team1,proxy
1426285,Delhi Capitals,Kolkata Knight Riders,39.18060664417282,39.97213726186095,11.766666666666666,11.78,11.766666666666666,11.78,114.72979992502052,117.25379087286983,6.211031011472188,9.789554367201427,111.0,99.0,"M Chinnaswamy Stadium, Bengaluru",2024-04-29,0.4,0.4,0.4,0.4,0.0,1.0,1.056354633341193,1.0492886178861789,0.932418699186992,1.0318734793187347,1.06025,1.0,0.946153846153846,0.9766373037150518,0.9728073535044044,1.0377833753148615,1.1032745591939546,1.1408045977011496,0.9363207547169812,-0.098979121001832,-0.1527721215463077,-0.2539223871273355,-0.6213392072502736,-0.2547736094915072,-0.6264797874730375,2024,0.6,0.5,0.5,0.5,0.5,-9.4,7.25,0.16666666666666666,0.5,68.09762922262922,69.86507936507937,93.43057296017821,96.65230500493658,69.00462962962963,102.23611111111111,0.0,0.0,1.0,1.0,team1,proxy
1426286,Lucknow Super Giants,Mumbai Indians,29.41517121017121,47.28788662739328,8.966666666666667,12.883333333333333,8.966666666666667,12.883333333333333,85.8505707005707,140.21517764686647,4.936346872082166,6.809828092658975,100.0,103.0,"M Chinnaswamy Stadium, Bengaluru",2024-04-30,0.4,0.8,0.4,0.8,0.0,0.8441405328931855,0.9195944352746992,0.8727134146341464,1.1928353658536586,1.0432964329643295,0.8315686274509805,1.2862745098039214,1.2148148148148148,0.9060567926902664,1.061662198391421,0.8722562072688017,1.1365239294710328,1.0025252525252526,1.2822997416020672,-1.373873233905892,0.3259855832995194,-0.2694908964545788,-0.7272050706755269,-0.2702613669074044,-0.7194063319684201,2024,0.75,0.5,0.5,0.5555555555555556,0.7777777777777778,-0.4444444444444444,3.7777777777777777,0.3333333333333333,0.5,48.25414862914863,83.0120974704308,71.76638176638177,107.79662698412699,95.6125992063492,113.30357142857144,0.0,0.0,1.0,1.0,team2,proxy
1426287,Chennai Super Kings,Punjab Kings,36.28418746574927,35.3965991114149,11.016666666666666,9.64,11.016666666666666,9.64,106.07506933027535,104.67533037138301,4.482879261261615,6.553888417567984,92.0,118.0,"M Chinnaswamy Stadium, Bengaluru",2024-05-01,0.4,0.4,0.4,0.4,0.0,0.954963452016034,1.4147606696533837,1.0670731707317074,1.1070884146341464,0.8863113897596657,1.0061684460260971,0.954181818181818,1.0330708661417325,1.068556108770586,1.167368824205285,1.0982367758186398,1.1002518891687656,0.9363207547169812,0.9452380952380952,-0.0451861204573582,2.222188852492264,-0.3037416169745134,-0.2383538778000923,-0.2857491243233013,-0.23928585207561,2024,0.2,0.5,0.5,0.5555555555555556,0.3333333333333333,9.11111111111111,-9.11111111111111,0.4166666666666667,0.5,41.051171051171046,60.77222222222222,71.57602794926963,88.58888888888889,125.29431216931216,128.484126984127,0.0,0.0,1.0,1.0,team2,proxy
1426288,Rajasthan Royals,Sunrisers Hyderabad,36.75243955740804,49.86891319207108,12.199999999999998,12.47272727272727,12.199999999999998,12.47272727272727,105.97479852469348,149.36304397357029,6.479546899179252,8.400233088049019,134.0,134.0,"M Chinnaswamy Stadium, Bengaluru",2024-05-02,0.8,0.4,0.8,0.4,0.0,0.9738269276114124,1.0176171388149695,0.8663617886178863,1.0,1.0471604938271606,1.0,1.0040816326530613,0.94680412371134,1.0570662581386443,0.9257536794878808,0.801007556675063,1.2004318100035984,0.8822222222222222,1.3703155818540436,-0.8090467281889042,-0.098979121001832,0.0014011658394522,-0.2539223871273355,-0.0069694908371532,-0.2547736094915072,2024,0.6,0.5,0.5,0.7777777777777778,0.3333333333333333,3.2222222222222223,0.1111111111111111,0.4166666666666667,0.5454545454545454,51.67566692566692,94.57967032967032,84.89730378317334,113.3109163563709,126.6724537037037,105.90367965367965,0.0,0.0,1.0,1.0,tie,proxy
1426289,Kolkata Knight Riders,Mumbai Indians,42.839975010369756,44.93364492138686,12.766666666666666,12.011111111111111,12.766666666666666,12.011111111111111,125.57769447901028,133.58622381203028,5.96714287389597,6.953238746547569,126.0,112.0,"M Chinnaswamy Stadium, Bengaluru",2024-05-03,0.2,0.8,0.2,0.8,0.0,1.056354633341193,0.9195944352746992,0.932418699186992,1.1928353658536586,1.06025,0.8315686274509805,0.946153846153846,1.2148148148148148,0.9728073535044044,1.061662198391421,1.1032745591939546,1.1365239294710328,0.9363207547169812,1.2822997416020672,-0.1527721215463077,0.3259855832995194,-0.6213392072502736,-0.7272050706755269,-0.6264797874730375,-0.7194063319684201,2024,0.6,0.5,0.5,0.4444444444444444,0.8,5.111111111111111,3.7,0.4166666666666667,0.3333333333333333,82.13377825877826,68.15238927738928,109.21197351624983,112.60893620268621,99.8126102292769,106.36838624338624,0.0,0.0,1.0,1.0,team1,proxy
1426290,Gujarat Titans,Royal Challengers Bengaluru,35.407810437024146,43.91051890561565,10.833333333333334,11.608333333333334,10.833333333333334,11.608333333333334,103.46492367896938,130.6156185742744,4.672501191618839,8.026461991883819,97.0,83.0,"M Chinnaswamy Stadium, Bengaluru",2024-05-04,0.6,0.4,0.6,0.4,0.0,0.9372789436453666,1.0964395189813725,0.9051067073170732,1.1242378048780488,0.9471803461753212,1.1131233595800525,0.8717607973421926,0.954181818181818,0.9766373037150518,0.9536576024511682,0.7506297229219143,0.9269521410579344,0.7324723247232473,1.0614973262032086,-0.8117363782161273,0.8423983885264796,-0.1122489522494228,2.778823229819627,-0.1231276714563818,2.780826844024323,2024,0.75,0.5,0.5,0.4,0.3,2.8,-5.2,0.3333333333333333,0.4166666666666667,55.5525493025493,65.26892551892551,87.55236256798757,91.79102725977725,100.96533289241621,70.27314814814815,0.0,0.0,1.0,1.0,team1,proxy
1426291,Chennai Super Kings,Punjab Kings,37.42430143618271,38.052692790096046,10.55,10.733333333333334,10.55,10.733333333333334,110.41433812060905,112.1478648558757,7.320255577326011,5.522691901321932,127.0,108.0,"M Chinnaswamy Stadium, Bengaluru",2024-05-05,0.4,0.4,0.4,0.4,0.0,0.954963452016034,1.4147606696533837,1.0670731707317074,1.1070884146341464,0.8863113897596657,1.0061684460260971,0.954181818181818,1.0330708661417325,1.068556108770586,1.167368824205285,1.0982367758186398,1.1002518891687656,0.9363207547169812,0.9452380952380952,-0.0451861204573582,2.222188852492264,-0.3037416169745134,-0.2383538778000923,-0.2857491243233013,-0.23928585207561,2024,0.0,0.5,0.5,0.5,0.4,5.6,-5.6,0.25,0.25,39.453948828948825,51.029671717171716,68.7424421174954,95.42875642875644,120.50815696649032,105.3615520282187,0.0,0.0,1.0,1.0,team1,proxy
1426292,Kolkata Knight Riders,Lucknow Super Giants,42.477356290488096,26.260588379049917,11.666666666666666,8.948717948717949,11.666666666666666,8.948717948717949,125.76896541273811,75.35751681905528,6.969252202475887,6.185871812953261,160.0,108.0,"M Chinnaswamy Stadium, Bengaluru",2024-05-05,0.4,0.4,0.4,0.4,0.0,1.056354633341193,0.8441405328931855,0.932418699186992,0.8727134146341464,1.06025,1.0432964329643295,0.946153846153846,1.2862745098039214,0.9728073535044044,0.9060567926902664,1.1032745591939546,0.8722562072688017,0.9363207547169812,1.0025252525252526,-0.1527721215463077,-1.373873233905892,-0.6213392072502736,-0.2694908964545788,-0.6264797874730375,-0.2702613669074044,2024,0.0,0.5,0.5,0.5,0.5,6.0,-0.7,0.3333333333333333,0.38461538461538464,89.13377825877826,45.442612942612946,97.7096112951376,72.1121814334484,104.18182319223986,81.21336996336997,0.0,0.0,1.0,1.0,team1,proxy
1426293,Mumbai Indians,Sunrisers Hyderabad,38.21227500456533,51.73212987294509,10.055,14.308333333333332,10.055,14.308333333333332,113.77758334855109,153.12932179870586,6.886886246106835,6.904857134609457,89.0,119.0,"M Chinnaswamy Stadium, Bengaluru",2024-05-06,0.6,0.5,0.6,0.5,0.0,0.9195944352746992,1.0176171388149695,1.1928353658536586,1.0,0.8315686274509805,1.0,1.2148148148148148,0.94680412371134,1.061662198391421,0.9257536794878808,1.1365239294710328,1.2004318100035984,1.2822997416020672,1.3703155818540436,0.3259855832995194,-0.098979121001832,-0.7272050706755269,-0.2539223871273355,-0.7194063319684201,-0.2547736094915072,2024,0.8,0.5,0.5,0.7272727272727273,0.3,2.090909090909091,0.1,0.5,0.16666666666666666,64.41641414141415,106.37599206349206,107.6427738927739,135.5037185037185,60.71428571428571,106.77613281779948,0.0,0.0,1.0,1.0,team2,proxy
1426294,Delhi Capitals,Rajasthan Royals,36.38371614174439,31.45226459348308,10.066666666666666,10.783333333333333,10.066666666666666,10.783333333333333,107.52349825025908,90.21310420049916,6.836287777410068,5.639091104973457,157.0,158.0,"M Chinnaswamy Stadium, Bengaluru",2024-05-07,0.4,0.9,0.4,0.9,0.0,1.0,0.9738269276114124,1.0492886178861789,0.8663617886178863,1.0318734793187347,1.0471604938271606,1.0,1.0040816326530613,0.9766373037150518,1.0570662581386443,1.0377833753148615,0.801007556675063,1.1408045977011496,0.8822222222222222,-0.098979121001832,-0.8090467281889042,-0.2539223871273355,0.0014011658394522,-0.2547736094915072,-0.0069694908371532,2024,0.4,0.5,0.5,0.5454545454545454,0.7,-7.454545454545454,2.9,0.4166666666666667,0.3333333333333333,64.369708994709,44.6026936026936,97.33064279774806,87.33317909948344,77.85879629629629,105.69444444444441,0.0,0.0,1.0,1.0,team2,proxy
1426295,Lucknow Super Giants,Sunrisers Hyderabad,36.48403329103328,44.63458333333334,11.5,9.425,11.68,9.425,105.72011097011095,135.96527777777777,6.033764419790736,8.951738935084522,92.0,79.0,"M Chinnaswamy Stadium, Bengaluru",2024-05-08,0.2,0.5,0.2,0.5,0.0,0.8441405328931855,1.0176171388149695,0.8727134146341464,1.0,1.0432964329643295,1.0,1.2862745098039214,0.94680412371134,0.9060567926902664,0.9257536794878808,0.8722562072688017,1.2004318100035984,1.0025252525252526,1.3703155818540436,-1.373873233905892,-0.098979121001832,-0.2694908964545788,-0.2539223871273355,-0.2702613669074044,-0.2547736094915072,2024,1.0,0.5,0.5,0.45454545454545453,0.36363636363636365,-5.363636363636363,2.8181818181818183,0.4,0.75,59.70456349206349,65.63839285714286,115.64825289089995,72.31799450549451,80.67989417989418,95.16624579124579,0.0,0.0,1.0,1.0,team1,proxy
1426296,Punjab Kings,Royal Challengers Bengaluru,38.088898667551916,47.84935548570224,11.533333333333333,11.633333333333333,11.533333333333333,11.633333333333333,111.21855111406195,143.73674050789634,4.600452181404194,7.673393463261885,146.0,174.0,"M Chinnaswamy Stadium, Bengaluru",2024-05-09,0.4,0.4,0.4,0.4,0.0,1.4147606696533837,1.0964395189813725,1.1070884146341464,1.1242378048780488,1.0061684460260971,1.1131233595800525,1.0330708661417325,0.954181818181818,1.167368824205285,0.9536576024511682,1.1002518891687656,0.9269521410579344,0.9452380952380952,1.0614973262032086,2.222188852492264,0.8423983885264796,-0.2383538778000923,2.778823229819627,-0.23928585207561,2.780826844024323,2024,0.6,0.5,0.5,0.36363636363636365,0.2727272727272727,-6.818181818181818,-6.0,0.4166666666666667,0.4166666666666667,57.57828282828283,56.8446830946831,133.28722203722205,115.28807188182189,97.08333333333333,80.63078703703704,0.0,0.0,1.0,1.0,team2,proxy
1426297,Chennai Super Kings,Gujarat Titans,42.37734578562412,31.10808285015638,11.1,8.46,11.1,8.46,126.20781928541373,92.23360950052127,6.4778611661816,8.906251914751914,129.0,126.0,"M Chinnaswamy Stadium, Bengaluru",2024-05-10,0.6,0.6,0.6,0.6,0.0,0.954963452016034,0.9372789436453666,1.0670731707317074,0.9051067073170732,0.8863113897596657,0.9471803461753212,0.954181818181818,0.8717607973421926,1.068556108770586,0.9766373037150518,1.0982367758186398,0.7506297229219143,0.9363207547169812,0.7324723247232473,-0.0451861204573582,-0.8117363782161273,-0.3037416169745134,-0.1122489522494228,-0.2857491243233013,-0.1231276714563818,2024,0.6,0.5,0.5,0.5454545454545454,0.45454545454545453,6.818181818181818,3.8181818181818183,0.3333333333333333,0.6,51.71188533688534,55.13225108225108,90.83714383442644,80.4736568986569,138.86078042328043,118.33035714285715,0.0,0.0,1.0,1.0,team1,proxy
1426298,Kolkata Knight Riders,Mumbai Indians,41.08647494309788,40.08216632401415,12.266666666666666,10.016666666666667,12.266666666666666,10.016666666666667,120.26602758810405,120.05166552449161,7.9481839569958765,6.748820642721572,124.0,106.0,"M Chinnaswamy Stadium, Bengaluru",2024-05-11,0.6,0.4,0.6,0.4,0.0,1.056354633341193,0.9195944352746992,0.932418699186992,1.1928353658536586,1.06025,0.8315686274509805,0.946153846153846,1.2148148148148148,0.9728073535044044,1.061662198391421,1.1032745591939546,1.1365239294710328,0.9363207547169812,1.2822997416020672,-0.1527721215463077,0.3259855832995194,-0.6213392072502736,-0.7272050706755269,-0.6264797874730375,-0.7194063319684201,2024,0.8,0.5,0.5,0.5454545454545454,0.6666666666666666,10.181818181818182,-0.5833333333333334,0.4166666666666667,0.4166666666666667,87.39856902356901,62.33796296296296,89.81435231435232,107.94171684796684,98.26868386243386,107.60714285714285,0.0,0.0,1.0,1.0,team1,proxy
1426299,Chennai Super Kings,Rajasthan Royals,35.30687195411142,37.72647750054228,11.031818181818181,11.9,11.031818181818181,11.9,102.74411863491686,109.56742500180762,8.885388675495626,7.031451073436368,103.0,100.0,"M Chinnaswamy Stadium, Bengaluru",2024-05-12,0.6,0.9,0.6,0.9,0.0,0.954963452016034,0.9738269276114124,1.0670731707317074,0.8663617886178863,0.8863113897596657,1.0471604938271606,0.954181818181818,1.0040816326530613,1.068556108770586,1.0570662581386443,1.0982367758186398,0.801007556675063,0.9363207547169812,0.8822222222222222,-0.0451861204573582,-0.8090467281889042,-0.3037416169745134,0.0014011658394522,-0.2857491243233013,-0.0069694908371532,2024,0.2,0.5,0.5,0.5833333333333334,0.7272727272727273,6.5,2.727272727272727,0.36363636363636365,0.5,47.587901996992905,50.089225589225585,99.28211435029617,86.8347423510467,122.35269360269359,137.98611111111111,0.0,0.0,1.0,1.0,team1,proxy
1426300,Delhi Capitals,Royal Challengers Bengaluru,39.61537561896307,47.68844112564472,10.058333333333334,11.333333333333334,10.058333333333334,11.333333333333334,118.29014095209915,143.533692641038,6.168262746885038,7.29872923859766,99.0,129.0,"M Chinnaswamy Stadium, Bengaluru",2024-05-12,0.2,0.6,0.2,0.6,0.0,1.0,1.0964395189813725,1.0492886178861789,1.1242378048780488,1.0318734793187347,1.1131233595800525,1.0,0.954181818181818,0.9766373037150518,0.9536576024511682,1.0377833753148615,0.9269521410579344,1.1408045977011496,1.0614973262032086,-0.098979121001832,0.8423983885264796,-0.2539223871273355,2.778823229819627,-0.2547736094915072,2.780826844024323,2024,0.2,0.5,0.5,0.5,0.3333333333333333,-6.916666666666667,-3.1666666666666665,0.3333333333333333,0.4166666666666667,71.89451058201058,57.21907259407259,102.33875567515274,101.21218786659962,66.22685185185185,109.32870370370371,0.0,0.0,1.0,1.0,team2,proxy
1426302,Delhi Capitals,Lucknow Super Giants,44.63235710366196,35.03180624180624,12.816666666666668,10.233333333333333,12.816666666666668,10.233333333333333,131.40230145665097,102.85740969490969,5.990741836422951,9.322425289493788,147.0,151.0,"M Chinnaswamy Stadium, Bengaluru",2024-05-14,0.2,0.4,0.2,0.4,0.0,1.0,0.8441405328931855,1.0492886178861789,0.8727134146341464,1.0318734793187347,1.0432964329643295,1.0,1.2862745098039214,0.9766373037150518,0.9060567926902664,1.0377833753148615,0.8722562072688017,1.1408045977011496,1.0025252525252526,-0.098979121001832,-1.373873233905892,-0.2539223871273355,-0.2694908964545788,-0.2547736094915072,-0.2702613669074044,2024,0.25,0.5,0.5,0.46153846153846156,0.5,-8.692307692307692,-3.8333333333333335,0.5,0.25,66.78869047619048,65.92394179894181,108.93153101628333,117.70817009787596,100.24801587301586,96.40652557319225,0.0,0.0,1.0,1.0,team2,proxy
1426303,Punjab Kings,Rajasthan Royals,46.900288482444054,35.71979721654057,12.466666666666667,9.816666666666666,12.466666666666667,9.816666666666666,139.22873938592463,105.66043516624636,5.5237911409196245,5.758300890286185,92.0,105.0,"M Chinnaswamy Stadium, Bengaluru",2024-05-15,0.4,0.7,0.4,0.7,0.0,1.4147606696533837,0.9738269276114124,1.1070884146341464,0.8663617886178863,1.0061684460260971,1.0471604938271606,1.0330708661417325,1.0040816326530613,1.167368824205285,1.0570662581386443,1.1002518891687656,0.801007556675063,0.9452380952380952,0.8822222222222222,2.222188852492264,-0.8090467281889042,-0.2383538778000923,0.0014011658394522,-0.23928585207561,-0.0069694908371532,2024,0.2,0.5,0.5,0.3333333333333333,0.6666666666666666,-8.583333333333334,2.25,0.4166666666666667,0.3333333333333333,77.08522727272727,36.90740740740741,136.28784988159987,64.57837301587301,110.74074074074075,117.85879629629629,0.0,0.0,1.0,1.0,team2,proxy
1426305,Lucknow Super Giants,Mumbai Indians,34.12534378061552,41.764138888343524,9.516666666666667,9.245833333333334,9.516666666666667,9.245833333333334,100.81225704649619,126.61101851670064,9.368894233131849,6.852426758827687,122.0,141.0,"M Chinnaswamy Stadium, Bengaluru",2024-05-17,0.4,0.4,0.4,0.4,0.0,0.8441405328931855,0.9195944352746992,0.8727134146341464,1.1928353658536586,1.0432964329643295,0.8315686274509805,1.2862745098039214,1.2148148148148148,0.9060567926902664,1.061662198391421,0.8722562072688017,1.1365239294710328,1.0025252525252526,1.2822997416020672,-1.373873233905892,0.3259855832995194,-0.2694908964545788,-0.7272050706755269,-0.2702613669074044,-0.7194063319684201,2024,0.6,0.5,0.5,0.5384615384615384,0.6153846153846154,-3.230769230769231,-1.9230769230769231,0.5,0.4166666666666667,73.63227513227514,57.43250962000962,95.84110130066013,99.6546139046139,91.56194885361553,83.22916666666667,0.0,0.0,1.0,1.0,team2,proxy
1426306,Chennai Super Kings,Royal Challengers Bengaluru,35.23067439131955,40.62764113659009,8.9,9.683333333333332,8.9,9.683333333333332,105.28558130439852,122.19769267752254,7.831956931527365,7.4330718374332925,136.0,160.0,"M Chinnaswamy Stadium, Bengaluru",2024-05-18,0.8,0.6,0.8,0.6,0.0,0.954963452016034,1.0964395189813725,1.0670731707317074,1.1242378048780488,0.8863113897596657,1.1131233595800525,0.954181818181818,0.954181818181818,1.068556108770586,0.9536576024511682,1.0982367758186398,0.9269521410579344,0.9363207547169812,1.0614973262032086,-0.0451861204573582,0.8423983885264796,-0.3037416169745134,2.778823229819627,-0.2857491243233013,2.780826844024323,2024,0.8,0.5,0.5,0.6153846153846154,0.38461538461538464,6.230769230769231,-0.6153846153846154,0.4166666666666667,0.5,39.795218670218674,46.67857142857142,77.1935865060865,88.98996564437739,95.30919312169311,98.85802469135803,0.0,0.0,1.0,1.0,team2,proxy
1426307,Punjab Kings,Sunrisers Hyderabad,47.09877632987927,43.49793013749535,10.233333333333333,10.516666666666667,10.233333333333333,10.516666666666667,143.05147665515312,130.8375449027623,4.664588399216882,6.273544927294927,166.0,155.0,"M Chinnaswamy Stadium, Bengaluru",2024-05-19,0.2,0.3,0.2,0.3,0.0,1.4147606696533837,1.0176171388149695,1.1070884146341464,1.0,1.0061684460260971,1.0,1.0330708661417325,0.94680412371134,1.167368824205285,0.9257536794878808,1.1002518891687656,1.2004318100035984,0.9452380952380952,1.3703155818540436,2.222188852492264,-0.098979121001832,-0.2383538778000923,-0.2539223871273355,-0.23928585207561,-0.2547736094915072,2024,0.6,0.5,0.5,0.3076923076923077,0.3333333333333333,-8.923076923076923,1.5,0.4166666666666667,0.3333333333333333,57.42063492063492,99.3888888888889,140.1180254930255,110.75952750952752,94.16666666666667,100.0952750952751,0.0,0.0,1.0,1.0,team1,proxy
1426309,Kolkata Knight Riders,Sunrisers Hyderabad,32.89736150184426,41.938965016359184,9.600000000000001,10.516666666666667,9.600000000000001,10.516666666666667,96.39120500614753,125.64099449897505,7.324180765341755,5.66498170742656,110.0,119.0,"M Chinnaswamy Stadium, Bengaluru",2024-05-21,0.8,0.3,0.8,0.3,0.0,1.056354633341193,1.0176171388149695,0.932418699186992,1.0,1.06025,1.0,0.946153846153846,0.94680412371134,0.9728073535044044,0.9257536794878808,1.1032745591939546,1.2004318100035984,0.9363207547169812,1.3703155818540436,-0.1527721215463077,-0.098979121001832,-0.6213392072502736,-0.2539223871273355,-0.6264797874730375,-0.2547736094915072,2024,0.6,0.5,0.5,0.5833333333333334,0.3076923076923077,10.833333333333334,0.5384615384615384,0.5555555555555556,0.25,66.70538720538721,88.56691919191921,92.91130166130165,89.14841599032775,85.73302469135803,91.01535039035038,0.0,0.0,1.0,1.0,team2,proxy
1426310,Rajasthan Royals,Royal Challengers Bengaluru,43.11978692454498,41.69681587797073,11.233333333333334,10.0,11.233333333333334,10.0,128.4881786373722,125.35605292656908,5.6820055679614505,6.578604948972597,115.0,133.0,"M Chinnaswamy Stadium, Bengaluru",2024-05-22,0.7,0.6,0.7,0.6,0.0,0.9738269276114124,1.0964395189813725,0.8663617886178863,1.1242378048780488,1.0471604938271606,1.1131233595800525,1.0040816326530613,0.954181818181818,1.0570662581386443,0.9536576024511682,0.801007556675063,0.9269521410579344,0.8822222222222222,1.0614973262032086,-0.8090467281889042,0.8423983885264796,0.0014011658394522,2.778823229819627,-0.0069694908371532,2.780826844024323,2024,0.6,0.5,0.5,0.6923076923076923,0.42857142857142855,3.076923076923077,1.1428571428571428,0.4166666666666667,0.3333333333333333,47.16762866762867,43.62542087542088,77.5930936347603,114.06964869281046,128.7789351851852,130.13888888888889,0.0,0.0,1.0,1.0,team2,proxy
1426311,Rajasthan Royals,Sunrisers Hyderabad,42.966942692753385,38.40563048324523,11.158333333333333,11.883333333333333,11.158333333333333,11.883333333333333,128.06203119806685,111.99099049970634,5.602637036166448,7.102883701266054,97.0,132.0,"M Chinnaswamy Stadium, Bengaluru",2024-05-24,0.5,0.5,0.5,0.5,0.0,0.9738269276114124,1.0176171388149695,0.8663617886178863,1.0,1.0471604938271606,1.0,1.0040816326530613,0.94680412371134,1.0570662581386443,0.9257536794878808,0.801007556675063,1.2004318100035984,0.8822222222222222,1.3703155818540436,-0.8090467281889042,-0.098979121001832,0.0014011658394522,-0.2539223871273355,-0.0069694908371532,-0.2547736094915072,2024,0.5,0.5,0.5,0.6428571428571429,0.35714285714285715,1.5714285714285714,1.1428571428571428,0.4166666666666667,0.3333333333333333,43.703403078403085,67.12752525252525,88.98694284110951,101.82368024586162,97.45177469135803,85.5722286972287,0.0,0.0,1.0,1.0,team2,proxy
1426312,Kolkata Knight Riders,Sunrisers Hyderabad,34.33468232916509,40.14436157099806,9.244444444444444,12.583333333333334,9.244444444444444,12.583333333333334,101.61190406017992,116.88676079221575,6.861042237203228,8.365860412055264,73.0,84.0,"M Chinnaswamy Stadium, Bengaluru",2024-05-26,0.6,0.6,0.6,0.6,0.0,1.056354633341193,1.0176171388149695,0.932418699186992,1.0,1.06025,1.0,0.946153846153846,0.94680412371134,0.9728073535044044,0.9257536794878808,1.1032745591939546,1.2004318100035984,0.9363207547169812,1.3703155818540436,-0.1527721215463077,-0.098979121001832,-0.6213392072502736,-0.2539223871273355,-0.6264797874730375,-0.2547736094915072,2024,0.6,0.5,0.5,0.5384615384615384,0.4,9.307692307692308,3.4,0.6666666666666666,0.25,70.32210998877665,68.26178451178451,94.85033485033485,98.0096674612606,83.61111111111111,100.60525123025123,0.0,0.0,1.0,1.0,team2,proxy
1473438,Kolkata Knight Riders,Royal Challengers Bengaluru,39.107484579596644,37.85872626877656,9.200000000000001,11.14,9.200000000000001,11.14,117.74161526532215,111.10242089592184,6.353346465625877,6.8728220646742315,131.0,107.0,"M Chinnaswamy Stadium, Bengaluru",2025-03-22,0.6,0.8,0.6,0.8,0.0,1.056354633341193,1.0964395189813725,0.932418699186992,1.1242378048780488,1.06025,1.1131233595800525,0.946153846153846,0.954181818181818,0.9728073535044044,0.9536576024511682,1.1032745591939546,0.9269521410579344,0.9363207547169812,1.0614973262032086,-0.1527721215463077,0.8423983885264796,-0.6213392072502736,2.778823229819627,-0.6264797874730375,2.780826844024323,2025,0.4,0.5,0.5,0.5,0.5,0.0,0.0,0.3333333333333333,0.5,74.45516173641174,80.42626262626263,114.18109668109668,91.78948502477914,79.46924603174604,106.83333333333334,0.0,0.0,1.0,1.0,team1,proxy
1473439,Rajasthan Royals,Sunrisers Hyderabad,32.162076797778795,36.18207157767226,9.738888888888889,9.5,9.738888888888889,9.5,93.98840414074414,107.5902385922409,6.588088994338993,7.579044102182647,151.0,176.0,"M Chinnaswamy Stadium, Bengaluru",2025-03-23,0.4,0.6,0.4,0.6,0.0,0.9738269276114124,1.0176171388149695,0.8663617886178863,1.0,1.0471604938271606,1.0,1.0040816326530613,0.94680412371134,1.0570662581386443,0.9257536794878808,0.801007556675063,1.2004318100035984,0.8822222222222222,1.3703155818540436,-0.8090467281889042,-0.098979121001832,0.0014011658394522,-0.2539223871273355,-0.0069694908371532,-0.2547736094915072,2025,0.5,0.5,0.5,0.5,0.5,0.0,0.0,0.4166666666666667,0.4166666666666667,39.01569264069264,61.92505411255411,78.31800144300145,101.66025491393138,77.59329405162738,82.31481481481482,0.0,0.0,1.0,1.0,team2,proxy
1473440,Chennai Super Kings,Mumbai Indians,32.8326202996785,23.896555575113926,10.6,8.016666666666667,10.6,8.016666666666667,94.94206766559502,68.8996296948242,7.381866034292504,4.949998500524816,117.0,113.0,"M Chinnaswamy Stadium, Bengaluru",2025-03-23,0.6,0.4,0.6,0.4,0.0,0.954963452016034,0.9195944352746992,1.0670731707317074,1.1928353658536586,0.8863113897596657,0.8315686274509805,0.954181818181818,1.2148148148148148,1.068556108770586,1.061662198391421,1.0982367758186398,1.1365239294710328,0.9363207547169812,1.2822997416020672,-0.0451861204573582,0.3259855832995194,-0.3037416169745134,-0.7272050706755269,-0.2857491243233013,-0.7194063319684201,2025,0.6,0.5,0.5,0.5,0.5,0.0,0.0,0.3333333333333333,0.3333333333333333,40.79987142487142,44.68350168350168,110.55315055315056,70.00794633607133,76.83862433862434,94.18091168091168,0.0,0.0,1.0,1.0,team1,proxy
1473441,Delhi Capitals,Lucknow Super Giants,37.49955264232808,32.61547266813891,10.333333333333334,9.1,10.333333333333334,9.1,110.93739769664916,96.48490889379637,5.391956703427293,7.488527793693234,161.0,126.0,"M Chinnaswamy Stadium, Bengaluru",2025-03-24,0.2,0.4,0.2,0.4,0.0,1.0,0.8441405328931855,1.0492886178861789,0.8727134146341464,1.0318734793187347,1.0432964329643295,1.0,1.2862745098039214,0.9766373037150518,0.9060567926902664,1.0377833753148615,0.8722562072688017,1.1408045977011496,1.0025252525252526,-0.098979121001832,-1.373873233905892,-0.2539223871273355,-0.2694908964545788,-0.2547736094915072,-0.2702613669074044,2025,0.2,0.5,0.5,0.5,0.5,0.0,0.0,0.3333333333333333,0.4166666666666667,60.81691919191919,72.12301587301587,92.9330537382008,82.42336521503188,85.83829365079366,89.7089947089947,0.0,0.0,1.0,1.0,team1,proxy
1473442,Gujarat Titans,Punjab Kings,39.976728231274265,35.632539701677636,11.691666666666668,7.509090909090909,11.691666666666668,7.509090909090909,117.50020521535868,108.5266474904406,6.719571735454089,7.782059905569616,165.0,151.0,"M Chinnaswamy Stadium, Bengaluru",2025-03-25,0.6,0.4,0.6,0.4,0.0,0.9372789436453666,1.4147606696533837,0.9051067073170732,1.1070884146341464,0.9471803461753212,1.0061684460260971,0.8717607973421926,1.0330708661417325,0.9766373037150518,1.167368824205285,0.7506297229219143,1.1002518891687656,0.7324723247232473,0.9452380952380952,-0.8117363782161273,2.222188852492264,-0.1122489522494228,-0.2383538778000923,-0.1231276714563818,-0.23928585207561,2025,0.6,0.5,0.5,0.5,0.5,0.0,0.0,0.5,0.45454545454545453,53.69155844155844,62.46969696969697,97.1985104016354,81.68444171927145,104.43672839506172,91.81818181818181,0.0,0.0,1.0,1.0,team1,proxy
1473443,Kolkata Knight Riders,Rajasthan Royals,31.360350756699443,35.751884029077964,6.175000000000001,10.299999999999999,6.175000000000001,10.299999999999999,96.02616918899814,105.15628009692655,7.076896669506963,5.32066764934412,108.0,120.0,"M Chinnaswamy Stadium, Bengaluru",2025-03-26,0.6,0.2,0.6,0.2,0.0,1.056354633341193,0.9738269276114124,0.932418699186992,0.8663617886178863,1.06025,1.0471604938271606,0.946153846153846,1.0040816326530613,0.9728073535044044,1.0570662581386443,1.1032745591939546,0.801007556675063,0.9363207547169812,0.8822222222222222,-0.1527721215463077,-0.8090467281889042,-0.6213392072502736,0.0014011658394522,-0.6264797874730375,-0.0069694908371532,2025,0.4,0.5,0.5,1.0,0.0,24.0,-25.0,0.625,0.3333333333333333,68.63541666666666,72.35323472823472,49.02710137085137,90.1180705868206,71.27976190476191,95.36370650953984,0.0,0.0,1.0,1.0,team2,proxy
1473444,Lucknow Super Giants,Sunrisers Hyderabad,37.452367293121775,40.74713630237408,10.1,10.416666666666666,10.1,10.416666666666666,111.12455764373924,121.60156545235806,8.757193133663721,8.278422521106345,132.0,141.0,"M Chinnaswamy Stadium, Bengaluru",2025-03-27,0.4,0.8,0.4,0.8,0.0,0.8441405328931855,1.0176171388149695,0.8727134146341464,1.0,1.0432964329643295,1.0,1.2862745098039214,0.94680412371134,0.9060567926902664,0.9257536794878808,0.8722562072688017,1.2004318100035984,1.0025252525252526,1.3703155818540436,-1.373873233905892,-0.098979121001832,-0.2694908964545788,-0.2539223871273355,-0.2702613669074044,-0.2547736094915072,2025,1.0,0.5,0.5,0.0,1.0,-35.0,25.0,0.4166666666666667,0.3333333333333333,79.59896584896585,61.591898841898846,85.64496845746845,103.73164417282065,91.33184523809524,82.24702380952381,0.0,0.0,1.0,1.0,team2,proxy
1473445,Chennai Super Kings,Royal Challengers Bengaluru,32.51231086646465,36.86024493612017,10.983333333333334,11.183333333333332,10.983333333333334,11.183333333333332,93.32992511043774,107.80637200928946,6.261081720567016,5.6229910775499015,110.0,140.0,"M Chinnaswamy Stadium, Bengaluru",2025-03-28,0.8,0.8,0.8,0.8,0.0,0.954963452016034,1.0964395189813725,1.0670731707317074,1.1242378048780488,0.8863113897596657,1.1131233595800525,0.954181818181818,0.954181818181818,1.068556108770586,0.9536576024511682,1.0982367758186398,0.9269521410579344,0.9363207547169812,1.0614973262032086,-0.0451861204573582,0.8423983885264796,-0.3037416169745134,2.778823229819627,-0.2857491243233013,2.780826844024323,2025,0.6,0.5,0.5,1.0,0.0,4.0,-24.0,0.25,0.4166666666666667,36.00820475820476,66.82744107744108,112.04696692196693,91.63012640953816,101.75347222222223,122.31036324786326,0.0,0.0,1.0,1.0,team2,proxy
1473446,Gujarat Titans,Mumbai Indians,40.81406598452053,37.052241665339494,11.55151515151515,8.238888888888889,11.55151515151515,8.238888888888889,120.39032095850278,112.37228703261313,7.4425336657900685,6.957904524382852,142.0,116.0,"M Chinnaswamy Stadium, Bengaluru",2025-03-29,0.8,0.2,0.8,0.2,0.0,0.9372789436453666,0.9195944352746992,0.9051067073170732,1.1928353658536586,0.9471803461753212,0.8315686274509805,0.8717607973421926,1.2148148148148148,0.9766373037150518,1.061662198391421,0.7506297229219143,1.1365239294710328,0.7324723247232473,1.2822997416020672,-0.8117363782161273,0.3259855832995194,-0.1122489522494228,-0.7272050706755269,-0.1231276714563818,-0.7194063319684201,2025,0.4,0.5,0.5,1.0,0.0,14.0,-4.0,0.45454545454545453,0.3333333333333333,58.439459530368616,52.053872053872055,93.27449132473056,68.50318662818661,129.10353535353536,101.02564102564104,0.0,0.0,1.0,1.0,team1,proxy
1473447,Delhi Capitals,Sunrisers Hyderabad,45.69345292835656,38.07267041007924,13.29090909090909,10.475,13.29090909090909,10.475,134.20847945815822,112.72556803359748,7.717479632666798,8.432527195027195,120.0,114.0,"M Chinnaswamy Stadium, Bengaluru",2025-03-30,0.4,1.0,0.4,1.0,0.0,1.0,1.0176171388149695,1.0492886178861789,1.0,1.0318734793187347,1.0,1.0,0.94680412371134,0.9766373037150518,0.9257536794878808,1.0377833753148615,1.2004318100035984,1.1408045977011496,1.3703155818540436,-0.098979121001832,-0.098979121001832,-0.2539223871273355,-0.2539223871273355,-0.2547736094915072,-0.2547736094915072,2025,0.6,0.5,0.5,1.0,1.0,35.0,17.0,0.5454545454545454,0.25,80.72248458612096,57.744887057387054,134.99527982415682,92.19968416659594,64.65367965367965,82.71891534391534,0.0,0.0,1.0,1.0,team1,proxy
1473448,Chennai Super Kings,Rajasthan Royals,30.294072993226784,43.141471754154814,9.75,9.166666666666666,9.75,9.166666666666666,87.61357664408929,131.29935029162718,4.439272875816994,7.186792774219245,126.0,126.0,"M Chinnaswamy Stadium, Bengaluru",2025-03-30,0.6,0.4,0.6,0.4,0.0,0.954963452016034,0.9738269276114124,1.0670731707317074,0.8663617886178863,0.8863113897596657,1.0471604938271606,0.954181818181818,1.0040816326530613,1.068556108770586,1.0570662581386443,1.0982367758186398,0.801007556675063,0.9363207547169812,0.8822222222222222,-0.0451861204573582,-0.8090467281889042,-0.3037416169745134,0.0014011658394522,-0.2857491243233013,-0.0069694908371532,2025,0.2,0.5,0.5,0.5,0.5,-13.0,-6.5,0.4166666666666667,0.5,29.61931586931587,73.19781144781145,98.24246432579766,79.03657106782107,84.75033068783068,92.49609187109188,0.0,0.0,1.0,1.0,tie,proxy
1473449,Kolkata Knight Riders,Mumbai Indians,46.33535288541868,35.839440758225486,11.166666666666666,8.75,11.166666666666666,8.75,139.3289540625067,107.63813586075162,5.49016826310944,6.065842008868325,103.0,81.0,"M Chinnaswamy Stadium, Bengaluru",2025-03-31,0.4,0.2,0.4,0.2,0.0,1.056354633341193,0.9195944352746992,0.932418699186992,1.1928353658536586,1.06025,0.8315686274509805,0.946153846153846,1.2148148148148148,0.9728073535044044,1.061662198391421,1.1032745591939546,1.1365239294710328,0.9363207547169812,1.2822997416020672,-0.1527721215463077,0.3259855832995194,-0.6213392072502736,-0.7272050706755269,-0.6264797874730375,-0.7194063319684201,2025,0.8,0.5,0.5,0.5,0.0,6.0,-15.0,0.25,0.6,89.7615763865764,58.0090909090909,125.92203636505106,61.875,133.55158730158732,97.0,0.0,0.0,1.0,1.0,team1,proxy
1473450,Lucknow Super Giants,Punjab Kings,35.63935608863997,42.50468733700377,10.133333333333333,11.180000000000001,10.133333333333333,11.180000000000001,105.04507585102215,126.49562445667922,8.27092981300605,8.099029945286912,122.0,128.0,"M Chinnaswamy Stadium, Bengaluru",2025-04-01,0.4,0.2,0.4,0.2,0.0,0.8441405328931855,1.4147606696533837,0.8727134146341464,1.1070884146341464,1.0432964329643295,1.0061684460260971,1.2862745098039214,1.0330708661417325,0.9060567926902664,1.167368824205285,0.8722562072688017,1.1002518891687656,1.0025252525252526,0.9452380952380952,-1.373873233905892,2.222188852492264,-0.2694908964545788,-0.2383538778000923,-0.2702613669074044,-0.23928585207561,2025,0.75,0.5,0.5,0.0,0.0,-22.0,-14.0,0.4166666666666667,0.6,79.2197771364438,75.81190476190476,81.21044464794464,99.17576754385965,99.1856812169312,87.69047619047619,0.0,0.0,1.0,1.0,team2,proxy
1473451,Gujarat Titans,Royal Challengers Bengaluru,35.726898852142455,40.13313425409013,12.475,10.700000000000001,12.475,10.700000000000001,102.23632950714152,119.27711418030044,7.3331332001332,5.297363371922195,119.0,117.0,"M Chinnaswamy Stadium, Bengaluru",2025-04-02,0.8,0.8,0.8,0.8,0.0,0.9372789436453666,1.0964395189813725,0.9051067073170732,1.1242378048780488,0.9471803461753212,1.1131233595800525,0.8717607973421926,0.954181818181818,0.9766373037150518,0.9536576024511682,0.7506297229219143,0.9269521410579344,0.7324723247232473,1.0614973262032086,-0.8117363782161273,0.8423983885264796,-0.1122489522494228,2.778823229819627,-0.1231276714563818,2.780826844024323,2025,0.8,0.5,0.5,1.0,0.5,20.0,3.0,0.6,0.4166666666666667,47.43428932178932,66.94739057239057,95.4702570820992,95.42572242572243,102.73148148148148,119.81837606837608,0.0,0.0,1.0,1.0,team1,proxy
1473452,Kolkata Knight Riders,Sunrisers Hyderabad,39.90937950645845,37.68307639298522,10.8,10.888888888888891,10.8,10.888888888888891,118.39126502152817,110.69173612476557,5.107932900432901,8.293447455322456,143.0,92.0,"M Chinnaswamy Stadium, Bengaluru",2025-04-03,0.4,0.8,0.4,0.8,0.0,1.056354633341193,1.0176171388149695,0.932418699186992,1.0,1.06025,1.0,0.946153846153846,0.94680412371134,0.9728073535044044,0.9257536794878808,1.1032745591939546,1.2004318100035984,0.9363207547169812,1.3703155818540436,-0.1527721215463077,-0.098979121001832,-0.6213392072502736,-0.2539223871273355,-0.6264797874730375,-0.2547736094915072,2025,0.4,0.5,0.5,0.6666666666666666,0.6666666666666666,11.333333333333334,9.333333333333334,0.5,0.3333333333333333,85.70366439116438,67.07359076109076,127.64161679823444,91.4431052192275,65.0952380952381,88.01752645502647,0.0,0.0,1.0,1.0,team1,proxy
1473453,Lucknow Super Giants,Mumbai Indians,38.076325042888335,36.2573664485557,10.183333333333334,9.16969696969697,10.183333333333334,9.16969696969697,113.09886125407225,108.14980735377156,8.46307718769019,7.795288256635005,152.0,130.0,"M Chinnaswamy Stadium, Bengaluru",2025-04-04,0.2,0.2,0.2,0.2,0.0,0.8441405328931855,0.9195944352746992,0.8727134146341464,1.1928353658536586,1.0432964329643295,0.8315686274509805,1.2862745098039214,1.2148148148148148,0.9060567926902664,1.061662198391421,0.8722562072688017,1.1365239294710328,1.0025252525252526,1.2822997416020672,-1.373873233905892,0.3259855832995194,-0.2694908964545788,-0.7272050706755269,-0.2702613669074044,-0.7194063319684201,2025,0.4,0.5,0.5,0.0,0.0,-16.666666666666668,-17.333333333333332,0.4166666666666667,0.45454545454545453,62.232894420394416,54.21789321789322,100.44535325785326,82.28951856224583,117.80753968253968,51.80652680652681,0.0,0.0,1.0,1.0,team1,proxy
1473454,Chennai Super Kings,Delhi Capitals,34.88756876846404,45.78402520563022,11.549999999999999,11.333333333333334,11.549999999999999,11.333333333333334,100.44189589488015,137.17730624098965,5.303228678356387,6.836571908483673,100.0,131.0,"M Chinnaswamy Stadium, Bengaluru",2025-04-05,0.5,0.4,0.5,0.4,0.0,0.954963452016034,1.0,1.0670731707317074,1.0492886178861789,0.8863113897596657,1.0318734793187347,0.954181818181818,1.0,1.068556108770586,0.9766373037150518,1.0982367758186398,1.0377833753148615,0.9363207547169812,1.1408045977011496,-0.0451861204573582,-0.098979121001832,-0.3037416169745134,-0.2539223871273355,-0.2857491243233013,-0.2547736094915072,2025,0.8,0.5,0.5,0.3333333333333333,1.0,-8.666666666666666,20.5,0.5,0.4166666666666667,32.20009157509158,77.11640211640211,94.01121332371332,136.56516237030942,98.6061507936508,93.9434523809524,0.0,0.0,1.0,1.0,team2,proxy
1473455,Punjab Kings,Rajasthan Royals,38.511178955707344,40.452927666663356,10.1,10.416666666666666,10.1,10.416666666666666,114.63726318569117,120.77086999998899,6.9613218888954185,7.5761335723100425,94.0,148.0,"M Chinnaswamy Stadium, Bengaluru",2025-04-05,0.4,0.3,0.4,0.3,0.0,1.4147606696533837,0.9738269276114124,1.1070884146341464,0.8663617886178863,1.0061684460260971,1.0471604938271606,1.0330708661417325,1.0040816326530613,1.167368824205285,1.0570662581386443,1.1002518891687656,0.801007556675063,0.9452380952380952,0.8822222222222222,2.222188852492264,-0.8090467281889042,-0.2383538778000923,0.0014011658394522,-0.23928585207561,-0.0069694908371532,2025,0.2,0.5,0.5,0.5,0.3333333333333333,-4.0,-4.333333333333333,0.4166666666666667,0.5,69.88254746342982,80.27503977503979,105.32771532195875,92.09502014189513,97.45039682539682,78.31619769119769,0.0,0.0,1.0,1.0,team2,proxy
1473457,Gujarat Titans,Sunrisers Hyderabad,38.68684940549645,39.989414957802055,12.58,11.354166666666666,12.58,11.354166666666666,111.84283135165488,117.93416097045129,6.76210716476506,8.723129000629001,87.0,99.0,"M Chinnaswamy Stadium, Bengaluru",2025-04-06,0.8,0.6,0.8,0.6,0.0,0.9372789436453666,1.0176171388149695,0.9051067073170732,1.0,0.9471803461753212,1.0,0.8717607973421926,0.94680412371134,0.9766373037150518,0.9257536794878808,0.7506297229219143,1.2004318100035984,0.7324723247232473,1.3703155818540436,-0.8117363782161273,-0.098979121001832,-0.1122489522494228,-0.2539223871273355,-0.1231276714563818,-0.2547736094915072,2025,0.5,0.5,0.5,1.0,0.5,14.0,-5.75,0.5,0.4166666666666667,51.75809884559884,74.74554843304843,93.36667454062965,104.91062726260095,106.52777777777779,97.35449735449737,0.0,0.0,1.0,1.0,team2,proxy
1473458,Mumbai Indians,Royal Challengers Bengaluru,43.50068279718056,36.45062199380613,11.225,10.6,11.225,10.6,129.7467204350463,107.20207331268712,7.236959522675467,5.563122588196118,159.0,137.0,"M Chinnaswamy Stadium, Bengaluru",2025-04-07,0.2,0.6,0.2,0.6,0.0,0.9195944352746992,1.0964395189813725,1.1928353658536586,1.1242378048780488,0.8315686274509805,1.1131233595800525,1.2148148148148148,0.954181818181818,1.061662198391421,0.9536576024511682,1.1365239294710328,0.9269521410579344,1.2822997416020672,1.0614973262032086,0.3259855832995194,0.8423983885264796,-0.7272050706755269,2.778823229819627,-0.7194063319684201,2.780826844024323,2025,0.4,0.5,0.5,0.0,0.3333333333333333,-18.5,1.3333333333333333,0.4166666666666667,0.4166666666666667,82.66476270642939,46.826388888888886,87.66453222703223,94.72555902702963,80.26709401709401,80.44337606837607,0.0,0.0,1.0,1.0,team1,proxy
1473456,Kolkata Knight Riders,Lucknow Super Giants,41.44237964692686,40.80576449041155,11.35,10.8,11.35,10.8,122.72459882308954,121.30921496803849,5.2300565529242,10.001805397260119,158.0,162.0,"M Chinnaswamy Stadium, Bengaluru",2025-04-08,0.6,0.2,0.6,0.2,0.0,1.056354633341193,0.8441405328931855,0.932418699186992,0.8727134146341464,1.06025,1.0432964329643295,0.946153846153846,1.2862745098039214,0.9728073535044044,0.9060567926902664,1.1032745591939546,0.8722562072688017,0.9363207547169812,1.0025252525252526,-0.1527721215463077,-1.373873233905892,-0.6213392072502736,-0.2694908964545788,-0.6264797874730375,-0.2702613669074044,2025,0.2,0.5,0.5,0.75,0.25,21.25,-7.0,0.3333333333333333,0.5,70.88693713693714,42.43326118326119,122.66413493006628,102.18401505901505,121.39880952380952,111.87815656565655,0.0,0.0,1.0,1.0,team2,proxy
1473459,Chennai Super Kings,Punjab Kings,33.90758294783306,41.639938382555016,11.450000000000001,9.85,11.450000000000001,9.85,97.39194315944356,125.36646127518338,5.571280732511382,8.204295639001522,131.0,154.0,"M Chinnaswamy Stadium, Bengaluru",2025-04-08,0.3,0.4,0.3,0.4,0.0,0.954963452016034,1.4147606696533837,1.0670731707317074,1.1070884146341464,0.8863113897596657,1.0061684460260971,0.954181818181818,1.0330708661417325,1.068556108770586,1.167368824205285,1.0982367758186398,1.1002518891687656,0.9363207547169812,0.9452380952380952,-0.0451861204573582,2.222188852492264,-0.3037416169745134,-0.2383538778000923,-0.2857491243233013,-0.23928585207561,2025,0.2,0.5,0.5,0.25,0.3333333333333333,-14.25,-20.666666666666668,0.5,0.4166666666666667,62.86278998778999,71.1466768525592,95.59088153358987,99.1452104486644,89.9156746031746,102.93154761904763,0.0,0.0,1.0,1.0,team2,proxy
1473460,Gujarat Titans,Rajasthan Royals,42.93299720739619,41.68625094448708,13.283333333333333,11.4,13.283333333333333,11.4,125.17387958020952,123.52083648162359,5.878690465880869,6.227316833493305,156.0,118.0,"M Chinnaswamy Stadium, Bengaluru",2025-04-09,0.6,0.5,0.6,0.5,0.0,0.9372789436453666,0.9738269276114124,0.9051067073170732,0.8663617886178863,0.9471803461753212,1.0471604938271606,0.8717607973421926,1.0040816326530613,0.9766373037150518,1.0570662581386443,0.7506297229219143,0.801007556675063,0.7324723247232473,0.8822222222222222,-0.8117363782161273,-0.8090467281889042,-0.1122489522494228,0.0014011658394522,-0.1231276714563818,-0.0069694908371532,2025,0.8,0.5,0.5,0.75,0.5,7.5,10.25,0.5,0.4166666666666667,49.11521464646464,85.15984940984941,94.5323538439831,79.90885619010619,141.52006172839506,100.00511063011062,0.0,0.0,1.0,1.0,team1,proxy
1473461,Delhi Capitals,Royal Challengers Bengaluru,41.334410161184934,36.24324082921909,11.496969696969698,10.450000000000001,11.496969696969698,10.450000000000001,122.11874094132351,106.66080276406363,6.861138920497209,5.576775380836914,116.0,111.0,"M Chinnaswamy Stadium, Bengaluru",2025-04-10,0.6,0.4,0.6,0.4,0.0,1.0,1.0964395189813725,1.0492886178861789,1.1242378048780488,1.0318734793187347,1.1131233595800525,1.0,0.954181818181818,0.9766373037150518,0.9536576024511682,1.0377833753148615,0.9269521410579344,1.1408045977011496,1.0614973262032086,-0.098979121001832,0.8423983885264796,-0.2539223871273355,2.778823229819627,-0.2547736094915072,2.780826844024323,2025,0.2,0.5,0.5,1.0,0.25,24.0,-4.5,0.5454545454545454,0.3333333333333333,78.67807066670704,52.24768518518519,146.49198865107957,92.07440925087984,66.69372294372295,80.9437321937322,0.0,0.0,1.0,1.0,team1,proxy
1473462,Chennai Super Kings,Kolkata Knight Riders,39.62307987899899,40.126297126506095,10.988888888888889,12.075,10.988888888888889,12.075,117.15841441147813,117.32932375502034,5.333150562028272,6.113041358151651,69.0,86.0,"M Chinnaswamy Stadium, Bengaluru",2025-04-11,0.3,0.6,0.3,0.6,0.0,0.954963452016034,1.056354633341193,1.0670731707317074,0.932418699186992,0.8863113897596657,1.06025,0.954181818181818,0.946153846153846,1.068556108770586,0.9728073535044044,1.0982367758186398,1.1032745591939546,0.9363207547169812,0.9363207547169812,-0.0451861204573582,-0.1527721215463077,-0.3037416169745134,-0.6213392072502736,-0.2857491243233013,-0.6264797874730375,2025,0.4,0.5,0.5,0.2,0.6,-16.0,16.2,0.25,0.5,73.05940355940356,80.94902493339993,95.87918408751743,104.78393318283024,86.7063492063492,111.77083333333334,0.0,0.0,1.0,1.0,team2,proxy
1473463,Gujarat Titans,Lucknow Super Giants,48.12137336022886,41.619601708451974,13.616666666666667,10.072727272727274,13.616666666666667,10.072727272727274,141.94902231187396,125.02897539180962,5.200632551572954,7.17525003891877,107.0,140.0,"M Chinnaswamy Stadium, Bengaluru",2025-04-12,0.8,0.4,0.8,0.4,0.0,0.9372789436453666,0.8441405328931855,0.9051067073170732,0.8727134146341464,0.9471803461753212,1.0432964329643295,0.8717607973421926,1.2862745098039214,0.9766373037150518,0.9060567926902664,0.7506297229219143,0.8722562072688017,0.7324723247232473,1.0025252525252526,-0.8117363782161273,-1.373873233905892,-0.1122489522494228,-0.2694908964545788,-0.1231276714563818,-0.2702613669074044,2025,0.8,0.5,0.5,0.8,0.4,13.6,-4.8,0.5,0.45454545454545453,65.75294612794613,39.228826728826725,109.54866276654202,118.41338964066236,156.0191798941799,133.18558966286238,0.0,0.0,1.0,1.0,team2,proxy
1473464,Punjab Kings,Sunrisers Hyderabad,40.50723111208152,36.001089802272595,10.683333333333332,8.88888888888889,10.683333333333332,8.88888888888889,120.47965926249395,107.88511415572347,8.329232834159304,9.42036608453275,162.0,144.0,"M Chinnaswamy Stadium, Bengaluru",2025-04-12,0.6,0.6,0.6,0.6,0.0,1.4147606696533837,1.0176171388149695,1.1070884146341464,1.0,1.0061684460260971,1.0,1.0330708661417325,0.94680412371134,1.167368824205285,0.9257536794878808,1.1002518891687656,1.2004318100035984,0.9452380952380952,1.3703155818540436,2.222188852492264,-0.098979121001832,-0.2383538778000923,-0.2539223871273355,-0.23928585207561,-0.2547736094915072,2025,0.6,0.5,0.5,0.5,0.6,-9.75,-2.2,0.4166666666666667,0.5555555555555556,64.74786732874968,74.39221272554606,96.61503518411412,81.81257014590349,86.16071428571429,102.88506760728984,0.0,0.0,1.0,1.0,team1,proxy
1473465,Rajasthan Royals,Royal Challengers Bengaluru,45.478230688954035,28.338688959993306,10.783333333333333,8.11111111111111,10.783333333333333,8.11111111111111,136.91632451873568,83.35859282960732,7.580183558271794,7.72783013741218,126.0,136.0,"M Chinnaswamy Stadium, Bengaluru",2025-04-13,0.5,0.2,0.5,0.2,0.0,0.9738269276114124,1.0964395189813725,0.8663617886178863,1.1242378048780488,1.0471604938271606,1.1131233595800525,1.0040816326530613,0.954181818181818,1.0570662581386443,0.9536576024511682,0.801007556675063,0.9269521410579344,0.8822222222222222,1.0614973262032086,-0.8090467281889042,0.8423983885264796,0.0014011658394522,2.778823229819627,-0.0069694908371532,2.780826844024323,2025,0.4,0.5,0.5,0.4,0.2,0.6,-4.6,0.5,0.6666666666666666,82.13670126170126,58.91358024691359,95.09989393322728,67.99189989386069,110.86640211640213,37.96296296296296,0.0,0.0,1.0,1.0,team2,proxy
1473466,Delhi Capitals,Mumbai Indians,39.84931241200345,48.61783506520239,10.370833333333332,12.733333333333334,10.2,12.733333333333334,118.93520804001152,144.7983391062302,6.185936177792795,7.803299250199405,117.0,165.0,"M Chinnaswamy Stadium, Bengaluru",2025-04-13,0.8,0.2,0.8,0.2,0.0,1.0,0.9195944352746992,1.0492886178861789,1.1928353658536586,1.0318734793187347,0.8315686274509805,1.0,1.2148148148148148,0.9766373037150518,1.061662198391421,1.0377833753148615,1.1365239294710328,1.1408045977011496,1.2822997416020672,-0.098979121001832,0.3259855832995194,-0.2539223871273355,-0.7272050706755269,-0.2547736094915072,-0.7194063319684201,2025,0.4,0.5,0.5,1.0,0.2,19.25,-10.4,0.4166666666666667,0.4166666666666667,57.921130952380956,84.7771164021164,122.16377100568279,102.70917508417507,97.82076719576719,90.33920940170941,0.0,0.0,1.0,1.0,team2,proxy
1473467,Chennai Super Kings,Lucknow Super Giants,33.81688991563992,44.769791777849605,7.6875,13.109090909090911,7.6875,13.109090909090911,102.21879971879973,131.48112410798356,6.73101975982394,8.824367685977593,102.0,126.0,"M Chinnaswamy Stadium, Bengaluru",2025-04-14,0.1,0.6,0.1,0.6,0.0,0.954963452016034,0.8441405328931855,1.0670731707317074,0.8727134146341464,0.8863113897596657,1.0432964329643295,0.954181818181818,1.2862745098039214,1.068556108770586,0.9060567926902664,1.0982367758186398,0.8722562072688017,0.9363207547169812,1.0025252525252526,-0.0451861204573582,-1.373873233905892,-0.3037416169745134,-0.2694908964545788,-0.2857491243233013,-0.2702613669074044,2025,0.5,0.5,0.5,0.16666666666666666,0.5,-16.166666666666668,1.5,0.4166666666666667,0.5454545454545454,51.88281625781625,61.37861128770219,62.58050283050283,129.13126393808213,96.7526455026455,97.96897546897547,0.0,0.0,1.0,1.0,team2,proxy
1473468,Kolkata Knight Riders,Punjab Kings,41.275643283874714,29.490321421873148,12.15,10.700000000000001,12.15,10.700000000000001,121.01881094624905,83.86773807291048,5.274003235326765,5.528028891043597,67.0,79.0,"M Chinnaswamy Stadium, Bengaluru",2025-04-15,0.6,0.6,0.6,0.6,0.0,1.056354633341193,1.4147606696533837,0.932418699186992,1.1070884146341464,1.06025,1.0061684460260971,0.946153846153846,1.0330708661417325,0.9728073535044044,1.167368824205285,1.1032745591939546,1.1002518891687656,0.9363207547169812,0.9452380952380952,-0.1527721215463077,2.222188852492264,-0.6213392072502736,-0.2383538778000923,-0.6264797874730375,-0.23928585207561,2025,0.6,0.5,0.5,0.6666666666666666,0.6,16.333333333333332,-4.2,0.4166666666666667,0.25,75.6292260979761,61.53664799253034,112.31807666734136,79.09523188799504,120.56547619047619,56.89484126984127,0.0,0.0,1.0,1.0,team2,proxy
1473469,Delhi Capitals,Rajasthan Royals,39.71531906466452,47.315383236172345,10.483333333333333,11.545454545454545,10.283333333333333,11.545454545454545,118.38995243777062,142.06945927208963,6.994323080600171,7.302591962404796,128.0,153.0,"M Chinnaswamy Stadium, Bengaluru",2025-04-16,0.8,0.5,0.8,0.5,0.0,1.0,0.9738269276114124,1.0492886178861789,0.8663617886178863,1.0318734793187347,1.0471604938271606,1.0,1.0040816326530613,0.9766373037150518,1.0570662581386443,1.0377833753148615,0.801007556675063,1.1408045977011496,0.8822222222222222,-0.098979121001832,-0.8090467281889042,-0.2539223871273355,0.0014011658394522,-0.2547736094915072,-0.0069694908371532,2025,0.2,0.5,0.5,0.8,0.3333333333333333,5.8,-1.1666666666666667,0.4166666666666667,0.45454545454545453,61.56889329805997,68.96460862369953,113.2912019897314,99.05716337534518,86.1660052910053,146.52958152958152,0.0,0.0,1.0,1.0,team2,proxy
1473470,Mumbai Indians,Sunrisers Hyderabad,45.47095068763981,40.379531625781624,12.52727272727273,9.933333333333334,12.52727272727273,9.933333333333334,134.57589623152666,121.05816097482763,6.011380567317101,8.82801126490755,116.0,96.0,"M Chinnaswamy Stadium, Bengaluru",2025-04-17,0.4,0.4,0.4,0.4,0.0,0.9195944352746992,1.0176171388149695,1.1928353658536586,1.0,0.8315686274509805,1.0,1.2148148148148148,0.94680412371134,1.061662198391421,0.9257536794878808,1.1365239294710328,1.2004318100035984,1.2822997416020672,1.3703155818540436,0.3259855832995194,-0.098979121001832,-0.7272050706755269,-0.2539223871273355,-0.7194063319684201,-0.2547736094915072,2025,0.6,0.5,0.5,0.3333333333333333,0.5,-0.6666666666666666,-4.833333333333333,0.45454545454545453,0.5,96.68109668109669,68.77843915343915,81.8461775894931,123.25493378453905,84.82323232323232,128.85030864197532,0.0,0.0,1.0,1.0,team1,proxy
1473471,Punjab Kings,Royal Challengers Bengaluru,39.24299299050059,31.395068930197684,11.066666666666668,9.883333333333333,11.066666666666668,9.883333333333333,115.88775441277976,91.20578532288118,7.244227324962619,5.772356258292791,67.0,73.0,"M Chinnaswamy Stadium, Bengaluru",2025-04-18,0.8,0.4,0.8,0.4,0.0,1.4147606696533837,1.0964395189813725,1.1070884146341464,1.1242378048780488,1.0061684460260971,1.1131233595800525,1.0330708661417325,0.954181818181818,1.167368824205285,0.9536576024511682,1.1002518891687656,0.9269521410579344,0.9452380952380952,1.0614973262032086,2.222188852492264,0.8423983885264796,-0.2383538778000923,2.778823229819627,-0.23928585207561,2.780826844024323,2025,0.6,0.5,0.5,0.6666666666666666,0.3333333333333333,-1.5,-2.1666666666666665,0.4166666666666667,0.25,64.10410830999066,34.352029914529915,110.29870933160407,95.04259438818264,80.04298941798943,73.62891737891738,0.0,0.0,1.0,1.0,team2,proxy
1473472,Delhi Capitals,Gujarat Titans,38.046173444203106,36.516271591247666,9.958333333333334,10.345454545454546,9.958333333333334,10.345454545454546,113.32613370289926,107.56332954658313,6.582252373529464,5.721903539747616,138.0,124.0,"M Chinnaswamy Stadium, Bengaluru",2025-04-19,0.6,0.6,0.6,0.6,0.0,1.0,0.9372789436453666,1.0492886178861789,0.9051067073170732,1.0318734793187347,0.9471803461753212,1.0,0.8717607973421926,0.9766373037150518,0.9766373037150518,1.0377833753148615,0.7506297229219143,1.1408045977011496,0.7324723247232473,-0.098979121001832,-0.8117363782161273,-0.2539223871273355,-0.1122489522494228,-0.2547736094915072,-0.1231276714563818,2025,0.4,0.5,0.5,0.6666666666666666,0.6666666666666666,0.6666666666666666,5.833333333333333,0.4166666666666667,0.5454545454545454,95.31360229276896,35.548362411998774,100.6571288869083,68.67059633770863,116.2632275132275,115.1883116883117,0.0,0.0,1.0,1.0,team1,proxy
1473473,Lucknow Super Giants,Rajasthan Royals,42.84744153898104,40.60765417881551,12.75,10.283333333333333,12.75,10.283333333333333,125.56647179660347,121.43106948494058,7.295914338929045,5.465292632204396,105.0,134.0,"M Chinnaswamy Stadium, Bengaluru",2025-04-19,0.8,0.5,0.8,0.5,0.0,0.8441405328931855,0.9738269276114124,0.8727134146341464,0.8663617886178863,1.0432964329643295,1.0471604938271606,1.2862745098039214,1.0040816326530613,0.9060567926902664,1.0570662581386443,0.8722562072688017,0.801007556675063,1.0025252525252526,0.8822222222222222,-1.373873233905892,-0.8090467281889042,-0.2694908964545788,0.0014011658394522,-0.2702613669074044,-0.0069694908371532,2025,0.2,0.5,0.5,0.5714285714285714,0.42857142857142855,4.714285714285714,2.5714285714285716,0.4166666666666667,0.4166666666666667,56.09116809116809,58.165970603470605,99.93860361130096,96.26116900075233,125.39366883116884,120.83664021164022,0.0,0.0,1.0,1.0,team2,proxy
1473474,Punjab Kings,Royal Challengers Bengaluru,37.67366356992117,35.06344589702509,9.241666666666667,9.909090909090908,9.241666666666667,9.909090909090908,113.08998967751502,103.39330450523516,6.899002672164436,6.344610090631762,110.0,114.0,"M Chinnaswamy Stadium, Bengaluru",2025-04-20,0.6,0.4,0.6,0.4,0.0,1.4147606696533837,1.0964395189813725,1.1070884146341464,1.1242378048780488,1.0061684460260971,1.1131233595800525,1.0330708661417325,0.954181818181818,1.167368824205285,0.9536576024511682,1.1002518891687656,0.9269521410579344,0.9452380952380952,1.0614973262032086,2.222188852492264,0.8423983885264796,-0.2383538778000923,2.778823229819627,-0.23928585207561,2.780826844024323,2025,0.4,0.5,0.5,0.5714285714285714,0.42857142857142855,-2.142857142857143,-1.0,0.4166666666666667,0.5454545454545454,64.83068783068784,69.33941983941985,110.66806220095695,106.35590335590337,72.45370370370371,105.75757575757576,0.0,0.0,1.0,1.0,team2,proxy
1473475,Chennai Super Kings,Mumbai Indians,32.612744010375586,36.077749921576014,6.754545454545454,9.1,6.754545454545454,9.1,99.41217700428227,107.54583307192004,7.025770935134853,7.054001009310606,112.0,95.0,"M Chinnaswamy Stadium, Bengaluru",2025-04-20,0.1,0.6,0.1,0.6,0.0,0.954963452016034,0.9195944352746992,1.0670731707317074,1.1928353658536586,0.8863113897596657,0.8315686274509805,0.954181818181818,1.2148148148148148,1.068556108770586,1.061662198391421,1.0982367758186398,1.1365239294710328,0.9363207547169812,1.2822997416020672,-0.0451861204573582,0.3259855832995194,-0.3037416169745134,-0.7272050706755269,-0.2857491243233013,-0.7194063319684201,2025,0.6,0.5,0.5,0.14285714285714285,0.42857142857142855,-17.285714285714285,2.2857142857142856,0.45454545454545453,0.7,45.022956841138665,73.76507936507937,45.07567432567433,62.29101660866367,87.3466810966811,53.44444444444444,0.0,0.0,1.0,1.0,team1,proxy
1473476,Gujarat Titans,Kolkata Knight Riders,38.36892318208107,39.30889725212867,10.272727272727273,11.116666666666667,10.272727272727273,11.116666666666667,113.74489545542177,115.85743528487338,5.836794174959106,4.690161243984773,127.0,128.0,"M Chinnaswamy Stadium, Bengaluru",2025-04-21,0.4,0.6,0.4,0.6,0.0,0.9372789436453666,1.056354633341193,0.9051067073170732,0.932418699186992,0.9471803461753212,1.06025,0.8717607973421926,0.946153846153846,0.9766373037150518,0.9728073535044044,0.7506297229219143,1.1032745591939546,0.7324723247232473,0.9363207547169812,-0.8117363782161273,-0.1527721215463077,-0.1122489522494228,-0.6213392072502736,-0.1231276714563818,-0.6264797874730375,2025,0.6666666666666666,0.5,0.5,0.5714285714285714,0.5714285714285714,3.0,12.285714285714286,0.5454545454545454,0.3333333333333333,58.095394504485405,74.29371091871091,82.81291235502465,99.8531561031561,127.45310245310246,91.31944444444446,0.0,0.0,1.0,1.0,team2,proxy
1473477,Delhi Capitals,Lucknow Super Giants,44.12958418942085,42.110437570727065,10.511111111111111,12.25,10.511111111111111,12.25,132.90602137214356,123.74034745797913,7.403219114333666,5.495945108812756,124.0,96.0,"M Chinnaswamy Stadium, Bengaluru",2025-04-22,0.6,0.8,0.6,0.8,0.0,1.0,0.8441405328931855,1.0492886178861789,0.8727134146341464,1.0318734793187347,1.0432964329643295,1.0,1.2862745098039214,0.9766373037150518,0.9060567926902664,1.0377833753148615,0.8722562072688017,1.1408045977011496,1.0025252525252526,-0.098979121001832,-1.373873233905892,-0.2539223871273355,-0.2694908964545788,-0.2547736094915072,-0.2702613669074044,2025,0.4,0.5,0.5,0.7142857142857143,0.5,2.5714285714285716,0.5,0.5555555555555556,0.4166666666666667,69.87713109935332,55.729215229215235,85.30849343104245,82.1947213361687,106.75925925925925,120.57224025974027,0.0,0.0,1.0,1.0,team1,proxy
1473478,Mumbai Indians,Sunrisers Hyderabad,38.75259956170614,36.485962000962,11.636363636363637,9.65,11.636363636363637,9.65,113.26472581174775,108.54487333654,6.307015792397864,5.538550218056797,106.0,104.0,"M Chinnaswamy Stadium, Bengaluru",2025-04-23,0.6,0.2,0.6,0.2,0.0,0.9195944352746992,1.0176171388149695,1.1928353658536586,1.0,0.8315686274509805,1.0,1.2148148148148148,0.94680412371134,1.061662198391421,0.9257536794878808,1.1365239294710328,1.2004318100035984,1.2822997416020672,1.3703155818540436,0.3259855832995194,-0.098979121001832,-0.7272050706755269,-0.2539223871273355,-0.7194063319684201,-0.2547736094915072,2025,0.8,0.5,0.5,0.375,0.42857142857142855,-0.125,-7.0,0.5454545454545454,0.4166666666666667,75.43650793650794,69.49603174603175,87.94755096359376,97.09331762292288,67.6199494949495,117.09435626102292,0.0,0.0,1.0,1.0,team1,proxy
1473479,Rajasthan Royals,Royal Challengers Bengaluru,45.91482126095937,34.28730480792445,12.233333333333334,10.65,12.233333333333334,10.65,136.4882930920868,99.82434935974817,5.4140073896691545,5.588648185320011,142.0,124.0,"M Chinnaswamy Stadium, Bengaluru",2025-04-24,0.6,0.6,0.6,0.6,0.0,0.9738269276114124,1.0964395189813725,0.8663617886178863,1.1242378048780488,1.0471604938271606,1.1131233595800525,1.0040816326530613,0.954181818181818,1.0570662581386443,0.9536576024511682,0.801007556675063,0.9269521410579344,0.8822222222222222,1.0614973262032086,-0.8090467281889042,0.8423983885264796,0.0014011658394522,2.778823229819627,-0.0069694908371532,2.780826844024323,2025,0.2,0.5,0.5,0.5,0.5,5.875,-0.375,0.4166666666666667,0.5,65.69802188552188,61.62648385565052,108.51264437722772,100.0366809116809,105.3968253968254,116.4351851851852,0.0,0.0,1.0,1.0,team1,proxy
1473480,Chennai Super Kings,Sunrisers Hyderabad,33.700895111080875,39.652322399822395,9.583333333333334,10.041666666666666,9.583333333333334,10.041666666666666,99.35853925915846,118.65218577718578,7.5421964146964156,6.084014961646541,105.0,110.0,"M Chinnaswamy Stadium, Bengaluru",2025-04-25,0.2,0.2,0.2,0.2,0.0,0.954963452016034,1.0176171388149695,1.0670731707317074,1.0,0.8863113897596657,1.0,0.954181818181818,0.94680412371134,1.068556108770586,0.9257536794878808,1.0982367758186398,1.2004318100035984,0.9363207547169812,1.3703155818540436,-0.0451861204573582,-0.098979121001832,-0.3037416169745134,-0.2539223871273355,-0.2857491243233013,-0.2547736094915072,2025,0.8,0.5,0.5,0.25,0.375,-13.0,-6.375,0.3333333333333333,0.4166666666666667,65.55502946127946,54.79695767195767,73.54980667480667,102.98019830759769,83.52678571428571,128.22751322751324,0.0,0.0,1.0,1.0,team2,proxy
1473481,Kolkata Knight Riders,Punjab Kings,29.453995052566484,46.354635942151155,5.971428571428572,14.5,5.971428571428572,14.5,89.5323644609359,135.04878647383717,8.688193739034075,3.170937950937951,5.0,135.0,"M Chinnaswamy Stadium, Bengaluru",2025-04-26,0.6,0.6,0.6,0.6,0.0,1.056354633341193,1.4147606696533837,0.932418699186992,1.1070884146341464,1.06025,1.0061684460260971,0.946153846153846,1.0330708661417325,0.9728073535044044,1.167368824205285,1.1032745591939546,1.1002518891687656,0.9363207547169812,0.9452380952380952,-0.1527721215463077,2.222188852492264,-0.6213392072502736,-0.2383538778000923,-0.6264797874730375,-0.23928585207561,2025,0.6,0.5,0.5,0.625,0.5,10.875,-2.375,0.8571428571428571,0.0,45.2092352092352,100.56036556036554,70.49319727891157,109.37944608997242,30.357142857142858,74.07407407407408,0.0,0.0,1.0,1.0,team2,proxy
1473482,Lucknow Super Giants,Mumbai Indians,30.767785418957274,40.644033456964486,11.733333333333334,11.683333333333332,11.733333333333334,11.683333333333332,86.65234028541313,119.61900041210386,5.253779382382324,5.172989037106684,111.0,161.0,"M Chinnaswamy Stadium, Bengaluru",2025-04-27,0.6,0.8,0.6,0.8,0.0,0.8441405328931855,0.9195944352746992,0.8727134146341464,1.1928353658536586,1.0432964329643295,0.8315686274509805,1.2862745098039214,1.2148148148148148,0.9060567926902664,1.061662198391421,0.8722562072688017,1.1365239294710328,1.0025252525252526,1.2822997416020672,-1.373873233905892,0.3259855832995194,-0.2694908964545788,-0.7272050706755269,-0.2702613669074044,-0.7194063319684201,2025,0.4,0.5,0.5,0.4444444444444444,0.4444444444444444,-2.6666666666666665,0.1111111111111111,0.4166666666666667,0.4166666666666667,55.299321049321044,80.14660493827161,81.38152989797726,84.04024080494669,67.91116522366522,77.28587962962963,0.0,0.0,1.0,1.0,team2,proxy
1473483,Delhi Capitals,Royal Challengers Bengaluru,50.78098160989364,28.060393098701887,13.666666666666666,10.32,13.666666666666666,10.32,150.9143831440899,79.45464366233962,6.97991100574692,5.3920622710622705,119.0,106.0,"M Chinnaswamy Stadium, Bengaluru",2025-04-27,0.6,0.6,0.6,0.6,0.0,1.0,1.0964395189813725,1.0492886178861789,1.1242378048780488,1.0318734793187347,1.1131233595800525,1.0,0.954181818181818,0.9766373037150518,0.9536576024511682,1.0377833753148615,0.9269521410579344,1.1408045977011496,1.0614973262032086,-0.098979121001832,0.8423983885264796,-0.2539223871273355,2.778823229819627,-0.2547736094915072,2.780826844024323,2025,0.4,0.5,0.5,0.75,0.4444444444444444,5.75,-2.3333333333333335,0.3333333333333333,0.4,115.67993117993119,49.886752136752136,115.147796239708,79.21268315018315,127.68187830687832,88.47222222222223,0.0,0.0,1.0,1.0,team1,proxy
1473484,Gujarat Titans,Rajasthan Royals,34.50814600604074,45.00294876794451,9.200000000000001,11.100000000000001,9.200000000000001,11.100000000000001,102.41048668680247,134.94316255981505,5.434084493937434,7.714157824746059,128.0,127.0,"M Chinnaswamy Stadium, Bengaluru",2025-04-28,0.2,0.6,0.2,0.6,0.0,0.9372789436453666,0.9738269276114124,0.9051067073170732,0.8663617886178863,0.9471803461753212,1.0471604938271606,0.8717607973421926,1.0040816326530613,0.9766373037150518,1.0570662581386443,0.7506297229219143,0.801007556675063,0.7324723247232473,0.8822222222222222,-0.8117363782161273,-0.8090467281889042,-0.1122489522494228,0.0014011658394522,-0.1231276714563818,-0.0069694908371532,2025,0.8,0.5,0.5,0.5,0.5555555555555556,2.5,7.222222222222222,0.5,0.5555555555555556,51.78076707243374,77.79180695847363,63.50153897028897,131.54954304954305,119.32539682539682,79.62962962962963,0.0,0.0,1.0,1.0,team1,proxy
1473485,Delhi Capitals,Kolkata Knight Riders,48.50896066523775,41.65373311071454,12.200000000000001,11.5,12.200000000000001,11.5,145.31320221745918,123.21244370238179,7.125230131066044,5.23333889966243,133.0,130.0,"M Chinnaswamy Stadium, Bengaluru",2025-04-29,0.6,0.4,0.6,0.4,0.0,1.0,1.056354633341193,1.0492886178861789,0.932418699186992,1.0318734793187347,1.06025,1.0,0.946153846153846,0.9766373037150518,0.9728073535044044,1.0377833753148615,1.1032745591939546,1.1408045977011496,0.9363207547169812,-0.098979121001832,-0.1527721215463077,-0.2539223871273355,-0.6213392072502736,-0.2547736094915072,-0.6264797874730375,2025,0.8,0.5,0.5,0.7777777777777778,0.5555555555555556,6.555555555555555,-4.777777777777778,0.3333333333333333,0.3333333333333333,112.98909423909424,64.60094997594997,110.039738972853,93.74002849002848,104.73544973544973,103.40277777777777,0.0,0.0,1.0,1.0,team1,proxy
1473486,Chennai Super Kings,Punjab Kings,34.27438157831733,39.71175567896155,9.944444444444445,10.241666666666667,9.944444444444445,10.241666666666667,100.78867933513186,118.5669633743163,6.600630431659844,6.606607289769054,128.0,139.0,"M Chinnaswamy Stadium, Bengaluru",2025-04-30,0.2,0.6,0.2,0.6,0.0,0.954963452016034,1.4147606696533837,1.0670731707317074,1.1070884146341464,0.8863113897596657,1.0061684460260971,0.954181818181818,1.0330708661417325,1.068556108770586,1.167368824205285,1.0982367758186398,1.1002518891687656,0.9363207547169812,0.9452380952380952,-0.0451861204573582,2.222188852492264,-0.3037416169745134,-0.2383538778000923,-0.2857491243233013,-0.23928585207561,2025,0.2,0.5,0.5,0.2222222222222222,0.5555555555555556,-12.11111111111111,12.333333333333334,0.3333333333333333,0.5,59.27237654320987,64.9682239057239,78.5145757020757,110.95569415964151,95.59027777777777,71.07142857142857,0.0,0.0,1.0,1.0,team2,proxy
1473487,Mumbai Indians,Rajasthan Royals,45.728531468531465,45.803163956910765,11.88888888888889,13.294444444444444,11.88888888888889,13.294444444444444,136.17658637658639,134.80128726377663,6.83023651729534,5.953121331283096,149.0,78.0,"M Chinnaswamy Stadium, Bengaluru",2025-05-01,0.8,0.6,0.8,0.6,0.0,0.9195944352746992,0.9738269276114124,1.1928353658536586,0.8663617886178863,0.8315686274509805,1.0471604938271606,1.2148148148148148,1.0040816326530613,1.061662198391421,1.0570662581386443,1.1365239294710328,0.801007556675063,1.2822997416020672,0.8822222222222222,0.3259855832995194,-0.8090467281889042,-0.7272050706755269,0.0014011658394522,-0.7194063319684201,-0.0069694908371532,2025,0.6,0.5,0.5,0.5,0.5,5.1,6.4,0.5555555555555556,0.25,77.89411206077872,79.2003367003367,70.8058589921335,110.09007736091068,106.44179894179894,107.5,0.0,0.0,1.0,1.0,team1,proxy
1473488,Gujarat Titans,Sunrisers Hyderabad,37.85422862712336,42.148829365079365,10.616666666666667,10.172222222222222,10.616666666666667,10.172222222222222,111.67520653485566,126.73313492063492,7.113686378980496,5.791689509321088,149.0,123.0,"M Chinnaswamy Stadium, Bengaluru",2025-05-02,0.4,0.4,0.4,0.4,0.0,0.9372789436453666,1.0176171388149695,0.9051067073170732,1.0,0.9471803461753212,1.0,0.8717607973421926,0.94680412371134,0.9766373037150518,0.9257536794878808,0.7506297229219143,1.2004318100035984,0.7324723247232473,1.3703155818540436,-0.8117363782161273,-0.098979121001832,-0.1122489522494228,-0.2539223871273355,-0.1231276714563818,-0.2547736094915072,2025,0.4,0.5,0.5,0.5555555555555556,0.4444444444444444,2.3333333333333335,-5.111111111111111,0.5,0.4166666666666667,57.45529008029008,58.745370370370374,74.47028897028896,95.63696162225574,135.00992063492063,144.68584656084656,0.0,0.0,1.0,1.0,team1,proxy
1473489,Chennai Super Kings,Royal Challengers Bengaluru,32.91951208775825,37.12420298221393,10.007575757575758,9.983333333333334,10.007575757575758,9.983333333333334,96.13372716121438,110.152898829602,7.227120027922168,5.551877738274797,135.0,137.0,"M Chinnaswamy Stadium, Bengaluru",2025-05-03,0.2,0.6,0.2,0.6,0.0,0.954963452016034,1.0964395189813725,1.0670731707317074,1.1242378048780488,0.8863113897596657,1.1131233595800525,0.954181818181818,0.954181818181818,1.068556108770586,0.9536576024511682,1.0982367758186398,0.9269521410579344,0.9363207547169812,1.0614973262032086,-0.0451861204573582,0.8423983885264796,-0.3037416169745134,2.778823229819627,-0.2857491243233013,2.780826844024323,2025,0.4,0.5,0.5,0.2,0.4,-12.0,-3.4,0.45454545454545453,0.4166666666666667,53.324412960776606,59.459639126305795,68.52231102231103,84.60966117216117,81.07744107744108,96.17228835978835,0.0,0.0,1.0,1.0,team2,proxy
1473490,Kolkata Knight Riders,Rajasthan Royals,43.02455124957601,38.2822544960013,11.580000000000002,10.270833333333334,11.580000000000002,10.270833333333334,127.63517083192005,113.74640387555989,5.877869481395797,5.855315803477569,139.0,126.0,"M Chinnaswamy Stadium, Bengaluru",2025-05-04,0.4,0.6,0.4,0.6,0.0,1.056354633341193,0.9738269276114124,0.932418699186992,0.8663617886178863,1.06025,1.0471604938271606,0.946153846153846,1.0040816326530613,0.9728073535044044,1.0570662581386443,1.1032745591939546,0.801007556675063,0.9363207547169812,0.8822222222222222,-0.1527721215463077,-0.8090467281889042,-0.6213392072502736,0.0014011658394522,-0.6264797874730375,-0.0069694908371532,2025,0.2,0.5,0.5,0.5,0.45454545454545453,-4.6,-0.6363636363636364,0.4,0.4166666666666667,87.68852813852814,79.80324074074075,113.33132423132425,119.58914542247875,59.66666666666667,58.19444444444445,0.0,0.0,1.0,1.0,team1,proxy
1473491,Lucknow Super Giants,Punjab Kings,31.378580873502727,38.59165445665447,10.566666666666666,9.483333333333333,10.566666666666666,9.483333333333333,90.28971402278687,115.74440374440375,5.550585613646759,7.503221295818045,154.0,160.0,"M Chinnaswamy Stadium, Bengaluru",2025-05-04,0.4,0.6,0.4,0.6,0.0,0.8441405328931855,1.4147606696533837,0.8727134146341464,1.1070884146341464,1.0432964329643295,1.0061684460260971,1.2862745098039214,1.0330708661417325,0.9060567926902664,1.167368824205285,0.8722562072688017,1.1002518891687656,1.0025252525252526,0.9452380952380952,-1.373873233905892,2.222188852492264,-0.2694908964545788,-0.2383538778000923,-0.2702613669074044,-0.23928585207561,2025,0.6,0.5,0.5,0.4,0.6,-7.4,12.2,0.3333333333333333,0.4166666666666667,53.50412550412551,50.26872895622896,82.10378218272955,126.52507215007215,54.93220899470899,82.16269841269842,0.0,0.0,1.0,1.0,team2,proxy
1473493,Gujarat Titans,Mumbai Indians,39.961962704640044,45.56752950244538,11.666666666666666,12.738461538461538,11.666666666666666,12.738461538461538,117.41765345991128,134.36355987994614,5.944465452847806,6.170395263359064,107.0,100.0,"M Chinnaswamy Stadium, Bengaluru",2025-05-06,0.4,0.8,0.4,0.8,0.0,0.9372789436453666,0.9195944352746992,0.9051067073170732,1.1928353658536586,0.9471803461753212,0.8315686274509805,0.8717607973421926,1.2148148148148148,0.9766373037150518,1.061662198391421,0.7506297229219143,1.1365239294710328,0.7324723247232473,1.2822997416020672,-0.8117363782161273,0.3259855832995194,-0.1122489522494228,-0.7272050706755269,-0.1231276714563818,-0.7194063319684201,2025,0.6,0.5,0.5,0.6,0.5454545454545454,4.7,11.090909090909092,0.4166666666666667,0.38461538461538464,41.90183890183891,57.05347359193513,81.12259690200867,81.61401419093727,113.45734126984127,114.47039072039072,0.0,0.0,1.0,1.0,team1,proxy
1473494,Chennai Super Kings,Kolkata Knight Riders,30.599657548405613,39.31833189686131,9.408333333333333,10.233333333333333,9.408333333333333,10.233333333333333,89.20441405024093,117.13332854509325,5.915807248307249,5.215603993959257,122.0,126.0,"M Chinnaswamy Stadium, Bengaluru",2025-05-07,0.2,0.4,0.2,0.4,0.0,0.954963452016034,1.056354633341193,1.0670731707317074,0.932418699186992,0.8863113897596657,1.06025,0.954181818181818,0.946153846153846,1.068556108770586,0.9728073535044044,1.0982367758186398,1.1032745591939546,0.9363207547169812,0.9363207547169812,-0.0451861204573582,-0.1527721215463077,-0.3037416169745134,-0.6213392072502736,-0.2857491243233013,-0.6264797874730375,2025,0.2,0.5,0.5,0.18181818181818182,0.5454545454545454,-11.090909090909092,-3.0,0.3333333333333333,0.3333333333333333,39.32584776334776,73.89983164983165,81.68017848164907,96.21084355459355,71.38888888888889,120.27777777777779,0.0,0.0,1.0,1.0,team2,proxy
1473497,Punjab Kings,Rajasthan Royals,35.318063186813184,38.6194476765065,10.261111111111111,11.4,9.46111111111111,11.4,104.82872914122913,113.43149225502167,6.367458501537449,6.269730416642182,163.0,144.0,"M Chinnaswamy Stadium, Bengaluru",2025-05-18,0.6,0.4,0.6,0.4,0.0,1.4147606696533837,0.9738269276114124,1.1070884146341464,0.8663617886178863,1.0061684460260971,1.0471604938271606,1.0330708661417325,1.0040816326530613,1.167368824205285,1.0570662581386443,1.1002518891687656,0.801007556675063,0.9452380952380952,0.8822222222222222,2.222188852492264,-0.8090467281889042,-0.2383538778000923,0.0014011658394522,-0.23928585207561,-0.0069694908371532,2025,0.2,0.5,0.5,0.6363636363636364,0.4166666666666667,11.636363636363637,-1.6666666666666667,0.5,0.4166666666666667,39.807449494949495,97.43915343915346,110.69097569097569,96.41440446127946,73.00925925925927,63.93518518518519,0.0,0.0,1.0,1.0,team1,proxy
1473498,Delhi Capitals,Gujarat Titans,41.53630759436641,26.064164941338856,10.82,7.924999999999999,12.22,7.924999999999999,122.00102531455472,76.08888313779619,8.45793236175589,7.991947452057746,126.0,102.0,"M Chinnaswamy Stadium, Bengaluru",2025-05-18,0.8,0.6,0.8,0.6,0.0,1.0,0.9372789436453666,1.0492886178861789,0.9051067073170732,1.0318734793187347,0.9471803461753212,1.0,0.8717607973421926,0.9766373037150518,0.9766373037150518,1.0377833753148615,0.7506297229219143,1.1408045977011496,0.7324723247232473,-0.098979121001832,-0.8117363782161273,-0.2539223871273355,-0.1122489522494228,-0.2547736094915072,-0.1231276714563818,2025,0.6,0.5,0.5,0.8,0.6363636363636364,6.2,4.909090909090909,0.5,0.75,91.16093906093906,38.35113497613498,91.09045973519657,41.43162393162393,98.11111111111111,66.04166666666666,0.0,0.0,1.0,1.0,team1,proxy
1473499,Lucknow Super Giants,Sunrisers Hyderabad,40.70976804044502,32.80249184842935,9.15,9.158333333333333,9.15,10.591666666666667,123.26589346815005,94.99719505032004,5.707891332523686,6.588139162716369,153.0,135.0,"M Chinnaswamy Stadium, Bengaluru",2025-05-19,0.2,0.2,0.2,0.2,0.0,0.8441405328931855,1.0176171388149695,0.8727134146341464,1.0,1.0432964329643295,1.0,1.2862745098039214,0.94680412371134,0.9060567926902664,0.9257536794878808,0.8722562072688017,1.2004318100035984,1.0025252525252526,1.3703155818540436,-1.373873233905892,-0.098979121001832,-0.2694908964545788,-0.2539223871273355,-0.2702613669074044,-0.2547736094915072,2025,0.8,0.5,0.5,0.36363636363636365,0.4,-7.2727272727272725,-7.2,0.5,0.5,66.65975228475229,55.24531024531024,74.81386916364987,72.3225676828618,114.13139329805996,78.26388888888889,0.0,0.0,1.0,1.0,team1,proxy
1473500,Chennai Super Kings,Rajasthan Royals,42.419027611821726,50.98617316729616,11.4,11.503030303030302,11.4,11.503030303030302,125.99675870607241,154.4771428808862,6.020678186192892,6.731572821118276,128.0,121.0,"M Chinnaswamy Stadium, Bengaluru",2025-05-20,0.2,0.2,0.2,0.2,0.0,0.954963452016034,0.9738269276114124,1.0670731707317074,0.8663617886178863,0.8863113897596657,1.0471604938271606,0.954181818181818,1.0040816326530613,1.068556108770586,1.0570662581386443,1.0982367758186398,0.801007556675063,0.9363207547169812,0.8822222222222222,-0.0451861204573582,-0.8090467281889042,-0.3037416169745134,0.0014011658394522,-0.2857491243233013,-0.0069694908371532,2025,0.3,0.5,0.5,0.16666666666666666,0.38461538461538464,-10.5,-3.0,0.4166666666666667,0.5454545454545454,75.03789381914382,68.36796536796537,82.99962292609352,120.98111799816347,81.94444444444444,73.70370370370371,0.0,0.0,1.0,1.0,team1,proxy
1473501,Delhi Capitals,Mumbai Indians,34.28011516261516,42.12912557570112,9.716666666666667,12.083333333333334,10.316666666666666,12.083333333333334,100.41149498649497,123.8526408078926,6.187920853656148,5.686787762890703,105.0,125.0,"M Chinnaswamy Stadium, Bengaluru",2025-05-21,1.0,0.6,1.0,0.6,0.0,1.0,0.9195944352746992,1.0492886178861789,1.1928353658536586,1.0318734793187347,0.8315686274509805,1.0,1.2148148148148148,0.9766373037150518,1.061662198391421,1.0377833753148615,1.1365239294710328,1.1408045977011496,1.2822997416020672,-0.098979121001832,0.3259855832995194,-0.2539223871273355,-0.7272050706755269,-0.2547736094915072,-0.7194063319684201,2025,0.2,0.5,0.5,0.8181818181818182,0.5,7.818181818181818,9.583333333333334,0.25,0.4166666666666667,49.044372294372295,56.76948976948977,81.16377246859703,83.3779045029045,81.50352733686067,102.06018518518518,0.0,0.0,1.0,1.0,team2,proxy
1473502,Gujarat Titans,Lucknow Super Giants,41.08367442541355,41.364505873099176,12.266666666666666,10.8,12.266666666666666,10.8,120.47335919582297,123.36168624366391,5.198536422727599,7.507688948306596,131.0,153.0,"M Chinnaswamy Stadium, Bengaluru",2025-05-22,0.6,0.2,0.6,0.2,0.0,0.9372789436453666,0.8441405328931855,0.9051067073170732,0.8727134146341464,0.9471803461753212,1.0432964329643295,0.8717607973421926,1.2862745098039214,0.9766373037150518,0.9060567926902664,0.7506297229219143,0.8722562072688017,0.7324723247232473,1.0025252525252526,-0.8117363782161273,-1.373873233905892,-0.1122489522494228,-0.2694908964545788,-0.1231276714563818,-0.2702613669074044,2025,0.6,0.5,0.5,0.5833333333333334,0.4166666666666667,2.5,-5.166666666666667,0.5,0.6,41.344979094979095,77.60382395382396,74.93531312097488,89.635582010582,168.81415343915344,105.06944444444443,0.0,0.0,1.0,1.0,team2,proxy
1473503,Royal Challengers Bengaluru,Sunrisers Hyderabad,37.512649582379595,33.0452577977578,10.416666666666666,8.883333333333333,10.416666666666666,9.4,110.88660971904311,97.40919265919267,5.609089276736334,6.151584478902591,146.0,177.0,"M Chinnaswamy Stadium, Bengaluru",2025-05-23,0.6,0.2,0.6,0.2,0.0,1.0964395189813725,1.0176171388149695,1.1242378048780488,1.0,1.1131233595800525,1.0,0.954181818181818,0.94680412371134,0.9536576024511682,0.9257536794878808,0.9269521410579344,1.2004318100035984,1.0614973262032086,1.3703155818540436,0.8423983885264796,-0.098979121001832,2.778823229819627,-0.2539223871273355,2.780826844024323,-0.2547736094915072,2025,0.6,0.5,0.5,0.45454545454545453,0.36363636363636365,-2.909090909090909,-8.181818181818182,0.5,0.5,63.04237891737892,48.91468253968254,92.45255130671796,97.90174082453494,90.26951058201058,73.48379629629629,0.0,0.0,1.0,1.0,team2,proxy
1485779,Delhi Capitals,Punjab Kings,30.584441013531922,46.621538290570804,8.545454545454545,13.700000000000001,8.818181818181818,13.25,90.00874277237914,137.555127635236,5.295776267076577,6.703957487301142,146.0,150.0,"M Chinnaswamy Stadium, Bengaluru",2025-05-24,0.8,0.8,0.8,0.8,0.0,1.0,1.4147606696533837,1.0492886178861789,1.1070884146341464,1.0318734793187347,1.0061684460260971,1.0,1.0330708661417325,0.9766373037150518,1.167368824205285,1.0377833753148615,1.1002518891687656,1.1408045977011496,0.9452380952380952,-0.098979121001832,2.222188852492264,-0.2539223871273355,-0.2383538778000923,-0.2547736094915072,-0.23928585207561,2025,0.8,0.5,0.5,0.75,0.6666666666666666,5.5,12.25,0.45454545454545453,0.4166666666666667,70.53614062704972,81.53099446849447,79.39444748057188,138.32552608210503,65.85858585858585,130.84776334776333,0.0,0.0,1.0,1.0,team2,proxy
1473504,Chennai Super Kings,Gujarat Titans,38.17584781513011,38.80618108542022,10.136363636363637,11.299999999999999,10.136363636363637,11.299999999999999,113.53767453528218,114.18727028473405,5.508181720240543,5.785623681873683,174.0,104.0,"M Chinnaswamy Stadium, Bengaluru",2025-05-25,0.2,0.6,0.2,0.6,0.0,0.954963452016034,0.9372789436453666,1.0670731707317074,0.9051067073170732,0.8863113897596657,0.9471803461753212,0.954181818181818,0.8717607973421926,1.068556108770586,0.9766373037150518,1.0982367758186398,0.7506297229219143,0.9363207547169812,0.7324723247232473,-0.0451861204573582,-0.8117363782161273,-0.3037416169745134,-0.1122489522494228,-0.2857491243233013,-0.1231276714563818,2025,0.8,0.5,0.5,0.23076923076923078,0.5384615384615384,-9.153846153846153,0.6153846153846154,0.45454545454545453,0.4166666666666667,67.44050898596353,45.65594590594591,83.5084887377844,87.96422286863464,85.97222222222221,153.9398148148148,0.0,0.0,1.0,1.0,team1,proxy
1473505,Kolkata Knight Riders,Sunrisers Hyderabad,38.34649482870071,35.310942390942394,10.466666666666667,10.327272727272726,10.466666666666667,10.509090909090908,113.61609387344681,103.45465645465646,5.695599831455095,6.356291997241899,105.0,169.0,"M Chinnaswamy Stadium, Bengaluru",2025-05-25,0.6,0.4,0.6,0.4,0.0,1.056354633341193,1.0176171388149695,0.932418699186992,1.0,1.06025,1.0,0.946153846153846,0.94680412371134,0.9728073535044044,0.9257536794878808,1.1032745591939546,1.2004318100035984,0.9363207547169812,1.3703155818540436,-0.1527721215463077,-0.098979121001832,-0.6213392072502736,-0.2539223871273355,-0.6264797874730375,-0.2547736094915072,2025,0.6,0.5,0.5,0.5833333333333334,0.4166666666666667,-2.4166666666666665,-4.916666666666667,0.4166666666666667,0.5454545454545454,70.10022847522848,63.220418470418466,68.92215808882476,96.20846473787651,111.55092592592592,100.08838383838383,0.0,0.0,1.0,1.0,team2,proxy
1473506,Mumbai Indians,Punjab Kings,34.70796202660653,48.45748456445515,10.700000000000001,12.440000000000001,10.700000000000001,12.940000000000001,100.88487342202177,143.9516152148505,5.821437165775401,6.889056158495788,129.0,140.0,"M Chinnaswamy Stadium, Bengaluru",2025-05-26,0.8,1.0,0.8,1.0,0.0,0.9195944352746992,1.4147606696533837,1.1928353658536586,1.1070884146341464,0.8315686274509805,1.0061684460260971,1.2148148148148148,1.0330708661417325,1.061662198391421,1.167368824205285,1.1365239294710328,1.1002518891687656,1.2822997416020672,0.9452380952380952,0.3259855832995194,2.222188852492264,-0.7272050706755269,-0.2383538778000923,-0.7194063319684201,-0.23928585207561,2025,0.6,0.5,0.5,0.5384615384615384,0.6923076923076923,10.384615384615385,11.615384615384615,0.4166666666666667,0.5,57.815786065786064,95.93694083694083,80.23529094362426,105.98933259722733,75.72811447811448,121.88888888888889,0.0,0.0,1.0,1.0,team2,proxy
1473507,Lucknow Super Giants,Royal Challengers Bengaluru,30.55874622764905,39.70355883013667,9.454545454545455,10.0,9.454545454545455,10.0,89.0200631830726,118.76186276712224,5.680017558199377,6.914586181362497,143.0,153.0,"M Chinnaswamy Stadium, Bengaluru",2025-05-27,0.4,0.4,0.4,0.4,0.0,0.8441405328931855,1.0964395189813725,0.8727134146341464,1.1242378048780488,1.0432964329643295,1.1131233595800525,1.2862745098039214,0.954181818181818,0.9060567926902664,0.9536576024511682,0.8722562072688017,0.9269521410579344,1.0025252525252526,1.0614973262032086,-1.373873233905892,0.8423983885264796,-0.2694908964545788,2.778823229819627,-0.2702613669074044,2.780826844024323,2025,0.4,0.5,0.5,0.46153846153846156,0.4166666666666667,-3.076923076923077,-5.25,0.5454545454545454,0.5,63.5611963793782,64.71025386650386,78.37180546062125,89.69765936677702,113.41931216931216,88.31845238095237,0.0,0.0,1.0,1.0,team2,proxy
1473508,Punjab Kings,Royal Challengers Bengaluru,52.85674106082791,40.607492094861655,14.1,9.58,13.833333333333334,9.58,157.5613590916486,122.30497364953885,4.714934971074677,7.030237849869428,82.0,83.0,"M Chinnaswamy Stadium, Bengaluru",2025-05-29,1.0,0.4,1.0,0.4,0.0,1.4147606696533837,1.0964395189813725,1.1070884146341464,1.1242378048780488,1.0061684460260971,1.1131233595800525,1.0330708661417325,0.954181818181818,1.167368824205285,0.9536576024511682,1.1002518891687656,0.9269521410579344,0.9452380952380952,1.0614973262032086,2.222188852492264,0.8423983885264796,-0.2383538778000923,2.778823229819627,-0.23928585207561,2.780826844024323,2025,0.2,0.5,0.5,0.7142857142857143,0.46153846153846156,11.571428571428571,-4.076923076923077,0.25,0.6,77.41835016835017,59.65879120879121,126.32921902658745,85.70787545787546,158.16092472342473,97.91666666666666,0.0,0.0,1.0,1.0,team2,proxy
1473509,Gujarat Titans,Mumbai Indians,38.58128534934801,32.569250836736984,9.566666666666668,10.272727272727273,9.566666666666668,10.272727272727273,115.7153956089378,94.40356339518388,6.878155463817229,5.469307946955006,148.0,140.0,"M Chinnaswamy Stadium, Bengaluru",2025-05-30,0.4,0.6,0.4,0.6,0.0,0.9372789436453666,0.9195944352746992,0.9051067073170732,1.1928353658536586,0.9471803461753212,0.8315686274509805,0.8717607973421926,1.2148148148148148,0.9766373037150518,1.061662198391421,0.7506297229219143,1.1365239294710328,0.7324723247232473,1.2822997416020672,-0.8117363782161273,0.3259855832995194,-0.1122489522494228,-0.7272050706755269,-0.1231276714563818,-0.7194063319684201,2025,0.6,0.5,0.5,0.5,0.5,-4.428571428571429,8.857142857142858,0.4166666666666667,0.45454545454545453,48.15973378473379,47.282369146005514,103.9167853751187,65.25259084349993,169.2179232804233,98.10204315886135,0.0,0.0,1.0,1.0,team1,proxy
1473510,Mumbai Indians,Punjab Kings,31.646882058370796,42.484112855699706,9.958333333333334,12.5,9.958333333333334,12.316666666666668,91.8618290834582,124.97482063011013,5.903275335775336,6.13858851975338,136.0,136.0,"M Chinnaswamy Stadium, Bengaluru",2025-06-01,0.4,0.8,0.4,0.8,0.0,0.9195944352746992,1.4147606696533837,1.1928353658536586,1.1070884146341464,0.8315686274509805,1.0061684460260971,1.2148148148148148,1.0330708661417325,1.061662198391421,1.167368824205285,1.1365239294710328,1.1002518891687656,1.2822997416020672,0.9452380952380952,0.3259855832995194,2.222188852492264,-0.7272050706755269,-0.2383538778000923,-0.7194063319684201,-0.23928585207561,2025,0.4,0.5,0.5,0.4666666666666667,0.6666666666666666,7.733333333333333,10.733333333333333,0.4166666666666667,0.5,42.592171717171716,96.53018278018278,66.19341757170704,121.4552908714093,84.10774410774411,114.23716329966332,0.0,0.0,1.0,1.0,tie,proxy
1473511,Punjab Kings,Royal Challengers Bengaluru,38.46051242834928,41.88825823204256,12.033333333333333,10.166666666666666,12.033333333333333,10.166666666666666,111.97393031671983,125.80530521791964,6.276783245349422,6.74652685034264,135.0,144.0,"M Chinnaswamy Stadium, Bengaluru",2025-06-03,0.7,0.6,0.7,0.6,0.0,1.4147606696533837,1.0964395189813725,1.1070884146341464,1.1242378048780488,1.0061684460260971,1.1131233595800525,1.0330708661417325,0.954181818181818,1.167368824205285,0.9536576024511682,1.1002518891687656,0.9269521410579344,0.9452380952380952,1.0614973262032086,2.222188852492264,0.8423983885264796,-0.2383538778000923,2.778823229819627,-0.23928585207561,2.780826844024323,2025,0.2,0.5,0.5,0.625,0.5,10.0625,-3.7142857142857144,0.4166666666666667,0.4166666666666667,96.57275132275133,62.58272283272283,109.71547458389564,94.38670126170126,102.66308922558922,91.76587301587301,0.0,0.0,1.0,1.0,team2,proxy
910000008,RCB,SRH,0.0,0.0,0.0,0.0,0.0,0.0,0.0,0.0,0.0,0.0,182.0,120.0,"M Chinnaswamy Stadium, Bengaluru",2026-03-28,0.8,0.6,0.8,0.6,0.0,1.0964395189813725,1.0176171388149695,1.1242378048780488,1.0,1.1131233595800525,1.0,0.954181818181818,0.94680412371134,0.9536576024511682,0.9257536794878808,0.9269521410579344,1.2004318100035984,1.0614973262032086,1.3703155818540436,0.8423983885264796,-0.098979121001832,2.778823229819627,-0.2539223871273355,2.780826844024323,-0.2547736094915072,2026,0.6,0.5,0.5,0.5,0.5,0.0,0.0,0.5,0.5,0.0,0.0,0.0,0.0,0.0,0.0,0.0,0.0,1.0,1.0,team1,proxy
910000019,KKR,MI,0.0,0.0,0.0,0.0,0.0,0.0,0.0,0.0,0.0,0.0,156.0,149.0,Mumbai,2026-03-29,0.4,0.3,0.5,0.5,0.0,1.056354633341193,0.9195944352746992,0.932418699186992,1.1928353658536586,1.06025,0.8315686274509805,0.946153846153846,1.2148148148148148,0.9728073535044044,1.061662198391421,1.1032745591939546,1.1365239294710328,0.9363207547169812,1.2822997416020672,-0.1527721215463077,0.3259855832995194,-0.6213392072502736,-0.7272050706755269,-0.6264797874730375,-0.7194063319684201,2026,0.8,0.5,0.5,0.5,0.5,0.0,0.0,0.5,0.45454545454545453,0.0,0.0,0.0,0.0,0.0,0.0,0.0,0.0,1.0,1.0,team1,proxy
910000023,CSK,RR,0.0,0.0,0.0,0.0,0.0,0.0,0.0,0.0,0.0,0.0,101.0,99.0,Guwahati,2026-03-30,0.4,0.0,0.5,0.5,0.0,0.954963452016034,0.9738269276114124,1.0670731707317074,0.8663617886178863,0.8863113897596657,1.0471604938271606,0.954181818181818,1.0040816326530613,1.068556108770586,1.0570662581386443,1.0982367758186398,0.801007556675063,0.9363207547169812,0.8822222222222222,-0.0451861204573582,-0.8090467281889042,-0.3037416169745134,0.0014011658394522,-0.2857491243233013,-0.0069694908371532,2026,0.5,0.5,0.5,0.5,0.5,0.0,0.0,0.25,0.6,0.0,0.0,0.0,0.0,0.0,0.0,0.0,0.0,1.0,1.0,team1,proxy
910000024,GT,PBKS,0.0,0.0,0.0,0.0,0.0,0.0,0.0,0.0,0.0,0.0,114.0,134.0,Mullanpur,2026-03-31,0.4,0.5,0.5,0.5,0.0,0.9372789436453666,1.4147606696533837,0.9051067073170732,1.1070884146341464,0.9471803461753212,1.0061684460260971,0.8717607973421926,1.0330708661417325,0.9766373037150518,1.167368824205285,0.7506297229219143,1.1002518891687656,0.7324723247232473,0.9452380952380952,-0.8117363782161273,2.222188852492264,-0.1122489522494228,-0.2383538778000923,-0.1231276714563818,-0.23928585207561,2026,0.6,0.5,0.5,0.5,0.5,0.0,0.0,0.4166666666666667,0.4166666666666667,0.0,0.0,0.0,0.0,0.0,0.0,0.0,0.0,1.0,1.0,team2,proxy
910000025,DC,LSG,0.0,0.0,0.0,0.0,0.0,0.0,0.0,0.0,0.0,0.0,91.0,108.0,Lucknow,2026-04-01,0.6,0.4,0.5,0.5,0.0,1.0,0.8441405328931855,1.0492886178861789,0.8727134146341464,1.0318734793187347,1.0432964329643295,1.0,1.2862745098039214,0.9766373037150518,0.9060567926902664,1.0377833753148615,0.8722562072688017,1.1408045977011496,1.0025252525252526,-0.098979121001832,-1.373873233905892,-0.2539223871273355,-0.2694908964545788,-0.2547736094915072,-0.2702613669074044,2026,0.6,0.5,0.5,0.5,0.5,0.0,0.0,0.5454545454545454,0.3333333333333333,0.0,0.0,0.0,0.0,0.0,0.0,0.0,0.0,1.0,1.0,team2,proxy
910000026,KKR,SRH,27.781156544743496,36.33173076923077,13.0,10.0,0.0,0.0,92.60385514914499,121.10576923076923,6.632386363636364,10.038419913419913,101.0,130.0,Kolkata,2026-04-02,0.6,0.4,0.5,0.5,0.0,1.056354633341193,1.0176171388149695,0.932418699186992,1.0,1.06025,1.0,0.946153846153846,0.94680412371134,0.9728073535044044,0.9257536794878808,1.1032745591939546,1.2004318100035984,0.9363207547169812,1.3703155818540436,-0.1527721215463077,-0.098979121001832,-0.6213392072502736,-0.2539223871273355,-0.6264797874730375,-0.2547736094915072,2026,0.4,0.5,0.5,1.0,0.0,7.0,-62.0,0.5,0.4166666666666667,45.486111111111114,67.3611111111111,60.555555555555564,69.64285714285715,43.055555555555564,47.81746031746032,0.0,0.0,1.0,1.0,team2,proxy
910000027,CSK,PBKS,26.03708791208791,33.020833333333336,5.166666666666667,11.166666666666666,0.0,0.0,86.79029304029304,110.06944444444446,4.1499999999999995,3.7591082485625833,132.0,152.0,Chennai,2026-04-04,0.6,0.5,0.5,0.5,0.0,0.954963452016034,1.4147606696533837,1.0670731707317074,1.1070884146341464,0.8863113897596657,1.0061684460260971,0.954181818181818,1.0330708661417325,1.068556108770586,1.167368824205285,1.0982367758186398,1.1002518891687656,0.9363207547169812,0.9452380952380952,-0.0451861204573582,2.222188852492264,-0.3037416169745134,-0.2383538778000923,-0.2857491243233013,-0.23928585207561,2026,0.2,0.5,0.5,1.0,1.0,2.0,20.0,0.4166666666666667,0.4166666666666667,48.80952380952382,48.3173076923077,50.18939393939394,70.33730158730158,10.0,54.166666666666664,0.0,0.0,1.0,1.0,team2,proxy
910000028,DC,MI,14.698214285714286,26.31691919191919,7.583333333333333,11.5,0.0,0.0,48.99404761904762,87.72306397306397,4.256565656565656,2.9111111111111114,116.0,116.0,Delhi,2026-04-04,0.4,0.3,0.5,0.5,0.0,1.0,0.9195944352746992,1.0492886178861789,1.1928353658536586,1.0318734793187347,0.8315686274509805,1.0,1.2148148148148148,0.9766373037150518,1.061662198391421,1.0377833753148615,1.1365239294710328,1.1408045977011496,1.2822997416020672,-0.098979121001832,0.3259855832995194,-0.2539223871273355,-0.7272050706755269,-0.2547736094915072,-0.7194063319684201,2026,0.2,0.5,0.5,0.0,0.0,-17.0,-7.0,0.5,0.4166666666666667,28.819444444444443,44.270833333333336,30.416666666666668,59.72222222222223,100.0,32.291666666666664,0.0,0.0,1.0,1.0,tie,proxy
910000029,GT,RR,18.888278388278387,20.312499999999996,7.083333333333333,8.25,0.0,0.0,62.96092796092796,67.70833333333333,5.962121212121212,3.582833832833833,159.0,163.0,Ahmedabad,2026-04-05,0.2,0.0,0.82,0.5,0.0,0.9372789436453666,0.9738269276114124,0.9051067073170732,0.8663617886178863,0.9471803461753212,1.0471604938271606,0.8717607973421926,1.0040816326530613,0.9766373037150518,1.0570662581386443,0.7506297229219143,0.801007556675063,0.7324723247232473,0.8822222222222222,-0.8117363782161273,-0.8090467281889042,-0.1122489522494228,0.0014011658394522,-0.1231276714563818,-0.0069694908371532,2026,0.8,0.5,0.5,0.0,0.0,-20.0,-2.0,0.25,0.4166666666666667,26.19047619047619,39.58333333333333,46.145833333333336,40.97222222222222,24.8015873015873,0.0,0.0,0.0,1.0,1.0,team2,proxy
910000000,LSG,SRH,23.154761904761905,35.79086538461539,8.25,10.0,0.0,0.0,77.18253968253968,119.30288461538463,5.966666666666666,9.245111832611832,105.0,93.0,Hyderabad,2026-04-06,0.6,0.6,0.5,0.5,0.0,0.8441405328931855,1.0176171388149695,0.8727134146341464,1.0,1.0432964329643295,1.0,1.2862745098039214,0.94680412371134,0.9060567926902664,0.9257536794878808,0.8722562072688017,1.2004318100035984,1.0025252525252526,1.3703155818540436,-1.373873233905892,-0.098979121001832,-0.2694908964545788,-0.2539223871273355,-0.2702613669074044,-0.2547736094915072,2026,0.8,0.5,0.5,1.0,0.5,17.0,-16.5,0.4166666666666667,0.4166666666666667,40.51282051282052,69.79166666666667,47.69782913165266,68.15476190476191,12.5,100.59523809523809,0.0,0.0,1.0,1.0,team1,proxy
910000001,CSK,RCB,33.786593675931904,39.05681315588436,11.416666666666666,16.545454545454547,0.0,0.0,112.62197891977303,130.1893771862812,5.227922077922078,7.093582887700535,135.0,168.0,Bengaluru,2026-04-07,0.6,0.8,0.5,0.5,0.0,0.954963452016034,1.0964395189813725,1.0670731707317074,1.1242378048780488,0.8863113897596657,1.1131233595800525,0.954181818181818,0.954181818181818,1.068556108770586,0.9536576024511682,1.0982367758186398,0.9269521410579344,0.9363207547169812,1.0614973262032086,-0.0451861204573582,0.8423983885264796,-0.3037416169745134,2.778823229819627,-0.2857491243233013,2.780826844024323,2026,0.4,0.5,0.5,0.5,1.0,-9.0,62.0,0.3333333333333333,0.5454545454545454,61.14718614718615,59.54545454545455,85.83874458874459,163.8961038961039,74.13690476190476,0.0,0.0,0.0,1.0,1.0,team2,proxy
910000003,KKR,LSG,38.01374772570424,23.086309523809522,11.136363636363637,8.5,0.0,0.0,126.71249241901415,76.95436507936508,4.50219326128417,8.091703088578088,119.0,125.0,Kolkata,2026-04-09,0.6,0.8,0.0,0.5,0.0,1.056354633341193,0.8441405328931855,0.932418699186992,0.8727134146341464,1.06025,1.0432964329643295,0.946153846153846,1.2862745098039214,0.9728073535044044,0.9060567926902664,1.1032745591939546,0.8722562072688017,0.9363207547169812,1.0025252525252526,-0.1527721215463077,-1.373873233905892,-0.6213392072502736,-0.2694908964545788,-0.6264797874730375,-0.2702613669074044,2026,0.2,0.5,0.5,0.5,1.0,-11.0,14.5,0.45454545454545453,0.4166666666666667,65.93614718614718,38.556166056166056,110.30303030303031,72.20182809966091,35.60606060606061,34.72222222222222,0.0,0.0,1.0,1.0,team2,proxy
910000002,DC,GT,17.038974567099565,32.39104156032055,9.333333333333334,12.454545454545455,0.0,0.0,56.796581890331886,107.97013853440185,4.697615578865579,6.539102252471236,151.0,134.0,Delhi,2026-04-10,0.3,0.2,0.5,0.5,0.0,1.0,0.9372789436453666,1.0492886178861789,0.9051067073170732,1.0318734793187347,0.9471803461753212,1.0,0.8717607973421926,0.9766373037150518,0.9766373037150518,1.0377833753148615,0.7506297229219143,1.1408045977011496,0.7324723247232473,-0.098979121001832,-0.8117363782161273,-0.2539223871273355,-0.1122489522494228,-0.2547736094915072,-0.1231276714563818,2026,0.8,0.5,0.5,0.0,0.0,-8.5,-12.0,0.4166666666666667,0.45454545454545453,33.17040598290598,46.86147186147186,51.330128205128204,124.46797520661157,79.44444444444444,47.83549783549783,0.0,0.0,1.0,1.0,team1,proxy
910000004,RCB,RR,31.28794412501843,32.1814935064935,14.583333333333334,12.363636363636363,0.0,0.0,104.29314708339477,107.27164502164501,4.783276772247361,6.296408671542361,125.0,123.0,Guwahati,2026-04-10,1.0,0.2,0.5,0.0,0.0,1.0964395189813725,0.9738269276114124,1.1242378048780488,0.8663617886178863,1.1131233595800525,1.0471604938271606,0.954181818181818,1.0040816326530613,0.9536576024511682,1.0570662581386443,0.9269521410579344,0.801007556675063,1.0614973262032086,0.8822222222222222,0.8423983885264796,-0.8090467281889042,2.778823229819627,0.0014011658394522,2.780826844024323,-0.0069694908371532,2026,0.4,0.5,0.5,1.0,0.5,47.5,1.0,0.25,0.45454545454545453,44.842171717171716,41.52097902097901,123.84156692980223,66.4349376114082,40.909090909090914,40.90909090909091,0.0,0.0,1.0,1.0,team1,proxy
910000005,PBKS,SRH,39.306324802648334,34.97516025641025,12.545454545454545,9.513888888888888,0.0,0.0,131.02108267549445,116.58386752136751,4.505184585796041,7.853940667175961,149.0,148.0,Mullanpur,2026-04-11,0.5,0.6,1.0,0.5,0.0,1.4147606696533837,1.0176171388149695,1.1070884146341464,1.0,1.0061684460260971,1.0,1.0330708661417325,0.94680412371134,1.167368824205285,0.9257536794878808,1.1002518891687656,1.2004318100035984,0.9452380952380952,1.3703155818540436,2.222188852492264,-0.098979121001832,-0.2383538778000923,-0.2539223871273355,-0.23928585207561,-0.2547736094915072,2026,0.8,0.5,0.5,1.0,0.3333333333333333,20.0,-15.0,0.5454545454545454,0.5,47.61292999929364,48.84259259259259,77.08333333333333,86.5492724867725,103.03030303030305,90.5059523809524,0.0,0.0,1.0,1.0,team1,proxy
910000006,CSK,DC,32.20670168067227,20.138842799225863,8.85,10.694444444444445,0.0,0.0,107.35567226890757,67.12947599741955,6.510988455988456,4.146012457041869,140.0,145.0,Chennai,2026-04-11,0.6,0.3,0.0,0.5,0.0,0.954963452016034,1.0,1.0670731707317074,1.0492886178861789,0.8863113897596657,1.0318734793187347,0.954181818181818,1.0,1.068556108770586,0.9766373037150518,1.0982367758186398,1.0377833753148615,0.9363207547169812,1.1408045977011496,-0.0451861204573582,-0.098979121001832,-0.3037416169745134,-0.2539223871273355,-0.2857491243233013,-0.2547736094915072,2026,0.6,0.5,0.5,0.3333333333333333,0.3333333333333333,-17.0,0.0,0.6,0.4166666666666667,37.695526695526695,36.72008547008547,85.22619047619048,68.27101139601139,78.33928571428571,99.1137566137566,0.0,0.0,1.0,1.0,team2,proxy
910000007,GT,LSG,33.54696545136654,24.625684364654955,12.7,9.152777777777779,0.0,0.0,111.82321817122181,82.08561454884985,7.166636332363886,7.443163780663781,88.0,114.0,Lucknow,2026-04-11,0.2,0.8,0.5,1.0,0.0,0.9372789436453666,0.8441405328931855,0.9051067073170732,0.8727134146341464,0.9471803461753212,1.0432964329643295,0.8717607973421926,1.2862745098039214,0.9766373037150518,0.9060567926902664,0.7506297229219143,0.8722562072688017,0.7324723247232473,1.0025252525252526,-0.8117363782161273,-1.373873233905892,-0.1122489522494228,-0.2694908964545788,-0.1231276714563818,-0.2702613669074044,2026,0.4,0.5,0.5,0.0,1.0,-13.666666666666666,11.666666666666666,0.5,0.3333333333333333,52.61002886002886,46.19022181522181,130.07413419913422,71.20916568381739,56.23809523809524,45.94017094017094,0.0,0.0,1.0,1.0,team2,proxy
910000009,MI,RCB,31.671061124865474,31.69733774996933,12.0,9.318181818181818,0.0,0.0,105.57020374955158,105.65779249989777,5.564186507936508,6.883741748447631,147.0,163.0,Mumbai,2026-04-11,0.2,1.0,0.0,0.5,0.0,0.9195944352746992,1.0964395189813725,1.1928353658536586,1.1242378048780488,0.8315686274509805,1.1131233595800525,1.2148148148148148,0.954181818181818,1.061662198391421,0.9536576024511682,1.1365239294710328,0.9269521410579344,1.2822997416020672,1.0614973262032086,0.3259855832995194,0.8423983885264796,-0.7272050706755269,2.778823229819627,-0.7194063319684201,2.780826844024323,2026,0.6,0.5,0.5,0.0,1.0,-3.5,32.333333333333336,0.4166666666666667,0.45454545454545453,44.48991402116402,35.44077134986225,109.31712962962963,96.10790060550826,56.80555555555555,64.43329397874854,0.0,0.0,1.0,1.0,team2,proxy
910000010,RR,SRH,24.215805581491857,31.067011981074483,10.444444444444445,10.041666666666666,0.0,0.0,80.71935193830619,103.55670660358162,5.531231668228572,5.657915817842288,105.0,150.0,Hyderabad,2026-04-13,0.2,0.4,0.5,0.0,0.0,0.9738269276114124,1.0176171388149695,0.8663617886178863,1.0,1.0471604938271606,1.0,1.0040816326530613,0.94680412371134,1.0570662581386443,0.9257536794878808,0.801007556675063,1.2004318100035984,0.8822222222222222,1.3703155818540436,-0.8090467281889042,-0.098979121001832,0.0014011658394522,-0.2539223871273355,-0.0069694908371532,-0.2547736094915072,2026,0.3,0.5,0.5,0.3333333333333333,0.25,0.0,-11.5,0.4166666666666667,0.4166666666666667,54.54961704961705,53.356481481481474,62.86083877995643,93.71159681821446,36.11111111111111,75.3505291005291,0.0,0.0,1.0,1.0,team2,proxy
910000011,CSK,KKR,33.568751591545706,41.057012499041484,10.041666666666666,12.333333333333334,0.0,0.0,111.8958386384857,136.85670833013828,7.49352274402584,6.067134911871754,120.0,118.0,Chennai,2026-04-14,0.4,0.4,0.0,0.5,0.0,0.954963452016034,1.056354633341193,1.0670731707317074,0.932418699186992,0.8863113897596657,1.06025,0.954181818181818,0.946153846153846,1.068556108770586,0.9728073535044044,1.0982367758186398,1.1032745591939546,0.9363207547169812,0.9363207547169812,-0.0451861204573582,-0.1527721215463077,-0.3037416169745134,-0.6213392072502736,-0.2857491243233013,-0.6264797874730375,2026,0.2,0.5,0.5,0.25,0.3333333333333333,-14.0,-9.333333333333334,0.5,0.4166666666666667,51.7096792096792,57.153880070546734,99.69246031746032,118.69483525733527,95.01984126984127,82.0436507936508,0.0,0.0,1.0,1.0,team1,proxy
910000012,LSG,RCB,35.493072797300734,37.34238339471211,10.013888888888888,14.076388888888888,0.0,0.0,118.31024265766912,124.47461131570702,8.293142447829949,7.142989118724413,114.0,96.0,Bengaluru,2026-04-15,0.8,1.0,0.5,1.0,0.0,0.8441405328931855,1.0964395189813725,0.8727134146341464,1.1242378048780488,1.0432964329643295,1.1131233595800525,1.2862745098039214,0.954181818181818,0.9060567926902664,0.9536576024511682,0.8722562072688017,0.9269521410579344,1.0025252525252526,1.0614973262032086,-1.373873233905892,0.8423983885264796,-0.2694908964545788,2.778823229819627,-0.2702613669074044,2.780826844024323,2026,0.4,0.5,0.5,1.0,1.0,15.25,28.25,0.3333333333333333,0.4166666666666667,50.342071123321126,48.97201178451178,73.50956153660294,143.65686858720915,76.77096052096051,74.93409368409368,0.0,0.0,1.0,1.0,team1,proxy
910000013,MI,PBKS,24.875448716851878,41.935347722751814,10.227272727272727,12.666666666666668,0.0,0.0,82.91816238950626,139.7844924091727,5.529664289958408,6.859206196280499,121.0,117.0,Mumbai,2026-04-16,0.2,0.7,0.0,0.5,0.0,0.9195944352746992,1.4147606696533837,1.1928353658536586,1.1070884146341464,0.8315686274509805,1.0061684460260971,1.2148148148148148,1.0330708661417325,1.061662198391421,1.167368824205285,1.1365239294710328,1.1002518891687656,1.2822997416020672,0.9452380952380952,0.3259855832995194,2.222188852492264,-0.7272050706755269,-0.2383538778000923,-0.7194063319684201,-0.23928585207561,2026,0.5,0.5,0.5,0.0,1.0,-7.666666666666667,13.666666666666666,0.36363636363636365,0.5454545454545454,34.00765900765901,51.147547738456836,76.91627816627816,91.67331206804892,63.86363636363637,129.16666666666669,0.0,0.0,1.0,1.0,team1,proxy
910000014,GT,KKR,35.044469112477145,34.577887440659175,11.1875,10.888888888888888,0.0,0.0,116.81489704159048,115.25962480219727,5.671918697702367,5.922279949582581,123.0,145.0,Ahmedabad,2026-04-17,0.2,0.2,0.7288888888888888,0.5,0.0,0.9372789436453666,1.056354633341193,0.9051067073170732,0.932418699186992,0.9471803461753212,1.06025,0.8717607973421926,0.946153846153846,0.9766373037150518,0.9728073535044044,0.7506297229219143,1.1032745591939546,0.7324723247232473,0.9363207547169812,-0.8117363782161273,-0.1527721215463077,-0.1122489522494228,-0.6213392072502736,-0.1231276714563818,-0.6264797874730375,2026,0.5,0.5,0.5,0.0,0.25,-16.75,-7.5,0.4166666666666667,0.3333333333333333,43.47768358185025,53.683311287477956,125.16786165223665,115.65596440596441,69.14021164021163,93.2936507936508,0.0,0.0,1.0,1.0,team2,proxy
910000015,DC,RCB,29.129505420281628,37.057029965069404,10.729166666666666,12.7125,0.0,0.0,97.09835140093877,123.52343321689801,5.36010458087664,6.850225712754738,119.0,122.0,Bengaluru,2026-04-18,0.5,0.8,0.5,0.5,0.0,1.0,1.0964395189813725,1.0492886178861789,1.1242378048780488,1.0318734793187347,1.1131233595800525,1.0,0.954181818181818,0.9766373037150518,0.9536576024511682,1.0377833753148615,0.9269521410579344,1.1408045977011496,1.0614973262032086,-0.098979121001832,0.8423983885264796,-0.2539223871273355,2.778823229819627,-0.2547736094915072,2.780826844024323,2026,0.6,0.5,0.5,0.5,0.8,1.25,19.0,0.4166666666666667,0.4166666666666667,48.134199905033235,47.70075757575757,91.74531101614434,144.67493823685774,106.81051587301586,74.93409368409368,0.0,0.0,1.0,1.0,team2,proxy
910000016,CSK,SRH,38.3201826561811,31.46172924297924,12.279166666666667,11.358333333333334,0.0,0.0,127.73394218727036,104.8724308099308,6.034550701276707,5.349978354978354,121.0,133.0,Hyderabad,2026-04-18,0.4,0.4,0.5,0.5,0.0,0.954963452016034,1.0176171388149695,1.0670731707317074,1.0,0.8863113897596657,1.0,0.954181818181818,0.94680412371134,1.068556108770586,0.9257536794878808,1.0982367758186398,1.2004318100035984,0.9363207547169812,1.3703155818540436,-0.0451861204573582,-0.098979121001832,-0.3037416169745134,-0.2539223871273355,-0.2857491243233013,-0.2547736094915072,2026,0.8,0.5,0.5,0.4,0.4,-10.8,-0.2,0.25,0.25,58.981785575535575,63.81028693528693,113.39183964183964,92.95867000646412,100.8234126984127,68.62058080808082,0.0,0.0,1.0,1.0,team2,proxy
910000017,KKR,RR,37.43879999776738,23.695603277542897,12.31111111111111,9.517857142857142,0.0,0.0,124.79599999255795,78.98534425847633,6.5000870886939,4.048971226326379,123.0,110.0,Kolkata,2026-04-18,0.4,0.2,0.0,0.5,0.0,1.056354633341193,0.9738269276114124,0.932418699186992,0.8663617886178863,1.06025,1.0471604938271606,0.946153846153846,1.0040816326530613,0.9728073535044044,1.0570662581386443,1.1032745591939546,0.801007556675063,0.9363207547169812,0.8822222222222222,-0.1527721215463077,-0.8090467281889042,-0.6213392072502736,0.0014011658394522,-0.6264797874730375,-0.0069694908371532,2026,0.4,0.5,0.5,0.4,0.25,-1.6,-11.25,0.3333333333333333,0.35714285714285715,69.20183982683983,70.78189667475382,127.3399921837422,75.56112188465129,104.7718253968254,34.523809523809526,0.0,0.0,1.0,1.0,team1,proxy
910000018,LSG,PBKS,26.579834054834055,39.98861502769751,8.141666666666667,9.848484848484848,0.0,0.0,88.59944684944685,133.29538342565837,5.204955044955045,7.1521968550025825,120.0,194.0,Mullanpur,2026-04-20,1.0,0.6,0.5,1.0,0.0,0.8441405328931855,1.4147606696533837,0.8727134146341464,1.1070884146341464,1.0432964329643295,1.0061684460260971,1.2862745098039214,1.0330708661417325,0.9060567926902664,1.167368824205285,0.8722562072688017,1.1002518891687656,1.0025252525252526,0.9452380952380952,-1.373873233905892,2.222188852492264,-0.2694908964545788,-0.2383538778000923,-0.2702613669074044,-0.23928585207561,2026,0.4,0.5,0.5,1.0,0.75,15.8,9.25,0.4166666666666667,0.45454545454545453,50.16468253968254,55.696386946386944,63.4089738234475,88.93022127172844,43.43470187220188,123.10606060606061,0.0,0.0,1.0,1.0,team2,proxy
910000020,GT,MI,34.87783560319791,26.630122918605974,11.080555555555556,12.513888888888888,0.0,0.0,116.2594520106597,88.76707639535324,5.622095317393305,4.004479538027332,74.0,136.0,Ahmedabad,2026-04-21,0.0,0.4,0.6559999999999999,0.5,0.0,0.9372789436453666,0.9195944352746992,0.9051067073170732,1.1928353658536586,0.9471803461753212,0.8315686274509805,0.8717607973421926,1.2148148148148148,0.9766373037150518,1.061662198391421,0.7506297229219143,1.1365239294710328,0.7324723247232473,1.2822997416020672,-0.8117363782161273,0.3259855832995194,-0.1122489522494228,-0.7272050706755269,-0.1231276714563818,-0.7194063319684201,2026,0.8,0.5,0.5,0.0,0.25,-17.8,-4.75,0.3333333333333333,0.4166666666666667,48.187379749879746,38.85582010582011,124.36604313442548,87.14783741131781,78.0109126984127,90.0925925925926,0.0,0.0,1.0,1.0,team2,proxy
910000021,DC,SRH,34.32575000156653,29.873031135531132,12.247222222222222,11.3,0.0,0.0,114.41916667188845,99.57677045177044,4.434539169980346,7.284249809014514,143.0,164.0,Hyderabad,2026-04-22,0.5,0.6,0.5,0.6666666666666666,0.0,1.0,1.0176171388149695,1.0492886178861789,1.0,1.0318734793187347,1.0,1.0,0.94680412371134,0.9766373037150518,0.9257536794878808,1.0377833753148615,1.2004318100035984,1.1408045977011496,1.3703155818540436,-0.098979121001832,-0.098979121001832,-0.2539223871273355,-0.2539223871273355,-0.2547736094915072,-0.2547736094915072,2026,0.6,0.5,0.5,0.4,0.5,0.4,1.8333333333333333,0.4166666666666667,0.6,57.18251424501424,45.211233211233214,109.00654804300638,74.64571841557135,105.32407407407408,63.51190476190476,0.0,0.0,1.0,1.0,team2,proxy
910000022,LSG,RR,26.531709956709953,27.510600185876598,8.966666666666667,9.753846153846153,0.0,0.0,88.43903318903318,91.70200061958866,7.169412462537462,4.561102355742746,84.0,112.0,Lucknow,2026-04-23,0.8,0.2,1.0,0.5,0.0,0.8441405328931855,0.9738269276114124,0.8727134146341464,0.8663617886178863,1.0432964329643295,1.0471604938271606,1.2862745098039214,1.0040816326530613,0.9060567926902664,1.0570662581386443,0.8722562072688017,0.801007556675063,1.0025252525252526,0.8822222222222222,-1.373873233905892,-0.8090467281889042,-0.2694908964545788,0.0014011658394522,-0.2702613669074044,-0.0069694908371532,2026,0.2,0.5,0.5,0.8333333333333334,0.2,0.8333333333333334,-11.6,0.4166666666666667,0.38461538461538464,55.798541736041734,77.82503820965358,65.08464169237196,78.54070326355394,49.56257631257631,52.82051282051282,0.0,0.0,1.0,1.0,team2,proxy
